[2026-07-21 09:39:02] local.ERROR: Route [login] not defined. {"exception":"[object] (Symfony\\Component\\Routing\\Exception\\RouteNotFoundException(code: 0): Route [login] not defined. at /home/rouqy-jewellery-api-faz/htdocs/api-faz.rouqy-jewellery.com/vendor/laravel/framework/src/Illuminate/Routing/UrlGenerator.php:534)
[stacktrace]
#0 /home/rouqy-jewellery-api-faz/htdocs/api-faz.rouqy-jewellery.com/vendor/laravel/framework/src/Illuminate/Foundation/helpers.php(870): Illuminate\\Routing\\UrlGenerator->route()
#1 /home/rouqy-jewellery-api-faz/htdocs/api-faz.rouqy-jewellery.com/vendor/laravel/framework/src/Illuminate/Foundation/Configuration/ApplicationBuilder.php(278): route()
#2 [internal function]: Illuminate\\Foundation\\Configuration\\ApplicationBuilder->Illuminate\\Foundation\\Configuration\\{closure}()
#3 /home/rouqy-jewellery-api-faz/htdocs/api-faz.rouqy-jewellery.com/vendor/laravel/framework/src/Illuminate/Auth/Middleware/Authenticate.php(117): call_user_func()
#4 /home/rouqy-jewellery-api-faz/htdocs/api-faz.rouqy-jewellery.com/vendor/laravel/framework/src/Illuminate/Auth/Middleware/Authenticate.php(104): Illuminate\\Auth\\Middleware\\Authenticate->redirectTo()
#5 /home/rouqy-jewellery-api-faz/htdocs/api-faz.rouqy-jewellery.com/vendor/laravel/framework/src/Illuminate/Auth/Middleware/Authenticate.php(87): Illuminate\\Auth\\Middleware\\Authenticate->unauthenticated()
#6 /home/rouqy-jewellery-api-faz/htdocs/api-faz.rouqy-jewellery.com/vendor/laravel/framework/src/Illuminate/Auth/Middleware/Authenticate.php(61): Illuminate\\Auth\\Middleware\\Authenticate->authenticate()
#7 /home/rouqy-jewellery-api-faz/htdocs/api-faz.rouqy-jewellery.com/vendor/laravel/framework/src/Illuminate/Pipeline/Pipeline.php(219): Illuminate\\Auth\\Middleware\\Authenticate->handle()
#8 /home/rouqy-jewellery-api-faz/htdocs/api-faz.rouqy-jewellery.com/vendor/laravel/framework/src/Illuminate/Pipeline/Pipeline.php(137): Illuminate\\Pipeline\\Pipeline->Illuminate\\Pipeline\\{closure}()
#9 /home/rouqy-jewellery-api-faz/htdocs/api-faz.rouqy-jewellery.com/vendor/laravel/framework/src/Illuminate/Routing/Router.php(821): Illuminate\\Pipeline\\Pipeline->then()
#10 /home/rouqy-jewellery-api-faz/htdocs/api-faz.rouqy-jewellery.com/vendor/laravel/framework/src/Illuminate/Routing/Router.php(800): Illuminate\\Routing\\Router->runRouteWithinStack()
#11 /home/rouqy-jewellery-api-faz/htdocs/api-faz.rouqy-jewellery.com/vendor/laravel/framework/src/Illuminate/Routing/Router.php(764): Illuminate\\Routing\\Router->runRoute()
#12 /home/rouqy-jewellery-api-faz/htdocs/api-faz.rouqy-jewellery.com/vendor/laravel/framework/src/Illuminate/Routing/Router.php(753): Illuminate\\Routing\\Router->dispatchToRoute()
#13 /home/rouqy-jewellery-api-faz/htdocs/api-faz.rouqy-jewellery.com/vendor/laravel/framework/src/Illuminate/Foundation/Http/Kernel.php(200): Illuminate\\Routing\\Router->dispatch()
#14 /home/rouqy-jewellery-api-faz/htdocs/api-faz.rouqy-jewellery.com/vendor/laravel/framework/src/Illuminate/Pipeline/Pipeline.php(180): Illuminate\\Foundation\\Http\\Kernel->Illuminate\\Foundation\\Http\\{closure}()
#15 /home/rouqy-jewellery-api-faz/htdocs/api-faz.rouqy-jewellery.com/vendor/laravel/framework/src/Illuminate/Foundation/Http/Middleware/TransformsRequest.php(21): Illuminate\\Pipeline\\Pipeline->Illuminate\\Pipeline\\{closure}()
#16 /home/rouqy-jewellery-api-faz/htdocs/api-faz.rouqy-jewellery.com/vendor/laravel/framework/src/Illuminate/Foundation/Http/Middleware/ConvertEmptyStringsToNull.php(31): Illuminate\\Foundation\\Http\\Middleware\\TransformsRequest->handle()
#17 /home/rouqy-jewellery-api-faz/htdocs/api-faz.rouqy-jewellery.com/vendor/laravel/framework/src/Illuminate/Pipeline/Pipeline.php(219): Illuminate\\Foundation\\Http\\Middleware\\ConvertEmptyStringsToNull->handle()
#18 /home/rouqy-jewellery-api-faz/htdocs/api-faz.rouqy-jewellery.com/vendor/laravel/framework/src/Illuminate/Foundation/Http/Middleware/TransformsRequest.php(21): Illuminate\\Pipeline\\Pipeline->Illuminate\\Pipeline\\{closure}()
#19 /home/rouqy-jewellery-api-faz/htdocs/api-faz.rouqy-jewellery.com/vendor/laravel/framework/src/Illuminate/Foundation/Http/Middleware/TrimStrings.php(51): Illuminate\\Foundation\\Http\\Middleware\\TransformsRequest->handle()
#20 /home/rouqy-jewellery-api-faz/htdocs/api-faz.rouqy-jewellery.com/vendor/laravel/framework/src/Illuminate/Pipeline/Pipeline.php(219): Illuminate\\Foundation\\Http\\Middleware\\TrimStrings->handle()
#21 /home/rouqy-jewellery-api-faz/htdocs/api-faz.rouqy-jewellery.com/vendor/laravel/framework/src/Illuminate/Http/Middleware/ValidatePostSize.php(27): Illuminate\\Pipeline\\Pipeline->Illuminate\\Pipeline\\{closure}()
#22 /home/rouqy-jewellery-api-faz/htdocs/api-faz.rouqy-jewellery.com/vendor/laravel/framework/src/Illuminate/Pipeline/Pipeline.php(219): Illuminate\\Http\\Middleware\\ValidatePostSize->handle()
#23 /home/rouqy-jewellery-api-faz/htdocs/api-faz.rouqy-jewellery.com/vendor/laravel/framework/src/Illuminate/Foundation/Http/Middleware/PreventRequestsDuringMaintenance.php(109): Illuminate\\Pipeline\\Pipeline->Illuminate\\Pipeline\\{closure}()
#24 /home/rouqy-jewellery-api-faz/htdocs/api-faz.rouqy-jewellery.com/vendor/laravel/framework/src/Illuminate/Pipeline/Pipeline.php(219): Illuminate\\Foundation\\Http\\Middleware\\PreventRequestsDuringMaintenance->handle()
#25 /home/rouqy-jewellery-api-faz/htdocs/api-faz.rouqy-jewellery.com/vendor/laravel/framework/src/Illuminate/Http/Middleware/HandleCors.php(74): Illuminate\\Pipeline\\Pipeline->Illuminate\\Pipeline\\{closure}()
#26 /home/rouqy-jewellery-api-faz/htdocs/api-faz.rouqy-jewellery.com/vendor/laravel/framework/src/Illuminate/Pipeline/Pipeline.php(219): Illuminate\\Http\\Middleware\\HandleCors->handle()
#27 /home/rouqy-jewellery-api-faz/htdocs/api-faz.rouqy-jewellery.com/vendor/laravel/framework/src/Illuminate/Http/Middleware/TrustProxies.php(58): Illuminate\\Pipeline\\Pipeline->Illuminate\\Pipeline\\{closure}()
#28 /home/rouqy-jewellery-api-faz/htdocs/api-faz.rouqy-jewellery.com/vendor/laravel/framework/src/Illuminate/Pipeline/Pipeline.php(219): Illuminate\\Http\\Middleware\\TrustProxies->handle()
#29 /home/rouqy-jewellery-api-faz/htdocs/api-faz.rouqy-jewellery.com/vendor/laravel/framework/src/Illuminate/Foundation/Http/Middleware/InvokeDeferredCallbacks.php(22): Illuminate\\Pipeline\\Pipeline->Illuminate\\Pipeline\\{closure}()
#30 /home/rouqy-jewellery-api-faz/htdocs/api-faz.rouqy-jewellery.com/vendor/laravel/framework/src/Illuminate/Pipeline/Pipeline.php(219): Illuminate\\Foundation\\Http\\Middleware\\InvokeDeferredCallbacks->handle()
#31 /home/rouqy-jewellery-api-faz/htdocs/api-faz.rouqy-jewellery.com/vendor/laravel/framework/src/Illuminate/Http/Middleware/ValidatePathEncoding.php(26): Illuminate\\Pipeline\\Pipeline->Illuminate\\Pipeline\\{closure}()
#32 /home/rouqy-jewellery-api-faz/htdocs/api-faz.rouqy-jewellery.com/vendor/laravel/framework/src/Illuminate/Pipeline/Pipeline.php(219): Illuminate\\Http\\Middleware\\ValidatePathEncoding->handle()
#33 /home/rouqy-jewellery-api-faz/htdocs/api-faz.rouqy-jewellery.com/vendor/laravel/framework/src/Illuminate/Pipeline/Pipeline.php(137): Illuminate\\Pipeline\\Pipeline->Illuminate\\Pipeline\\{closure}()
#34 /home/rouqy-jewellery-api-faz/htdocs/api-faz.rouqy-jewellery.com/vendor/laravel/framework/src/Illuminate/Foundation/Http/Kernel.php(175): Illuminate\\Pipeline\\Pipeline->then()
#35 /home/rouqy-jewellery-api-faz/htdocs/api-faz.rouqy-jewellery.com/vendor/laravel/framework/src/Illuminate/Foundation/Http/Kernel.php(144): Illuminate\\Foundation\\Http\\Kernel->sendRequestThroughRouter()
#36 /home/rouqy-jewellery-api-faz/htdocs/api-faz.rouqy-jewellery.com/vendor/laravel/framework/src/Illuminate/Foundation/Application.php(1220): Illuminate\\Foundation\\Http\\Kernel->handle()
#37 /home/rouqy-jewellery-api-faz/htdocs/api-faz.rouqy-jewellery.com/public/index.php(20): Illuminate\\Foundation\\Application->handleRequest()
#38 {main}
"} 
[2026-07-21 10:54:31] local.ERROR: company_certificate_not_ready {"exception":"[object] (RuntimeException(code: 0): company_certificate_not_ready at /home/rouqy-jewellery-api-faz/htdocs/api-faz.rouqy-jewellery.com/app/Services/Zatca/ZatcaInvoiceSigningService.php:36)
[stacktrace]
#0 /home/rouqy-jewellery-api-faz/htdocs/api-faz.rouqy-jewellery.com/app/Services/Zatca/ZatcaInvoiceProcessingService.php(63): App\\Services\\Zatca\\ZatcaInvoiceSigningService->sign()
#1 /home/rouqy-jewellery-api-faz/htdocs/api-faz.rouqy-jewellery.com/app/Jobs/SignInvoiceXmlJob.php(34): App\\Services\\Zatca\\ZatcaInvoiceProcessingService->signInvoice()
#2 /home/rouqy-jewellery-api-faz/htdocs/api-faz.rouqy-jewellery.com/vendor/laravel/framework/src/Illuminate/Container/BoundMethod.php(36): App\\Jobs\\SignInvoiceXmlJob->handle()
#3 /home/rouqy-jewellery-api-faz/htdocs/api-faz.rouqy-jewellery.com/vendor/laravel/framework/src/Illuminate/Container/Util.php(43): Illuminate\\Container\\BoundMethod::{closure:Illuminate\\Container\\BoundMethod::call():35}()
#4 /home/rouqy-jewellery-api-faz/htdocs/api-faz.rouqy-jewellery.com/vendor/laravel/framework/src/Illuminate/Container/BoundMethod.php(96): Illuminate\\Container\\Util::unwrapIfClosure()
#5 /home/rouqy-jewellery-api-faz/htdocs/api-faz.rouqy-jewellery.com/vendor/laravel/framework/src/Illuminate/Container/BoundMethod.php(35): Illuminate\\Container\\BoundMethod::callBoundMethod()
#6 /home/rouqy-jewellery-api-faz/htdocs/api-faz.rouqy-jewellery.com/vendor/laravel/framework/src/Illuminate/Container/Container.php(799): Illuminate\\Container\\BoundMethod::call()
#7 /home/rouqy-jewellery-api-faz/htdocs/api-faz.rouqy-jewellery.com/vendor/laravel/framework/src/Illuminate/Bus/Dispatcher.php(129): Illuminate\\Container\\Container->call()
#8 /home/rouqy-jewellery-api-faz/htdocs/api-faz.rouqy-jewellery.com/vendor/laravel/framework/src/Illuminate/Pipeline/Pipeline.php(180): Illuminate\\Bus\\Dispatcher->{closure:Illuminate\\Bus\\Dispatcher::dispatchNow():126}()
#9 /home/rouqy-jewellery-api-faz/htdocs/api-faz.rouqy-jewellery.com/vendor/laravel/framework/src/Illuminate/Pipeline/Pipeline.php(137): Illuminate\\Pipeline\\Pipeline->{closure:Illuminate\\Pipeline\\Pipeline::prepareDestination():178}()
#10 /home/rouqy-jewellery-api-faz/htdocs/api-faz.rouqy-jewellery.com/vendor/laravel/framework/src/Illuminate/Bus/Dispatcher.php(133): Illuminate\\Pipeline\\Pipeline->then()
#11 /home/rouqy-jewellery-api-faz/htdocs/api-faz.rouqy-jewellery.com/vendor/laravel/framework/src/Illuminate/Queue/CallQueuedHandler.php(136): Illuminate\\Bus\\Dispatcher->dispatchNow()
#12 /home/rouqy-jewellery-api-faz/htdocs/api-faz.rouqy-jewellery.com/vendor/laravel/framework/src/Illuminate/Pipeline/Pipeline.php(180): Illuminate\\Queue\\CallQueuedHandler->{closure:Illuminate\\Queue\\CallQueuedHandler::dispatchThroughMiddleware():129}()
#13 /home/rouqy-jewellery-api-faz/htdocs/api-faz.rouqy-jewellery.com/vendor/laravel/framework/src/Illuminate/Pipeline/Pipeline.php(137): Illuminate\\Pipeline\\Pipeline->{closure:Illuminate\\Pipeline\\Pipeline::prepareDestination():178}()
#14 /home/rouqy-jewellery-api-faz/htdocs/api-faz.rouqy-jewellery.com/vendor/laravel/framework/src/Illuminate/Queue/CallQueuedHandler.php(129): Illuminate\\Pipeline\\Pipeline->then()
#15 /home/rouqy-jewellery-api-faz/htdocs/api-faz.rouqy-jewellery.com/vendor/laravel/framework/src/Illuminate/Queue/CallQueuedHandler.php(70): Illuminate\\Queue\\CallQueuedHandler->dispatchThroughMiddleware()
#16 /home/rouqy-jewellery-api-faz/htdocs/api-faz.rouqy-jewellery.com/vendor/laravel/framework/src/Illuminate/Queue/Jobs/Job.php(102): Illuminate\\Queue\\CallQueuedHandler->call()
#17 /home/rouqy-jewellery-api-faz/htdocs/api-faz.rouqy-jewellery.com/vendor/laravel/framework/src/Illuminate/Queue/Worker.php(504): Illuminate\\Queue\\Jobs\\Job->fire()
#18 /home/rouqy-jewellery-api-faz/htdocs/api-faz.rouqy-jewellery.com/vendor/laravel/framework/src/Illuminate/Queue/Worker.php(454): Illuminate\\Queue\\Worker->process()
#19 /home/rouqy-jewellery-api-faz/htdocs/api-faz.rouqy-jewellery.com/vendor/laravel/framework/src/Illuminate/Queue/Worker.php(212): Illuminate\\Queue\\Worker->runJob()
#20 /home/rouqy-jewellery-api-faz/htdocs/api-faz.rouqy-jewellery.com/vendor/laravel/framework/src/Illuminate/Queue/Console/WorkCommand.php(149): Illuminate\\Queue\\Worker->daemon()
#21 /home/rouqy-jewellery-api-faz/htdocs/api-faz.rouqy-jewellery.com/vendor/laravel/framework/src/Illuminate/Queue/Console/WorkCommand.php(132): Illuminate\\Queue\\Console\\WorkCommand->runWorker()
#22 /home/rouqy-jewellery-api-faz/htdocs/api-faz.rouqy-jewellery.com/vendor/laravel/framework/src/Illuminate/Container/BoundMethod.php(36): Illuminate\\Queue\\Console\\WorkCommand->handle()
#23 /home/rouqy-jewellery-api-faz/htdocs/api-faz.rouqy-jewellery.com/vendor/laravel/framework/src/Illuminate/Container/Util.php(43): Illuminate\\Container\\BoundMethod::{closure:Illuminate\\Container\\BoundMethod::call():35}()
#24 /home/rouqy-jewellery-api-faz/htdocs/api-faz.rouqy-jewellery.com/vendor/laravel/framework/src/Illuminate/Container/BoundMethod.php(96): Illuminate\\Container\\Util::unwrapIfClosure()
#25 /home/rouqy-jewellery-api-faz/htdocs/api-faz.rouqy-jewellery.com/vendor/laravel/framework/src/Illuminate/Container/BoundMethod.php(35): Illuminate\\Container\\BoundMethod::callBoundMethod()
#26 /home/rouqy-jewellery-api-faz/htdocs/api-faz.rouqy-jewellery.com/vendor/laravel/framework/src/Illuminate/Container/Container.php(799): Illuminate\\Container\\BoundMethod::call()
#27 /home/rouqy-jewellery-api-faz/htdocs/api-faz.rouqy-jewellery.com/vendor/laravel/framework/src/Illuminate/Console/Command.php(211): Illuminate\\Container\\Container->call()
#28 /home/rouqy-jewellery-api-faz/htdocs/api-faz.rouqy-jewellery.com/vendor/symfony/console/Command/Command.php(341): Illuminate\\Console\\Command->execute()
#29 /home/rouqy-jewellery-api-faz/htdocs/api-faz.rouqy-jewellery.com/vendor/laravel/framework/src/Illuminate/Console/Command.php(180): Symfony\\Component\\Console\\Command\\Command->run()
#30 /home/rouqy-jewellery-api-faz/htdocs/api-faz.rouqy-jewellery.com/vendor/symfony/console/Application.php(1117): Illuminate\\Console\\Command->run()
#31 /home/rouqy-jewellery-api-faz/htdocs/api-faz.rouqy-jewellery.com/vendor/symfony/console/Application.php(356): Symfony\\Component\\Console\\Application->doRunCommand()
#32 /home/rouqy-jewellery-api-faz/htdocs/api-faz.rouqy-jewellery.com/vendor/symfony/console/Application.php(195): Symfony\\Component\\Console\\Application->doRun()
#33 /home/rouqy-jewellery-api-faz/htdocs/api-faz.rouqy-jewellery.com/vendor/laravel/framework/src/Illuminate/Foundation/Console/Kernel.php(198): Symfony\\Component\\Console\\Application->run()
#34 /home/rouqy-jewellery-api-faz/htdocs/api-faz.rouqy-jewellery.com/vendor/laravel/framework/src/Illuminate/Foundation/Application.php(1235): Illuminate\\Foundation\\Console\\Kernel->handle()
#35 /home/rouqy-jewellery-api-faz/htdocs/api-faz.rouqy-jewellery.com/artisan(16): Illuminate\\Foundation\\Application->handleCommand()
#36 {main}
"} 
[2026-07-21 10:54:31] local.ERROR: company_certificate_not_ready {"exception":"[object] (RuntimeException(code: 0): company_certificate_not_ready at /home/rouqy-jewellery-api-faz/htdocs/api-faz.rouqy-jewellery.com/app/Services/Zatca/ZatcaInvoiceSigningService.php:36)
[stacktrace]
#0 /home/rouqy-jewellery-api-faz/htdocs/api-faz.rouqy-jewellery.com/app/Services/Zatca/ZatcaInvoiceProcessingService.php(63): App\\Services\\Zatca\\ZatcaInvoiceSigningService->sign()
#1 /home/rouqy-jewellery-api-faz/htdocs/api-faz.rouqy-jewellery.com/app/Jobs/SignInvoiceXmlJob.php(34): App\\Services\\Zatca\\ZatcaInvoiceProcessingService->signInvoice()
#2 /home/rouqy-jewellery-api-faz/htdocs/api-faz.rouqy-jewellery.com/vendor/laravel/framework/src/Illuminate/Container/BoundMethod.php(36): App\\Jobs\\SignInvoiceXmlJob->handle()
#3 /home/rouqy-jewellery-api-faz/htdocs/api-faz.rouqy-jewellery.com/vendor/laravel/framework/src/Illuminate/Container/Util.php(43): Illuminate\\Container\\BoundMethod::{closure:Illuminate\\Container\\BoundMethod::call():35}()
#4 /home/rouqy-jewellery-api-faz/htdocs/api-faz.rouqy-jewellery.com/vendor/laravel/framework/src/Illuminate/Container/BoundMethod.php(96): Illuminate\\Container\\Util::unwrapIfClosure()
#5 /home/rouqy-jewellery-api-faz/htdocs/api-faz.rouqy-jewellery.com/vendor/laravel/framework/src/Illuminate/Container/BoundMethod.php(35): Illuminate\\Container\\BoundMethod::callBoundMethod()
#6 /home/rouqy-jewellery-api-faz/htdocs/api-faz.rouqy-jewellery.com/vendor/laravel/framework/src/Illuminate/Container/Container.php(799): Illuminate\\Container\\BoundMethod::call()
#7 /home/rouqy-jewellery-api-faz/htdocs/api-faz.rouqy-jewellery.com/vendor/laravel/framework/src/Illuminate/Bus/Dispatcher.php(129): Illuminate\\Container\\Container->call()
#8 /home/rouqy-jewellery-api-faz/htdocs/api-faz.rouqy-jewellery.com/vendor/laravel/framework/src/Illuminate/Pipeline/Pipeline.php(180): Illuminate\\Bus\\Dispatcher->{closure:Illuminate\\Bus\\Dispatcher::dispatchNow():126}()
#9 /home/rouqy-jewellery-api-faz/htdocs/api-faz.rouqy-jewellery.com/vendor/laravel/framework/src/Illuminate/Pipeline/Pipeline.php(137): Illuminate\\Pipeline\\Pipeline->{closure:Illuminate\\Pipeline\\Pipeline::prepareDestination():178}()
#10 /home/rouqy-jewellery-api-faz/htdocs/api-faz.rouqy-jewellery.com/vendor/laravel/framework/src/Illuminate/Bus/Dispatcher.php(133): Illuminate\\Pipeline\\Pipeline->then()
#11 /home/rouqy-jewellery-api-faz/htdocs/api-faz.rouqy-jewellery.com/vendor/laravel/framework/src/Illuminate/Queue/CallQueuedHandler.php(136): Illuminate\\Bus\\Dispatcher->dispatchNow()
#12 /home/rouqy-jewellery-api-faz/htdocs/api-faz.rouqy-jewellery.com/vendor/laravel/framework/src/Illuminate/Pipeline/Pipeline.php(180): Illuminate\\Queue\\CallQueuedHandler->{closure:Illuminate\\Queue\\CallQueuedHandler::dispatchThroughMiddleware():129}()
#13 /home/rouqy-jewellery-api-faz/htdocs/api-faz.rouqy-jewellery.com/vendor/laravel/framework/src/Illuminate/Pipeline/Pipeline.php(137): Illuminate\\Pipeline\\Pipeline->{closure:Illuminate\\Pipeline\\Pipeline::prepareDestination():178}()
#14 /home/rouqy-jewellery-api-faz/htdocs/api-faz.rouqy-jewellery.com/vendor/laravel/framework/src/Illuminate/Queue/CallQueuedHandler.php(129): Illuminate\\Pipeline\\Pipeline->then()
#15 /home/rouqy-jewellery-api-faz/htdocs/api-faz.rouqy-jewellery.com/vendor/laravel/framework/src/Illuminate/Queue/CallQueuedHandler.php(70): Illuminate\\Queue\\CallQueuedHandler->dispatchThroughMiddleware()
#16 /home/rouqy-jewellery-api-faz/htdocs/api-faz.rouqy-jewellery.com/vendor/laravel/framework/src/Illuminate/Queue/Jobs/Job.php(102): Illuminate\\Queue\\CallQueuedHandler->call()
#17 /home/rouqy-jewellery-api-faz/htdocs/api-faz.rouqy-jewellery.com/vendor/laravel/framework/src/Illuminate/Queue/Worker.php(504): Illuminate\\Queue\\Jobs\\Job->fire()
#18 /home/rouqy-jewellery-api-faz/htdocs/api-faz.rouqy-jewellery.com/vendor/laravel/framework/src/Illuminate/Queue/Worker.php(454): Illuminate\\Queue\\Worker->process()
#19 /home/rouqy-jewellery-api-faz/htdocs/api-faz.rouqy-jewellery.com/vendor/laravel/framework/src/Illuminate/Queue/Worker.php(212): Illuminate\\Queue\\Worker->runJob()
#20 /home/rouqy-jewellery-api-faz/htdocs/api-faz.rouqy-jewellery.com/vendor/laravel/framework/src/Illuminate/Queue/Console/WorkCommand.php(149): Illuminate\\Queue\\Worker->daemon()
#21 /home/rouqy-jewellery-api-faz/htdocs/api-faz.rouqy-jewellery.com/vendor/laravel/framework/src/Illuminate/Queue/Console/WorkCommand.php(132): Illuminate\\Queue\\Console\\WorkCommand->runWorker()
#22 /home/rouqy-jewellery-api-faz/htdocs/api-faz.rouqy-jewellery.com/vendor/laravel/framework/src/Illuminate/Container/BoundMethod.php(36): Illuminate\\Queue\\Console\\WorkCommand->handle()
#23 /home/rouqy-jewellery-api-faz/htdocs/api-faz.rouqy-jewellery.com/vendor/laravel/framework/src/Illuminate/Container/Util.php(43): Illuminate\\Container\\BoundMethod::{closure:Illuminate\\Container\\BoundMethod::call():35}()
#24 /home/rouqy-jewellery-api-faz/htdocs/api-faz.rouqy-jewellery.com/vendor/laravel/framework/src/Illuminate/Container/BoundMethod.php(96): Illuminate\\Container\\Util::unwrapIfClosure()
#25 /home/rouqy-jewellery-api-faz/htdocs/api-faz.rouqy-jewellery.com/vendor/laravel/framework/src/Illuminate/Container/BoundMethod.php(35): Illuminate\\Container\\BoundMethod::callBoundMethod()
#26 /home/rouqy-jewellery-api-faz/htdocs/api-faz.rouqy-jewellery.com/vendor/laravel/framework/src/Illuminate/Container/Container.php(799): Illuminate\\Container\\BoundMethod::call()
#27 /home/rouqy-jewellery-api-faz/htdocs/api-faz.rouqy-jewellery.com/vendor/laravel/framework/src/Illuminate/Console/Command.php(211): Illuminate\\Container\\Container->call()
#28 /home/rouqy-jewellery-api-faz/htdocs/api-faz.rouqy-jewellery.com/vendor/symfony/console/Command/Command.php(341): Illuminate\\Console\\Command->execute()
#29 /home/rouqy-jewellery-api-faz/htdocs/api-faz.rouqy-jewellery.com/vendor/laravel/framework/src/Illuminate/Console/Command.php(180): Symfony\\Component\\Console\\Command\\Command->run()
#30 /home/rouqy-jewellery-api-faz/htdocs/api-faz.rouqy-jewellery.com/vendor/symfony/console/Application.php(1117): Illuminate\\Console\\Command->run()
#31 /home/rouqy-jewellery-api-faz/htdocs/api-faz.rouqy-jewellery.com/vendor/symfony/console/Application.php(356): Symfony\\Component\\Console\\Application->doRunCommand()
#32 /home/rouqy-jewellery-api-faz/htdocs/api-faz.rouqy-jewellery.com/vendor/symfony/console/Application.php(195): Symfony\\Component\\Console\\Application->doRun()
#33 /home/rouqy-jewellery-api-faz/htdocs/api-faz.rouqy-jewellery.com/vendor/laravel/framework/src/Illuminate/Foundation/Console/Kernel.php(198): Symfony\\Component\\Console\\Application->run()
#34 /home/rouqy-jewellery-api-faz/htdocs/api-faz.rouqy-jewellery.com/vendor/laravel/framework/src/Illuminate/Foundation/Application.php(1235): Illuminate\\Foundation\\Console\\Kernel->handle()
#35 /home/rouqy-jewellery-api-faz/htdocs/api-faz.rouqy-jewellery.com/artisan(16): Illuminate\\Foundation\\Application->handleCommand()
#36 {main}
"} 
[2026-07-21 10:54:43] local.ERROR: company_certificate_not_ready {"exception":"[object] (RuntimeException(code: 0): company_certificate_not_ready at /home/rouqy-jewellery-api-faz/htdocs/api-faz.rouqy-jewellery.com/app/Services/Zatca/ZatcaInvoiceSigningService.php:36)
[stacktrace]
#0 /home/rouqy-jewellery-api-faz/htdocs/api-faz.rouqy-jewellery.com/app/Services/Zatca/ZatcaInvoiceProcessingService.php(63): App\\Services\\Zatca\\ZatcaInvoiceSigningService->sign()
#1 /home/rouqy-jewellery-api-faz/htdocs/api-faz.rouqy-jewellery.com/app/Jobs/SignInvoiceXmlJob.php(34): App\\Services\\Zatca\\ZatcaInvoiceProcessingService->signInvoice()
#2 /home/rouqy-jewellery-api-faz/htdocs/api-faz.rouqy-jewellery.com/vendor/laravel/framework/src/Illuminate/Container/BoundMethod.php(36): App\\Jobs\\SignInvoiceXmlJob->handle()
#3 /home/rouqy-jewellery-api-faz/htdocs/api-faz.rouqy-jewellery.com/vendor/laravel/framework/src/Illuminate/Container/Util.php(43): Illuminate\\Container\\BoundMethod::{closure:Illuminate\\Container\\BoundMethod::call():35}()
#4 /home/rouqy-jewellery-api-faz/htdocs/api-faz.rouqy-jewellery.com/vendor/laravel/framework/src/Illuminate/Container/BoundMethod.php(96): Illuminate\\Container\\Util::unwrapIfClosure()
#5 /home/rouqy-jewellery-api-faz/htdocs/api-faz.rouqy-jewellery.com/vendor/laravel/framework/src/Illuminate/Container/BoundMethod.php(35): Illuminate\\Container\\BoundMethod::callBoundMethod()
#6 /home/rouqy-jewellery-api-faz/htdocs/api-faz.rouqy-jewellery.com/vendor/laravel/framework/src/Illuminate/Container/Container.php(799): Illuminate\\Container\\BoundMethod::call()
#7 /home/rouqy-jewellery-api-faz/htdocs/api-faz.rouqy-jewellery.com/vendor/laravel/framework/src/Illuminate/Bus/Dispatcher.php(129): Illuminate\\Container\\Container->call()
#8 /home/rouqy-jewellery-api-faz/htdocs/api-faz.rouqy-jewellery.com/vendor/laravel/framework/src/Illuminate/Pipeline/Pipeline.php(180): Illuminate\\Bus\\Dispatcher->{closure:Illuminate\\Bus\\Dispatcher::dispatchNow():126}()
#9 /home/rouqy-jewellery-api-faz/htdocs/api-faz.rouqy-jewellery.com/vendor/laravel/framework/src/Illuminate/Pipeline/Pipeline.php(137): Illuminate\\Pipeline\\Pipeline->{closure:Illuminate\\Pipeline\\Pipeline::prepareDestination():178}()
#10 /home/rouqy-jewellery-api-faz/htdocs/api-faz.rouqy-jewellery.com/vendor/laravel/framework/src/Illuminate/Bus/Dispatcher.php(133): Illuminate\\Pipeline\\Pipeline->then()
#11 /home/rouqy-jewellery-api-faz/htdocs/api-faz.rouqy-jewellery.com/vendor/laravel/framework/src/Illuminate/Queue/CallQueuedHandler.php(136): Illuminate\\Bus\\Dispatcher->dispatchNow()
#12 /home/rouqy-jewellery-api-faz/htdocs/api-faz.rouqy-jewellery.com/vendor/laravel/framework/src/Illuminate/Pipeline/Pipeline.php(180): Illuminate\\Queue\\CallQueuedHandler->{closure:Illuminate\\Queue\\CallQueuedHandler::dispatchThroughMiddleware():129}()
#13 /home/rouqy-jewellery-api-faz/htdocs/api-faz.rouqy-jewellery.com/vendor/laravel/framework/src/Illuminate/Pipeline/Pipeline.php(137): Illuminate\\Pipeline\\Pipeline->{closure:Illuminate\\Pipeline\\Pipeline::prepareDestination():178}()
#14 /home/rouqy-jewellery-api-faz/htdocs/api-faz.rouqy-jewellery.com/vendor/laravel/framework/src/Illuminate/Queue/CallQueuedHandler.php(129): Illuminate\\Pipeline\\Pipeline->then()
#15 /home/rouqy-jewellery-api-faz/htdocs/api-faz.rouqy-jewellery.com/vendor/laravel/framework/src/Illuminate/Queue/CallQueuedHandler.php(70): Illuminate\\Queue\\CallQueuedHandler->dispatchThroughMiddleware()
#16 /home/rouqy-jewellery-api-faz/htdocs/api-faz.rouqy-jewellery.com/vendor/laravel/framework/src/Illuminate/Queue/Jobs/Job.php(102): Illuminate\\Queue\\CallQueuedHandler->call()
#17 /home/rouqy-jewellery-api-faz/htdocs/api-faz.rouqy-jewellery.com/vendor/laravel/framework/src/Illuminate/Queue/Worker.php(504): Illuminate\\Queue\\Jobs\\Job->fire()
#18 /home/rouqy-jewellery-api-faz/htdocs/api-faz.rouqy-jewellery.com/vendor/laravel/framework/src/Illuminate/Queue/Worker.php(454): Illuminate\\Queue\\Worker->process()
#19 /home/rouqy-jewellery-api-faz/htdocs/api-faz.rouqy-jewellery.com/vendor/laravel/framework/src/Illuminate/Queue/Worker.php(212): Illuminate\\Queue\\Worker->runJob()
#20 /home/rouqy-jewellery-api-faz/htdocs/api-faz.rouqy-jewellery.com/vendor/laravel/framework/src/Illuminate/Queue/Console/WorkCommand.php(149): Illuminate\\Queue\\Worker->daemon()
#21 /home/rouqy-jewellery-api-faz/htdocs/api-faz.rouqy-jewellery.com/vendor/laravel/framework/src/Illuminate/Queue/Console/WorkCommand.php(132): Illuminate\\Queue\\Console\\WorkCommand->runWorker()
#22 /home/rouqy-jewellery-api-faz/htdocs/api-faz.rouqy-jewellery.com/vendor/laravel/framework/src/Illuminate/Container/BoundMethod.php(36): Illuminate\\Queue\\Console\\WorkCommand->handle()
#23 /home/rouqy-jewellery-api-faz/htdocs/api-faz.rouqy-jewellery.com/vendor/laravel/framework/src/Illuminate/Container/Util.php(43): Illuminate\\Container\\BoundMethod::{closure:Illuminate\\Container\\BoundMethod::call():35}()
#24 /home/rouqy-jewellery-api-faz/htdocs/api-faz.rouqy-jewellery.com/vendor/laravel/framework/src/Illuminate/Container/BoundMethod.php(96): Illuminate\\Container\\Util::unwrapIfClosure()
#25 /home/rouqy-jewellery-api-faz/htdocs/api-faz.rouqy-jewellery.com/vendor/laravel/framework/src/Illuminate/Container/BoundMethod.php(35): Illuminate\\Container\\BoundMethod::callBoundMethod()
#26 /home/rouqy-jewellery-api-faz/htdocs/api-faz.rouqy-jewellery.com/vendor/laravel/framework/src/Illuminate/Container/Container.php(799): Illuminate\\Container\\BoundMethod::call()
#27 /home/rouqy-jewellery-api-faz/htdocs/api-faz.rouqy-jewellery.com/vendor/laravel/framework/src/Illuminate/Console/Command.php(211): Illuminate\\Container\\Container->call()
#28 /home/rouqy-jewellery-api-faz/htdocs/api-faz.rouqy-jewellery.com/vendor/symfony/console/Command/Command.php(341): Illuminate\\Console\\Command->execute()
#29 /home/rouqy-jewellery-api-faz/htdocs/api-faz.rouqy-jewellery.com/vendor/laravel/framework/src/Illuminate/Console/Command.php(180): Symfony\\Component\\Console\\Command\\Command->run()
#30 /home/rouqy-jewellery-api-faz/htdocs/api-faz.rouqy-jewellery.com/vendor/symfony/console/Application.php(1117): Illuminate\\Console\\Command->run()
#31 /home/rouqy-jewellery-api-faz/htdocs/api-faz.rouqy-jewellery.com/vendor/symfony/console/Application.php(356): Symfony\\Component\\Console\\Application->doRunCommand()
#32 /home/rouqy-jewellery-api-faz/htdocs/api-faz.rouqy-jewellery.com/vendor/symfony/console/Application.php(195): Symfony\\Component\\Console\\Application->doRun()
#33 /home/rouqy-jewellery-api-faz/htdocs/api-faz.rouqy-jewellery.com/vendor/laravel/framework/src/Illuminate/Foundation/Console/Kernel.php(198): Symfony\\Component\\Console\\Application->run()
#34 /home/rouqy-jewellery-api-faz/htdocs/api-faz.rouqy-jewellery.com/vendor/laravel/framework/src/Illuminate/Foundation/Application.php(1235): Illuminate\\Foundation\\Console\\Kernel->handle()
#35 /home/rouqy-jewellery-api-faz/htdocs/api-faz.rouqy-jewellery.com/artisan(16): Illuminate\\Foundation\\Application->handleCommand()
#36 {main}
"} 
[2026-07-21 10:54:43] local.ERROR: company_certificate_not_ready {"exception":"[object] (RuntimeException(code: 0): company_certificate_not_ready at /home/rouqy-jewellery-api-faz/htdocs/api-faz.rouqy-jewellery.com/app/Services/Zatca/ZatcaInvoiceSigningService.php:36)
[stacktrace]
#0 /home/rouqy-jewellery-api-faz/htdocs/api-faz.rouqy-jewellery.com/app/Services/Zatca/ZatcaInvoiceProcessingService.php(63): App\\Services\\Zatca\\ZatcaInvoiceSigningService->sign()
#1 /home/rouqy-jewellery-api-faz/htdocs/api-faz.rouqy-jewellery.com/app/Jobs/SignInvoiceXmlJob.php(34): App\\Services\\Zatca\\ZatcaInvoiceProcessingService->signInvoice()
#2 /home/rouqy-jewellery-api-faz/htdocs/api-faz.rouqy-jewellery.com/vendor/laravel/framework/src/Illuminate/Container/BoundMethod.php(36): App\\Jobs\\SignInvoiceXmlJob->handle()
#3 /home/rouqy-jewellery-api-faz/htdocs/api-faz.rouqy-jewellery.com/vendor/laravel/framework/src/Illuminate/Container/Util.php(43): Illuminate\\Container\\BoundMethod::{closure:Illuminate\\Container\\BoundMethod::call():35}()
#4 /home/rouqy-jewellery-api-faz/htdocs/api-faz.rouqy-jewellery.com/vendor/laravel/framework/src/Illuminate/Container/BoundMethod.php(96): Illuminate\\Container\\Util::unwrapIfClosure()
#5 /home/rouqy-jewellery-api-faz/htdocs/api-faz.rouqy-jewellery.com/vendor/laravel/framework/src/Illuminate/Container/BoundMethod.php(35): Illuminate\\Container\\BoundMethod::callBoundMethod()
#6 /home/rouqy-jewellery-api-faz/htdocs/api-faz.rouqy-jewellery.com/vendor/laravel/framework/src/Illuminate/Container/Container.php(799): Illuminate\\Container\\BoundMethod::call()
#7 /home/rouqy-jewellery-api-faz/htdocs/api-faz.rouqy-jewellery.com/vendor/laravel/framework/src/Illuminate/Bus/Dispatcher.php(129): Illuminate\\Container\\Container->call()
#8 /home/rouqy-jewellery-api-faz/htdocs/api-faz.rouqy-jewellery.com/vendor/laravel/framework/src/Illuminate/Pipeline/Pipeline.php(180): Illuminate\\Bus\\Dispatcher->{closure:Illuminate\\Bus\\Dispatcher::dispatchNow():126}()
#9 /home/rouqy-jewellery-api-faz/htdocs/api-faz.rouqy-jewellery.com/vendor/laravel/framework/src/Illuminate/Pipeline/Pipeline.php(137): Illuminate\\Pipeline\\Pipeline->{closure:Illuminate\\Pipeline\\Pipeline::prepareDestination():178}()
#10 /home/rouqy-jewellery-api-faz/htdocs/api-faz.rouqy-jewellery.com/vendor/laravel/framework/src/Illuminate/Bus/Dispatcher.php(133): Illuminate\\Pipeline\\Pipeline->then()
#11 /home/rouqy-jewellery-api-faz/htdocs/api-faz.rouqy-jewellery.com/vendor/laravel/framework/src/Illuminate/Queue/CallQueuedHandler.php(136): Illuminate\\Bus\\Dispatcher->dispatchNow()
#12 /home/rouqy-jewellery-api-faz/htdocs/api-faz.rouqy-jewellery.com/vendor/laravel/framework/src/Illuminate/Pipeline/Pipeline.php(180): Illuminate\\Queue\\CallQueuedHandler->{closure:Illuminate\\Queue\\CallQueuedHandler::dispatchThroughMiddleware():129}()
#13 /home/rouqy-jewellery-api-faz/htdocs/api-faz.rouqy-jewellery.com/vendor/laravel/framework/src/Illuminate/Pipeline/Pipeline.php(137): Illuminate\\Pipeline\\Pipeline->{closure:Illuminate\\Pipeline\\Pipeline::prepareDestination():178}()
#14 /home/rouqy-jewellery-api-faz/htdocs/api-faz.rouqy-jewellery.com/vendor/laravel/framework/src/Illuminate/Queue/CallQueuedHandler.php(129): Illuminate\\Pipeline\\Pipeline->then()
#15 /home/rouqy-jewellery-api-faz/htdocs/api-faz.rouqy-jewellery.com/vendor/laravel/framework/src/Illuminate/Queue/CallQueuedHandler.php(70): Illuminate\\Queue\\CallQueuedHandler->dispatchThroughMiddleware()
#16 /home/rouqy-jewellery-api-faz/htdocs/api-faz.rouqy-jewellery.com/vendor/laravel/framework/src/Illuminate/Queue/Jobs/Job.php(102): Illuminate\\Queue\\CallQueuedHandler->call()
#17 /home/rouqy-jewellery-api-faz/htdocs/api-faz.rouqy-jewellery.com/vendor/laravel/framework/src/Illuminate/Queue/Worker.php(504): Illuminate\\Queue\\Jobs\\Job->fire()
#18 /home/rouqy-jewellery-api-faz/htdocs/api-faz.rouqy-jewellery.com/vendor/laravel/framework/src/Illuminate/Queue/Worker.php(454): Illuminate\\Queue\\Worker->process()
#19 /home/rouqy-jewellery-api-faz/htdocs/api-faz.rouqy-jewellery.com/vendor/laravel/framework/src/Illuminate/Queue/Worker.php(212): Illuminate\\Queue\\Worker->runJob()
#20 /home/rouqy-jewellery-api-faz/htdocs/api-faz.rouqy-jewellery.com/vendor/laravel/framework/src/Illuminate/Queue/Console/WorkCommand.php(149): Illuminate\\Queue\\Worker->daemon()
#21 /home/rouqy-jewellery-api-faz/htdocs/api-faz.rouqy-jewellery.com/vendor/laravel/framework/src/Illuminate/Queue/Console/WorkCommand.php(132): Illuminate\\Queue\\Console\\WorkCommand->runWorker()
#22 /home/rouqy-jewellery-api-faz/htdocs/api-faz.rouqy-jewellery.com/vendor/laravel/framework/src/Illuminate/Container/BoundMethod.php(36): Illuminate\\Queue\\Console\\WorkCommand->handle()
#23 /home/rouqy-jewellery-api-faz/htdocs/api-faz.rouqy-jewellery.com/vendor/laravel/framework/src/Illuminate/Container/Util.php(43): Illuminate\\Container\\BoundMethod::{closure:Illuminate\\Container\\BoundMethod::call():35}()
#24 /home/rouqy-jewellery-api-faz/htdocs/api-faz.rouqy-jewellery.com/vendor/laravel/framework/src/Illuminate/Container/BoundMethod.php(96): Illuminate\\Container\\Util::unwrapIfClosure()
#25 /home/rouqy-jewellery-api-faz/htdocs/api-faz.rouqy-jewellery.com/vendor/laravel/framework/src/Illuminate/Container/BoundMethod.php(35): Illuminate\\Container\\BoundMethod::callBoundMethod()
#26 /home/rouqy-jewellery-api-faz/htdocs/api-faz.rouqy-jewellery.com/vendor/laravel/framework/src/Illuminate/Container/Container.php(799): Illuminate\\Container\\BoundMethod::call()
#27 /home/rouqy-jewellery-api-faz/htdocs/api-faz.rouqy-jewellery.com/vendor/laravel/framework/src/Illuminate/Console/Command.php(211): Illuminate\\Container\\Container->call()
#28 /home/rouqy-jewellery-api-faz/htdocs/api-faz.rouqy-jewellery.com/vendor/symfony/console/Command/Command.php(341): Illuminate\\Console\\Command->execute()
#29 /home/rouqy-jewellery-api-faz/htdocs/api-faz.rouqy-jewellery.com/vendor/laravel/framework/src/Illuminate/Console/Command.php(180): Symfony\\Component\\Console\\Command\\Command->run()
#30 /home/rouqy-jewellery-api-faz/htdocs/api-faz.rouqy-jewellery.com/vendor/symfony/console/Application.php(1117): Illuminate\\Console\\Command->run()
#31 /home/rouqy-jewellery-api-faz/htdocs/api-faz.rouqy-jewellery.com/vendor/symfony/console/Application.php(356): Symfony\\Component\\Console\\Application->doRunCommand()
#32 /home/rouqy-jewellery-api-faz/htdocs/api-faz.rouqy-jewellery.com/vendor/symfony/console/Application.php(195): Symfony\\Component\\Console\\Application->doRun()
#33 /home/rouqy-jewellery-api-faz/htdocs/api-faz.rouqy-jewellery.com/vendor/laravel/framework/src/Illuminate/Foundation/Console/Kernel.php(198): Symfony\\Component\\Console\\Application->run()
#34 /home/rouqy-jewellery-api-faz/htdocs/api-faz.rouqy-jewellery.com/vendor/laravel/framework/src/Illuminate/Foundation/Application.php(1235): Illuminate\\Foundation\\Console\\Kernel->handle()
#35 /home/rouqy-jewellery-api-faz/htdocs/api-faz.rouqy-jewellery.com/artisan(16): Illuminate\\Foundation\\Application->handleCommand()
#36 {main}
"} 
[2026-07-21 10:55:13] local.ERROR: company_certificate_not_ready {"exception":"[object] (RuntimeException(code: 0): company_certificate_not_ready at /home/rouqy-jewellery-api-faz/htdocs/api-faz.rouqy-jewellery.com/app/Services/Zatca/ZatcaInvoiceSigningService.php:36)
[stacktrace]
#0 /home/rouqy-jewellery-api-faz/htdocs/api-faz.rouqy-jewellery.com/app/Services/Zatca/ZatcaInvoiceProcessingService.php(63): App\\Services\\Zatca\\ZatcaInvoiceSigningService->sign()
#1 /home/rouqy-jewellery-api-faz/htdocs/api-faz.rouqy-jewellery.com/app/Jobs/SignInvoiceXmlJob.php(34): App\\Services\\Zatca\\ZatcaInvoiceProcessingService->signInvoice()
#2 /home/rouqy-jewellery-api-faz/htdocs/api-faz.rouqy-jewellery.com/vendor/laravel/framework/src/Illuminate/Container/BoundMethod.php(36): App\\Jobs\\SignInvoiceXmlJob->handle()
#3 /home/rouqy-jewellery-api-faz/htdocs/api-faz.rouqy-jewellery.com/vendor/laravel/framework/src/Illuminate/Container/Util.php(43): Illuminate\\Container\\BoundMethod::{closure:Illuminate\\Container\\BoundMethod::call():35}()
#4 /home/rouqy-jewellery-api-faz/htdocs/api-faz.rouqy-jewellery.com/vendor/laravel/framework/src/Illuminate/Container/BoundMethod.php(96): Illuminate\\Container\\Util::unwrapIfClosure()
#5 /home/rouqy-jewellery-api-faz/htdocs/api-faz.rouqy-jewellery.com/vendor/laravel/framework/src/Illuminate/Container/BoundMethod.php(35): Illuminate\\Container\\BoundMethod::callBoundMethod()
#6 /home/rouqy-jewellery-api-faz/htdocs/api-faz.rouqy-jewellery.com/vendor/laravel/framework/src/Illuminate/Container/Container.php(799): Illuminate\\Container\\BoundMethod::call()
#7 /home/rouqy-jewellery-api-faz/htdocs/api-faz.rouqy-jewellery.com/vendor/laravel/framework/src/Illuminate/Bus/Dispatcher.php(129): Illuminate\\Container\\Container->call()
#8 /home/rouqy-jewellery-api-faz/htdocs/api-faz.rouqy-jewellery.com/vendor/laravel/framework/src/Illuminate/Pipeline/Pipeline.php(180): Illuminate\\Bus\\Dispatcher->{closure:Illuminate\\Bus\\Dispatcher::dispatchNow():126}()
#9 /home/rouqy-jewellery-api-faz/htdocs/api-faz.rouqy-jewellery.com/vendor/laravel/framework/src/Illuminate/Pipeline/Pipeline.php(137): Illuminate\\Pipeline\\Pipeline->{closure:Illuminate\\Pipeline\\Pipeline::prepareDestination():178}()
#10 /home/rouqy-jewellery-api-faz/htdocs/api-faz.rouqy-jewellery.com/vendor/laravel/framework/src/Illuminate/Bus/Dispatcher.php(133): Illuminate\\Pipeline\\Pipeline->then()
#11 /home/rouqy-jewellery-api-faz/htdocs/api-faz.rouqy-jewellery.com/vendor/laravel/framework/src/Illuminate/Queue/CallQueuedHandler.php(136): Illuminate\\Bus\\Dispatcher->dispatchNow()
#12 /home/rouqy-jewellery-api-faz/htdocs/api-faz.rouqy-jewellery.com/vendor/laravel/framework/src/Illuminate/Pipeline/Pipeline.php(180): Illuminate\\Queue\\CallQueuedHandler->{closure:Illuminate\\Queue\\CallQueuedHandler::dispatchThroughMiddleware():129}()
#13 /home/rouqy-jewellery-api-faz/htdocs/api-faz.rouqy-jewellery.com/vendor/laravel/framework/src/Illuminate/Pipeline/Pipeline.php(137): Illuminate\\Pipeline\\Pipeline->{closure:Illuminate\\Pipeline\\Pipeline::prepareDestination():178}()
#14 /home/rouqy-jewellery-api-faz/htdocs/api-faz.rouqy-jewellery.com/vendor/laravel/framework/src/Illuminate/Queue/CallQueuedHandler.php(129): Illuminate\\Pipeline\\Pipeline->then()
#15 /home/rouqy-jewellery-api-faz/htdocs/api-faz.rouqy-jewellery.com/vendor/laravel/framework/src/Illuminate/Queue/CallQueuedHandler.php(70): Illuminate\\Queue\\CallQueuedHandler->dispatchThroughMiddleware()
#16 /home/rouqy-jewellery-api-faz/htdocs/api-faz.rouqy-jewellery.com/vendor/laravel/framework/src/Illuminate/Queue/Jobs/Job.php(102): Illuminate\\Queue\\CallQueuedHandler->call()
#17 /home/rouqy-jewellery-api-faz/htdocs/api-faz.rouqy-jewellery.com/vendor/laravel/framework/src/Illuminate/Queue/Worker.php(504): Illuminate\\Queue\\Jobs\\Job->fire()
#18 /home/rouqy-jewellery-api-faz/htdocs/api-faz.rouqy-jewellery.com/vendor/laravel/framework/src/Illuminate/Queue/Worker.php(454): Illuminate\\Queue\\Worker->process()
#19 /home/rouqy-jewellery-api-faz/htdocs/api-faz.rouqy-jewellery.com/vendor/laravel/framework/src/Illuminate/Queue/Worker.php(212): Illuminate\\Queue\\Worker->runJob()
#20 /home/rouqy-jewellery-api-faz/htdocs/api-faz.rouqy-jewellery.com/vendor/laravel/framework/src/Illuminate/Queue/Console/WorkCommand.php(149): Illuminate\\Queue\\Worker->daemon()
#21 /home/rouqy-jewellery-api-faz/htdocs/api-faz.rouqy-jewellery.com/vendor/laravel/framework/src/Illuminate/Queue/Console/WorkCommand.php(132): Illuminate\\Queue\\Console\\WorkCommand->runWorker()
#22 /home/rouqy-jewellery-api-faz/htdocs/api-faz.rouqy-jewellery.com/vendor/laravel/framework/src/Illuminate/Container/BoundMethod.php(36): Illuminate\\Queue\\Console\\WorkCommand->handle()
#23 /home/rouqy-jewellery-api-faz/htdocs/api-faz.rouqy-jewellery.com/vendor/laravel/framework/src/Illuminate/Container/Util.php(43): Illuminate\\Container\\BoundMethod::{closure:Illuminate\\Container\\BoundMethod::call():35}()
#24 /home/rouqy-jewellery-api-faz/htdocs/api-faz.rouqy-jewellery.com/vendor/laravel/framework/src/Illuminate/Container/BoundMethod.php(96): Illuminate\\Container\\Util::unwrapIfClosure()
#25 /home/rouqy-jewellery-api-faz/htdocs/api-faz.rouqy-jewellery.com/vendor/laravel/framework/src/Illuminate/Container/BoundMethod.php(35): Illuminate\\Container\\BoundMethod::callBoundMethod()
#26 /home/rouqy-jewellery-api-faz/htdocs/api-faz.rouqy-jewellery.com/vendor/laravel/framework/src/Illuminate/Container/Container.php(799): Illuminate\\Container\\BoundMethod::call()
#27 /home/rouqy-jewellery-api-faz/htdocs/api-faz.rouqy-jewellery.com/vendor/laravel/framework/src/Illuminate/Console/Command.php(211): Illuminate\\Container\\Container->call()
#28 /home/rouqy-jewellery-api-faz/htdocs/api-faz.rouqy-jewellery.com/vendor/symfony/console/Command/Command.php(341): Illuminate\\Console\\Command->execute()
#29 /home/rouqy-jewellery-api-faz/htdocs/api-faz.rouqy-jewellery.com/vendor/laravel/framework/src/Illuminate/Console/Command.php(180): Symfony\\Component\\Console\\Command\\Command->run()
#30 /home/rouqy-jewellery-api-faz/htdocs/api-faz.rouqy-jewellery.com/vendor/symfony/console/Application.php(1117): Illuminate\\Console\\Command->run()
#31 /home/rouqy-jewellery-api-faz/htdocs/api-faz.rouqy-jewellery.com/vendor/symfony/console/Application.php(356): Symfony\\Component\\Console\\Application->doRunCommand()
#32 /home/rouqy-jewellery-api-faz/htdocs/api-faz.rouqy-jewellery.com/vendor/symfony/console/Application.php(195): Symfony\\Component\\Console\\Application->doRun()
#33 /home/rouqy-jewellery-api-faz/htdocs/api-faz.rouqy-jewellery.com/vendor/laravel/framework/src/Illuminate/Foundation/Console/Kernel.php(198): Symfony\\Component\\Console\\Application->run()
#34 /home/rouqy-jewellery-api-faz/htdocs/api-faz.rouqy-jewellery.com/vendor/laravel/framework/src/Illuminate/Foundation/Application.php(1235): Illuminate\\Foundation\\Console\\Kernel->handle()
#35 /home/rouqy-jewellery-api-faz/htdocs/api-faz.rouqy-jewellery.com/artisan(16): Illuminate\\Foundation\\Application->handleCommand()
#36 {main}
"} 
[2026-07-21 10:55:13] local.ERROR: company_certificate_not_ready {"exception":"[object] (RuntimeException(code: 0): company_certificate_not_ready at /home/rouqy-jewellery-api-faz/htdocs/api-faz.rouqy-jewellery.com/app/Services/Zatca/ZatcaInvoiceSigningService.php:36)
[stacktrace]
#0 /home/rouqy-jewellery-api-faz/htdocs/api-faz.rouqy-jewellery.com/app/Services/Zatca/ZatcaInvoiceProcessingService.php(63): App\\Services\\Zatca\\ZatcaInvoiceSigningService->sign()
#1 /home/rouqy-jewellery-api-faz/htdocs/api-faz.rouqy-jewellery.com/app/Jobs/SignInvoiceXmlJob.php(34): App\\Services\\Zatca\\ZatcaInvoiceProcessingService->signInvoice()
#2 /home/rouqy-jewellery-api-faz/htdocs/api-faz.rouqy-jewellery.com/vendor/laravel/framework/src/Illuminate/Container/BoundMethod.php(36): App\\Jobs\\SignInvoiceXmlJob->handle()
#3 /home/rouqy-jewellery-api-faz/htdocs/api-faz.rouqy-jewellery.com/vendor/laravel/framework/src/Illuminate/Container/Util.php(43): Illuminate\\Container\\BoundMethod::{closure:Illuminate\\Container\\BoundMethod::call():35}()
#4 /home/rouqy-jewellery-api-faz/htdocs/api-faz.rouqy-jewellery.com/vendor/laravel/framework/src/Illuminate/Container/BoundMethod.php(96): Illuminate\\Container\\Util::unwrapIfClosure()
#5 /home/rouqy-jewellery-api-faz/htdocs/api-faz.rouqy-jewellery.com/vendor/laravel/framework/src/Illuminate/Container/BoundMethod.php(35): Illuminate\\Container\\BoundMethod::callBoundMethod()
#6 /home/rouqy-jewellery-api-faz/htdocs/api-faz.rouqy-jewellery.com/vendor/laravel/framework/src/Illuminate/Container/Container.php(799): Illuminate\\Container\\BoundMethod::call()
#7 /home/rouqy-jewellery-api-faz/htdocs/api-faz.rouqy-jewellery.com/vendor/laravel/framework/src/Illuminate/Bus/Dispatcher.php(129): Illuminate\\Container\\Container->call()
#8 /home/rouqy-jewellery-api-faz/htdocs/api-faz.rouqy-jewellery.com/vendor/laravel/framework/src/Illuminate/Pipeline/Pipeline.php(180): Illuminate\\Bus\\Dispatcher->{closure:Illuminate\\Bus\\Dispatcher::dispatchNow():126}()
#9 /home/rouqy-jewellery-api-faz/htdocs/api-faz.rouqy-jewellery.com/vendor/laravel/framework/src/Illuminate/Pipeline/Pipeline.php(137): Illuminate\\Pipeline\\Pipeline->{closure:Illuminate\\Pipeline\\Pipeline::prepareDestination():178}()
#10 /home/rouqy-jewellery-api-faz/htdocs/api-faz.rouqy-jewellery.com/vendor/laravel/framework/src/Illuminate/Bus/Dispatcher.php(133): Illuminate\\Pipeline\\Pipeline->then()
#11 /home/rouqy-jewellery-api-faz/htdocs/api-faz.rouqy-jewellery.com/vendor/laravel/framework/src/Illuminate/Queue/CallQueuedHandler.php(136): Illuminate\\Bus\\Dispatcher->dispatchNow()
#12 /home/rouqy-jewellery-api-faz/htdocs/api-faz.rouqy-jewellery.com/vendor/laravel/framework/src/Illuminate/Pipeline/Pipeline.php(180): Illuminate\\Queue\\CallQueuedHandler->{closure:Illuminate\\Queue\\CallQueuedHandler::dispatchThroughMiddleware():129}()
#13 /home/rouqy-jewellery-api-faz/htdocs/api-faz.rouqy-jewellery.com/vendor/laravel/framework/src/Illuminate/Pipeline/Pipeline.php(137): Illuminate\\Pipeline\\Pipeline->{closure:Illuminate\\Pipeline\\Pipeline::prepareDestination():178}()
#14 /home/rouqy-jewellery-api-faz/htdocs/api-faz.rouqy-jewellery.com/vendor/laravel/framework/src/Illuminate/Queue/CallQueuedHandler.php(129): Illuminate\\Pipeline\\Pipeline->then()
#15 /home/rouqy-jewellery-api-faz/htdocs/api-faz.rouqy-jewellery.com/vendor/laravel/framework/src/Illuminate/Queue/CallQueuedHandler.php(70): Illuminate\\Queue\\CallQueuedHandler->dispatchThroughMiddleware()
#16 /home/rouqy-jewellery-api-faz/htdocs/api-faz.rouqy-jewellery.com/vendor/laravel/framework/src/Illuminate/Queue/Jobs/Job.php(102): Illuminate\\Queue\\CallQueuedHandler->call()
#17 /home/rouqy-jewellery-api-faz/htdocs/api-faz.rouqy-jewellery.com/vendor/laravel/framework/src/Illuminate/Queue/Worker.php(504): Illuminate\\Queue\\Jobs\\Job->fire()
#18 /home/rouqy-jewellery-api-faz/htdocs/api-faz.rouqy-jewellery.com/vendor/laravel/framework/src/Illuminate/Queue/Worker.php(454): Illuminate\\Queue\\Worker->process()
#19 /home/rouqy-jewellery-api-faz/htdocs/api-faz.rouqy-jewellery.com/vendor/laravel/framework/src/Illuminate/Queue/Worker.php(212): Illuminate\\Queue\\Worker->runJob()
#20 /home/rouqy-jewellery-api-faz/htdocs/api-faz.rouqy-jewellery.com/vendor/laravel/framework/src/Illuminate/Queue/Console/WorkCommand.php(149): Illuminate\\Queue\\Worker->daemon()
#21 /home/rouqy-jewellery-api-faz/htdocs/api-faz.rouqy-jewellery.com/vendor/laravel/framework/src/Illuminate/Queue/Console/WorkCommand.php(132): Illuminate\\Queue\\Console\\WorkCommand->runWorker()
#22 /home/rouqy-jewellery-api-faz/htdocs/api-faz.rouqy-jewellery.com/vendor/laravel/framework/src/Illuminate/Container/BoundMethod.php(36): Illuminate\\Queue\\Console\\WorkCommand->handle()
#23 /home/rouqy-jewellery-api-faz/htdocs/api-faz.rouqy-jewellery.com/vendor/laravel/framework/src/Illuminate/Container/Util.php(43): Illuminate\\Container\\BoundMethod::{closure:Illuminate\\Container\\BoundMethod::call():35}()
#24 /home/rouqy-jewellery-api-faz/htdocs/api-faz.rouqy-jewellery.com/vendor/laravel/framework/src/Illuminate/Container/BoundMethod.php(96): Illuminate\\Container\\Util::unwrapIfClosure()
#25 /home/rouqy-jewellery-api-faz/htdocs/api-faz.rouqy-jewellery.com/vendor/laravel/framework/src/Illuminate/Container/BoundMethod.php(35): Illuminate\\Container\\BoundMethod::callBoundMethod()
#26 /home/rouqy-jewellery-api-faz/htdocs/api-faz.rouqy-jewellery.com/vendor/laravel/framework/src/Illuminate/Container/Container.php(799): Illuminate\\Container\\BoundMethod::call()
#27 /home/rouqy-jewellery-api-faz/htdocs/api-faz.rouqy-jewellery.com/vendor/laravel/framework/src/Illuminate/Console/Command.php(211): Illuminate\\Container\\Container->call()
#28 /home/rouqy-jewellery-api-faz/htdocs/api-faz.rouqy-jewellery.com/vendor/symfony/console/Command/Command.php(341): Illuminate\\Console\\Command->execute()
#29 /home/rouqy-jewellery-api-faz/htdocs/api-faz.rouqy-jewellery.com/vendor/laravel/framework/src/Illuminate/Console/Command.php(180): Symfony\\Component\\Console\\Command\\Command->run()
#30 /home/rouqy-jewellery-api-faz/htdocs/api-faz.rouqy-jewellery.com/vendor/symfony/console/Application.php(1117): Illuminate\\Console\\Command->run()
#31 /home/rouqy-jewellery-api-faz/htdocs/api-faz.rouqy-jewellery.com/vendor/symfony/console/Application.php(356): Symfony\\Component\\Console\\Application->doRunCommand()
#32 /home/rouqy-jewellery-api-faz/htdocs/api-faz.rouqy-jewellery.com/vendor/symfony/console/Application.php(195): Symfony\\Component\\Console\\Application->doRun()
#33 /home/rouqy-jewellery-api-faz/htdocs/api-faz.rouqy-jewellery.com/vendor/laravel/framework/src/Illuminate/Foundation/Console/Kernel.php(198): Symfony\\Component\\Console\\Application->run()
#34 /home/rouqy-jewellery-api-faz/htdocs/api-faz.rouqy-jewellery.com/vendor/laravel/framework/src/Illuminate/Foundation/Application.php(1235): Illuminate\\Foundation\\Console\\Kernel->handle()
#35 /home/rouqy-jewellery-api-faz/htdocs/api-faz.rouqy-jewellery.com/artisan(16): Illuminate\\Foundation\\Application->handleCommand()
#36 {main}
"} 
[2026-07-21 10:55:13] local.ERROR: company_certificate_not_ready {"exception":"[object] (RuntimeException(code: 0): company_certificate_not_ready at /home/rouqy-jewellery-api-faz/htdocs/api-faz.rouqy-jewellery.com/app/Services/Zatca/ZatcaInvoiceSigningService.php:36)
[stacktrace]
#0 /home/rouqy-jewellery-api-faz/htdocs/api-faz.rouqy-jewellery.com/app/Services/Zatca/ZatcaInvoiceProcessingService.php(63): App\\Services\\Zatca\\ZatcaInvoiceSigningService->sign()
#1 /home/rouqy-jewellery-api-faz/htdocs/api-faz.rouqy-jewellery.com/app/Jobs/SignInvoiceXmlJob.php(34): App\\Services\\Zatca\\ZatcaInvoiceProcessingService->signInvoice()
#2 /home/rouqy-jewellery-api-faz/htdocs/api-faz.rouqy-jewellery.com/vendor/laravel/framework/src/Illuminate/Container/BoundMethod.php(36): App\\Jobs\\SignInvoiceXmlJob->handle()
#3 /home/rouqy-jewellery-api-faz/htdocs/api-faz.rouqy-jewellery.com/vendor/laravel/framework/src/Illuminate/Container/Util.php(43): Illuminate\\Container\\BoundMethod::{closure:Illuminate\\Container\\BoundMethod::call():35}()
#4 /home/rouqy-jewellery-api-faz/htdocs/api-faz.rouqy-jewellery.com/vendor/laravel/framework/src/Illuminate/Container/BoundMethod.php(96): Illuminate\\Container\\Util::unwrapIfClosure()
#5 /home/rouqy-jewellery-api-faz/htdocs/api-faz.rouqy-jewellery.com/vendor/laravel/framework/src/Illuminate/Container/BoundMethod.php(35): Illuminate\\Container\\BoundMethod::callBoundMethod()
#6 /home/rouqy-jewellery-api-faz/htdocs/api-faz.rouqy-jewellery.com/vendor/laravel/framework/src/Illuminate/Container/Container.php(799): Illuminate\\Container\\BoundMethod::call()
#7 /home/rouqy-jewellery-api-faz/htdocs/api-faz.rouqy-jewellery.com/vendor/laravel/framework/src/Illuminate/Bus/Dispatcher.php(129): Illuminate\\Container\\Container->call()
#8 /home/rouqy-jewellery-api-faz/htdocs/api-faz.rouqy-jewellery.com/vendor/laravel/framework/src/Illuminate/Pipeline/Pipeline.php(180): Illuminate\\Bus\\Dispatcher->{closure:Illuminate\\Bus\\Dispatcher::dispatchNow():126}()
#9 /home/rouqy-jewellery-api-faz/htdocs/api-faz.rouqy-jewellery.com/vendor/laravel/framework/src/Illuminate/Pipeline/Pipeline.php(137): Illuminate\\Pipeline\\Pipeline->{closure:Illuminate\\Pipeline\\Pipeline::prepareDestination():178}()
#10 /home/rouqy-jewellery-api-faz/htdocs/api-faz.rouqy-jewellery.com/vendor/laravel/framework/src/Illuminate/Bus/Dispatcher.php(133): Illuminate\\Pipeline\\Pipeline->then()
#11 /home/rouqy-jewellery-api-faz/htdocs/api-faz.rouqy-jewellery.com/vendor/laravel/framework/src/Illuminate/Queue/CallQueuedHandler.php(136): Illuminate\\Bus\\Dispatcher->dispatchNow()
#12 /home/rouqy-jewellery-api-faz/htdocs/api-faz.rouqy-jewellery.com/vendor/laravel/framework/src/Illuminate/Pipeline/Pipeline.php(180): Illuminate\\Queue\\CallQueuedHandler->{closure:Illuminate\\Queue\\CallQueuedHandler::dispatchThroughMiddleware():129}()
#13 /home/rouqy-jewellery-api-faz/htdocs/api-faz.rouqy-jewellery.com/vendor/laravel/framework/src/Illuminate/Pipeline/Pipeline.php(137): Illuminate\\Pipeline\\Pipeline->{closure:Illuminate\\Pipeline\\Pipeline::prepareDestination():178}()
#14 /home/rouqy-jewellery-api-faz/htdocs/api-faz.rouqy-jewellery.com/vendor/laravel/framework/src/Illuminate/Queue/CallQueuedHandler.php(129): Illuminate\\Pipeline\\Pipeline->then()
#15 /home/rouqy-jewellery-api-faz/htdocs/api-faz.rouqy-jewellery.com/vendor/laravel/framework/src/Illuminate/Queue/CallQueuedHandler.php(70): Illuminate\\Queue\\CallQueuedHandler->dispatchThroughMiddleware()
#16 /home/rouqy-jewellery-api-faz/htdocs/api-faz.rouqy-jewellery.com/vendor/laravel/framework/src/Illuminate/Queue/Jobs/Job.php(102): Illuminate\\Queue\\CallQueuedHandler->call()
#17 /home/rouqy-jewellery-api-faz/htdocs/api-faz.rouqy-jewellery.com/vendor/laravel/framework/src/Illuminate/Queue/Worker.php(504): Illuminate\\Queue\\Jobs\\Job->fire()
#18 /home/rouqy-jewellery-api-faz/htdocs/api-faz.rouqy-jewellery.com/vendor/laravel/framework/src/Illuminate/Queue/Worker.php(454): Illuminate\\Queue\\Worker->process()
#19 /home/rouqy-jewellery-api-faz/htdocs/api-faz.rouqy-jewellery.com/vendor/laravel/framework/src/Illuminate/Queue/Worker.php(212): Illuminate\\Queue\\Worker->runJob()
#20 /home/rouqy-jewellery-api-faz/htdocs/api-faz.rouqy-jewellery.com/vendor/laravel/framework/src/Illuminate/Queue/Console/WorkCommand.php(149): Illuminate\\Queue\\Worker->daemon()
#21 /home/rouqy-jewellery-api-faz/htdocs/api-faz.rouqy-jewellery.com/vendor/laravel/framework/src/Illuminate/Queue/Console/WorkCommand.php(132): Illuminate\\Queue\\Console\\WorkCommand->runWorker()
#22 /home/rouqy-jewellery-api-faz/htdocs/api-faz.rouqy-jewellery.com/vendor/laravel/framework/src/Illuminate/Container/BoundMethod.php(36): Illuminate\\Queue\\Console\\WorkCommand->handle()
#23 /home/rouqy-jewellery-api-faz/htdocs/api-faz.rouqy-jewellery.com/vendor/laravel/framework/src/Illuminate/Container/Util.php(43): Illuminate\\Container\\BoundMethod::{closure:Illuminate\\Container\\BoundMethod::call():35}()
#24 /home/rouqy-jewellery-api-faz/htdocs/api-faz.rouqy-jewellery.com/vendor/laravel/framework/src/Illuminate/Container/BoundMethod.php(96): Illuminate\\Container\\Util::unwrapIfClosure()
#25 /home/rouqy-jewellery-api-faz/htdocs/api-faz.rouqy-jewellery.com/vendor/laravel/framework/src/Illuminate/Container/BoundMethod.php(35): Illuminate\\Container\\BoundMethod::callBoundMethod()
#26 /home/rouqy-jewellery-api-faz/htdocs/api-faz.rouqy-jewellery.com/vendor/laravel/framework/src/Illuminate/Container/Container.php(799): Illuminate\\Container\\BoundMethod::call()
#27 /home/rouqy-jewellery-api-faz/htdocs/api-faz.rouqy-jewellery.com/vendor/laravel/framework/src/Illuminate/Console/Command.php(211): Illuminate\\Container\\Container->call()
#28 /home/rouqy-jewellery-api-faz/htdocs/api-faz.rouqy-jewellery.com/vendor/symfony/console/Command/Command.php(341): Illuminate\\Console\\Command->execute()
#29 /home/rouqy-jewellery-api-faz/htdocs/api-faz.rouqy-jewellery.com/vendor/laravel/framework/src/Illuminate/Console/Command.php(180): Symfony\\Component\\Console\\Command\\Command->run()
#30 /home/rouqy-jewellery-api-faz/htdocs/api-faz.rouqy-jewellery.com/vendor/symfony/console/Application.php(1117): Illuminate\\Console\\Command->run()
#31 /home/rouqy-jewellery-api-faz/htdocs/api-faz.rouqy-jewellery.com/vendor/symfony/console/Application.php(356): Symfony\\Component\\Console\\Application->doRunCommand()
#32 /home/rouqy-jewellery-api-faz/htdocs/api-faz.rouqy-jewellery.com/vendor/symfony/console/Application.php(195): Symfony\\Component\\Console\\Application->doRun()
#33 /home/rouqy-jewellery-api-faz/htdocs/api-faz.rouqy-jewellery.com/vendor/laravel/framework/src/Illuminate/Foundation/Console/Kernel.php(198): Symfony\\Component\\Console\\Application->run()
#34 /home/rouqy-jewellery-api-faz/htdocs/api-faz.rouqy-jewellery.com/vendor/laravel/framework/src/Illuminate/Foundation/Application.php(1235): Illuminate\\Foundation\\Console\\Kernel->handle()
#35 /home/rouqy-jewellery-api-faz/htdocs/api-faz.rouqy-jewellery.com/artisan(16): Illuminate\\Foundation\\Application->handleCommand()
#36 {main}
"} 
[2026-07-21 10:55:13] local.ERROR: company_certificate_not_ready {"exception":"[object] (RuntimeException(code: 0): company_certificate_not_ready at /home/rouqy-jewellery-api-faz/htdocs/api-faz.rouqy-jewellery.com/app/Services/Zatca/ZatcaInvoiceSigningService.php:36)
[stacktrace]
#0 /home/rouqy-jewellery-api-faz/htdocs/api-faz.rouqy-jewellery.com/app/Services/Zatca/ZatcaInvoiceProcessingService.php(63): App\\Services\\Zatca\\ZatcaInvoiceSigningService->sign()
#1 /home/rouqy-jewellery-api-faz/htdocs/api-faz.rouqy-jewellery.com/app/Jobs/SignInvoiceXmlJob.php(34): App\\Services\\Zatca\\ZatcaInvoiceProcessingService->signInvoice()
#2 /home/rouqy-jewellery-api-faz/htdocs/api-faz.rouqy-jewellery.com/vendor/laravel/framework/src/Illuminate/Container/BoundMethod.php(36): App\\Jobs\\SignInvoiceXmlJob->handle()
#3 /home/rouqy-jewellery-api-faz/htdocs/api-faz.rouqy-jewellery.com/vendor/laravel/framework/src/Illuminate/Container/Util.php(43): Illuminate\\Container\\BoundMethod::{closure:Illuminate\\Container\\BoundMethod::call():35}()
#4 /home/rouqy-jewellery-api-faz/htdocs/api-faz.rouqy-jewellery.com/vendor/laravel/framework/src/Illuminate/Container/BoundMethod.php(96): Illuminate\\Container\\Util::unwrapIfClosure()
#5 /home/rouqy-jewellery-api-faz/htdocs/api-faz.rouqy-jewellery.com/vendor/laravel/framework/src/Illuminate/Container/BoundMethod.php(35): Illuminate\\Container\\BoundMethod::callBoundMethod()
#6 /home/rouqy-jewellery-api-faz/htdocs/api-faz.rouqy-jewellery.com/vendor/laravel/framework/src/Illuminate/Container/Container.php(799): Illuminate\\Container\\BoundMethod::call()
#7 /home/rouqy-jewellery-api-faz/htdocs/api-faz.rouqy-jewellery.com/vendor/laravel/framework/src/Illuminate/Bus/Dispatcher.php(129): Illuminate\\Container\\Container->call()
#8 /home/rouqy-jewellery-api-faz/htdocs/api-faz.rouqy-jewellery.com/vendor/laravel/framework/src/Illuminate/Pipeline/Pipeline.php(180): Illuminate\\Bus\\Dispatcher->{closure:Illuminate\\Bus\\Dispatcher::dispatchNow():126}()
#9 /home/rouqy-jewellery-api-faz/htdocs/api-faz.rouqy-jewellery.com/vendor/laravel/framework/src/Illuminate/Pipeline/Pipeline.php(137): Illuminate\\Pipeline\\Pipeline->{closure:Illuminate\\Pipeline\\Pipeline::prepareDestination():178}()
#10 /home/rouqy-jewellery-api-faz/htdocs/api-faz.rouqy-jewellery.com/vendor/laravel/framework/src/Illuminate/Bus/Dispatcher.php(133): Illuminate\\Pipeline\\Pipeline->then()
#11 /home/rouqy-jewellery-api-faz/htdocs/api-faz.rouqy-jewellery.com/vendor/laravel/framework/src/Illuminate/Queue/CallQueuedHandler.php(136): Illuminate\\Bus\\Dispatcher->dispatchNow()
#12 /home/rouqy-jewellery-api-faz/htdocs/api-faz.rouqy-jewellery.com/vendor/laravel/framework/src/Illuminate/Pipeline/Pipeline.php(180): Illuminate\\Queue\\CallQueuedHandler->{closure:Illuminate\\Queue\\CallQueuedHandler::dispatchThroughMiddleware():129}()
#13 /home/rouqy-jewellery-api-faz/htdocs/api-faz.rouqy-jewellery.com/vendor/laravel/framework/src/Illuminate/Pipeline/Pipeline.php(137): Illuminate\\Pipeline\\Pipeline->{closure:Illuminate\\Pipeline\\Pipeline::prepareDestination():178}()
#14 /home/rouqy-jewellery-api-faz/htdocs/api-faz.rouqy-jewellery.com/vendor/laravel/framework/src/Illuminate/Queue/CallQueuedHandler.php(129): Illuminate\\Pipeline\\Pipeline->then()
#15 /home/rouqy-jewellery-api-faz/htdocs/api-faz.rouqy-jewellery.com/vendor/laravel/framework/src/Illuminate/Queue/CallQueuedHandler.php(70): Illuminate\\Queue\\CallQueuedHandler->dispatchThroughMiddleware()
#16 /home/rouqy-jewellery-api-faz/htdocs/api-faz.rouqy-jewellery.com/vendor/laravel/framework/src/Illuminate/Queue/Jobs/Job.php(102): Illuminate\\Queue\\CallQueuedHandler->call()
#17 /home/rouqy-jewellery-api-faz/htdocs/api-faz.rouqy-jewellery.com/vendor/laravel/framework/src/Illuminate/Queue/Worker.php(504): Illuminate\\Queue\\Jobs\\Job->fire()
#18 /home/rouqy-jewellery-api-faz/htdocs/api-faz.rouqy-jewellery.com/vendor/laravel/framework/src/Illuminate/Queue/Worker.php(454): Illuminate\\Queue\\Worker->process()
#19 /home/rouqy-jewellery-api-faz/htdocs/api-faz.rouqy-jewellery.com/vendor/laravel/framework/src/Illuminate/Queue/Worker.php(212): Illuminate\\Queue\\Worker->runJob()
#20 /home/rouqy-jewellery-api-faz/htdocs/api-faz.rouqy-jewellery.com/vendor/laravel/framework/src/Illuminate/Queue/Console/WorkCommand.php(149): Illuminate\\Queue\\Worker->daemon()
#21 /home/rouqy-jewellery-api-faz/htdocs/api-faz.rouqy-jewellery.com/vendor/laravel/framework/src/Illuminate/Queue/Console/WorkCommand.php(132): Illuminate\\Queue\\Console\\WorkCommand->runWorker()
#22 /home/rouqy-jewellery-api-faz/htdocs/api-faz.rouqy-jewellery.com/vendor/laravel/framework/src/Illuminate/Container/BoundMethod.php(36): Illuminate\\Queue\\Console\\WorkCommand->handle()
#23 /home/rouqy-jewellery-api-faz/htdocs/api-faz.rouqy-jewellery.com/vendor/laravel/framework/src/Illuminate/Container/Util.php(43): Illuminate\\Container\\BoundMethod::{closure:Illuminate\\Container\\BoundMethod::call():35}()
#24 /home/rouqy-jewellery-api-faz/htdocs/api-faz.rouqy-jewellery.com/vendor/laravel/framework/src/Illuminate/Container/BoundMethod.php(96): Illuminate\\Container\\Util::unwrapIfClosure()
#25 /home/rouqy-jewellery-api-faz/htdocs/api-faz.rouqy-jewellery.com/vendor/laravel/framework/src/Illuminate/Container/BoundMethod.php(35): Illuminate\\Container\\BoundMethod::callBoundMethod()
#26 /home/rouqy-jewellery-api-faz/htdocs/api-faz.rouqy-jewellery.com/vendor/laravel/framework/src/Illuminate/Container/Container.php(799): Illuminate\\Container\\BoundMethod::call()
#27 /home/rouqy-jewellery-api-faz/htdocs/api-faz.rouqy-jewellery.com/vendor/laravel/framework/src/Illuminate/Console/Command.php(211): Illuminate\\Container\\Container->call()
#28 /home/rouqy-jewellery-api-faz/htdocs/api-faz.rouqy-jewellery.com/vendor/symfony/console/Command/Command.php(341): Illuminate\\Console\\Command->execute()
#29 /home/rouqy-jewellery-api-faz/htdocs/api-faz.rouqy-jewellery.com/vendor/laravel/framework/src/Illuminate/Console/Command.php(180): Symfony\\Component\\Console\\Command\\Command->run()
#30 /home/rouqy-jewellery-api-faz/htdocs/api-faz.rouqy-jewellery.com/vendor/symfony/console/Application.php(1117): Illuminate\\Console\\Command->run()
#31 /home/rouqy-jewellery-api-faz/htdocs/api-faz.rouqy-jewellery.com/vendor/symfony/console/Application.php(356): Symfony\\Component\\Console\\Application->doRunCommand()
#32 /home/rouqy-jewellery-api-faz/htdocs/api-faz.rouqy-jewellery.com/vendor/symfony/console/Application.php(195): Symfony\\Component\\Console\\Application->doRun()
#33 /home/rouqy-jewellery-api-faz/htdocs/api-faz.rouqy-jewellery.com/vendor/laravel/framework/src/Illuminate/Foundation/Console/Kernel.php(198): Symfony\\Component\\Console\\Application->run()
#34 /home/rouqy-jewellery-api-faz/htdocs/api-faz.rouqy-jewellery.com/vendor/laravel/framework/src/Illuminate/Foundation/Application.php(1235): Illuminate\\Foundation\\Console\\Kernel->handle()
#35 /home/rouqy-jewellery-api-faz/htdocs/api-faz.rouqy-jewellery.com/artisan(16): Illuminate\\Foundation\\Application->handleCommand()
#36 {main}
"} 
[2026-07-22 12:50:17] local.ERROR: Route [login] not defined. {"exception":"[object] (Symfony\\Component\\Routing\\Exception\\RouteNotFoundException(code: 0): Route [login] not defined. at /home/rouqy-jewellery-api-faz/htdocs/api-faz.rouqy-jewellery.com/vendor/laravel/framework/src/Illuminate/Routing/UrlGenerator.php:534)
[stacktrace]
#0 /home/rouqy-jewellery-api-faz/htdocs/api-faz.rouqy-jewellery.com/vendor/laravel/framework/src/Illuminate/Foundation/helpers.php(870): Illuminate\\Routing\\UrlGenerator->route()
#1 /home/rouqy-jewellery-api-faz/htdocs/api-faz.rouqy-jewellery.com/vendor/laravel/framework/src/Illuminate/Foundation/Configuration/ApplicationBuilder.php(278): route()
#2 [internal function]: Illuminate\\Foundation\\Configuration\\ApplicationBuilder->Illuminate\\Foundation\\Configuration\\{closure}()
#3 /home/rouqy-jewellery-api-faz/htdocs/api-faz.rouqy-jewellery.com/vendor/laravel/framework/src/Illuminate/Auth/Middleware/Authenticate.php(117): call_user_func()
#4 /home/rouqy-jewellery-api-faz/htdocs/api-faz.rouqy-jewellery.com/vendor/laravel/framework/src/Illuminate/Auth/Middleware/Authenticate.php(104): Illuminate\\Auth\\Middleware\\Authenticate->redirectTo()
#5 /home/rouqy-jewellery-api-faz/htdocs/api-faz.rouqy-jewellery.com/vendor/laravel/framework/src/Illuminate/Auth/Middleware/Authenticate.php(87): Illuminate\\Auth\\Middleware\\Authenticate->unauthenticated()
#6 /home/rouqy-jewellery-api-faz/htdocs/api-faz.rouqy-jewellery.com/vendor/laravel/framework/src/Illuminate/Auth/Middleware/Authenticate.php(61): Illuminate\\Auth\\Middleware\\Authenticate->authenticate()
#7 /home/rouqy-jewellery-api-faz/htdocs/api-faz.rouqy-jewellery.com/vendor/laravel/framework/src/Illuminate/Pipeline/Pipeline.php(219): Illuminate\\Auth\\Middleware\\Authenticate->handle()
#8 /home/rouqy-jewellery-api-faz/htdocs/api-faz.rouqy-jewellery.com/vendor/laravel/framework/src/Illuminate/Pipeline/Pipeline.php(137): Illuminate\\Pipeline\\Pipeline->Illuminate\\Pipeline\\{closure}()
#9 /home/rouqy-jewellery-api-faz/htdocs/api-faz.rouqy-jewellery.com/vendor/laravel/framework/src/Illuminate/Routing/Router.php(821): Illuminate\\Pipeline\\Pipeline->then()
#10 /home/rouqy-jewellery-api-faz/htdocs/api-faz.rouqy-jewellery.com/vendor/laravel/framework/src/Illuminate/Routing/Router.php(800): Illuminate\\Routing\\Router->runRouteWithinStack()
#11 /home/rouqy-jewellery-api-faz/htdocs/api-faz.rouqy-jewellery.com/vendor/laravel/framework/src/Illuminate/Routing/Router.php(764): Illuminate\\Routing\\Router->runRoute()
#12 /home/rouqy-jewellery-api-faz/htdocs/api-faz.rouqy-jewellery.com/vendor/laravel/framework/src/Illuminate/Routing/Router.php(753): Illuminate\\Routing\\Router->dispatchToRoute()
#13 /home/rouqy-jewellery-api-faz/htdocs/api-faz.rouqy-jewellery.com/vendor/laravel/framework/src/Illuminate/Foundation/Http/Kernel.php(200): Illuminate\\Routing\\Router->dispatch()
#14 /home/rouqy-jewellery-api-faz/htdocs/api-faz.rouqy-jewellery.com/vendor/laravel/framework/src/Illuminate/Pipeline/Pipeline.php(180): Illuminate\\Foundation\\Http\\Kernel->Illuminate\\Foundation\\Http\\{closure}()
#15 /home/rouqy-jewellery-api-faz/htdocs/api-faz.rouqy-jewellery.com/vendor/laravel/framework/src/Illuminate/Foundation/Http/Middleware/TransformsRequest.php(21): Illuminate\\Pipeline\\Pipeline->Illuminate\\Pipeline\\{closure}()
#16 /home/rouqy-jewellery-api-faz/htdocs/api-faz.rouqy-jewellery.com/vendor/laravel/framework/src/Illuminate/Foundation/Http/Middleware/ConvertEmptyStringsToNull.php(31): Illuminate\\Foundation\\Http\\Middleware\\TransformsRequest->handle()
#17 /home/rouqy-jewellery-api-faz/htdocs/api-faz.rouqy-jewellery.com/vendor/laravel/framework/src/Illuminate/Pipeline/Pipeline.php(219): Illuminate\\Foundation\\Http\\Middleware\\ConvertEmptyStringsToNull->handle()
#18 /home/rouqy-jewellery-api-faz/htdocs/api-faz.rouqy-jewellery.com/vendor/laravel/framework/src/Illuminate/Foundation/Http/Middleware/TransformsRequest.php(21): Illuminate\\Pipeline\\Pipeline->Illuminate\\Pipeline\\{closure}()
#19 /home/rouqy-jewellery-api-faz/htdocs/api-faz.rouqy-jewellery.com/vendor/laravel/framework/src/Illuminate/Foundation/Http/Middleware/TrimStrings.php(51): Illuminate\\Foundation\\Http\\Middleware\\TransformsRequest->handle()
#20 /home/rouqy-jewellery-api-faz/htdocs/api-faz.rouqy-jewellery.com/vendor/laravel/framework/src/Illuminate/Pipeline/Pipeline.php(219): Illuminate\\Foundation\\Http\\Middleware\\TrimStrings->handle()
#21 /home/rouqy-jewellery-api-faz/htdocs/api-faz.rouqy-jewellery.com/vendor/laravel/framework/src/Illuminate/Http/Middleware/ValidatePostSize.php(27): Illuminate\\Pipeline\\Pipeline->Illuminate\\Pipeline\\{closure}()
#22 /home/rouqy-jewellery-api-faz/htdocs/api-faz.rouqy-jewellery.com/vendor/laravel/framework/src/Illuminate/Pipeline/Pipeline.php(219): Illuminate\\Http\\Middleware\\ValidatePostSize->handle()
#23 /home/rouqy-jewellery-api-faz/htdocs/api-faz.rouqy-jewellery.com/vendor/laravel/framework/src/Illuminate/Foundation/Http/Middleware/PreventRequestsDuringMaintenance.php(109): Illuminate\\Pipeline\\Pipeline->Illuminate\\Pipeline\\{closure}()
#24 /home/rouqy-jewellery-api-faz/htdocs/api-faz.rouqy-jewellery.com/vendor/laravel/framework/src/Illuminate/Pipeline/Pipeline.php(219): Illuminate\\Foundation\\Http\\Middleware\\PreventRequestsDuringMaintenance->handle()
#25 /home/rouqy-jewellery-api-faz/htdocs/api-faz.rouqy-jewellery.com/vendor/laravel/framework/src/Illuminate/Http/Middleware/HandleCors.php(74): Illuminate\\Pipeline\\Pipeline->Illuminate\\Pipeline\\{closure}()
#26 /home/rouqy-jewellery-api-faz/htdocs/api-faz.rouqy-jewellery.com/vendor/laravel/framework/src/Illuminate/Pipeline/Pipeline.php(219): Illuminate\\Http\\Middleware\\HandleCors->handle()
#27 /home/rouqy-jewellery-api-faz/htdocs/api-faz.rouqy-jewellery.com/vendor/laravel/framework/src/Illuminate/Http/Middleware/TrustProxies.php(58): Illuminate\\Pipeline\\Pipeline->Illuminate\\Pipeline\\{closure}()
#28 /home/rouqy-jewellery-api-faz/htdocs/api-faz.rouqy-jewellery.com/vendor/laravel/framework/src/Illuminate/Pipeline/Pipeline.php(219): Illuminate\\Http\\Middleware\\TrustProxies->handle()
#29 /home/rouqy-jewellery-api-faz/htdocs/api-faz.rouqy-jewellery.com/vendor/laravel/framework/src/Illuminate/Foundation/Http/Middleware/InvokeDeferredCallbacks.php(22): Illuminate\\Pipeline\\Pipeline->Illuminate\\Pipeline\\{closure}()
#30 /home/rouqy-jewellery-api-faz/htdocs/api-faz.rouqy-jewellery.com/vendor/laravel/framework/src/Illuminate/Pipeline/Pipeline.php(219): Illuminate\\Foundation\\Http\\Middleware\\InvokeDeferredCallbacks->handle()
#31 /home/rouqy-jewellery-api-faz/htdocs/api-faz.rouqy-jewellery.com/vendor/laravel/framework/src/Illuminate/Http/Middleware/ValidatePathEncoding.php(26): Illuminate\\Pipeline\\Pipeline->Illuminate\\Pipeline\\{closure}()
#32 /home/rouqy-jewellery-api-faz/htdocs/api-faz.rouqy-jewellery.com/vendor/laravel/framework/src/Illuminate/Pipeline/Pipeline.php(219): Illuminate\\Http\\Middleware\\ValidatePathEncoding->handle()
#33 /home/rouqy-jewellery-api-faz/htdocs/api-faz.rouqy-jewellery.com/vendor/laravel/framework/src/Illuminate/Pipeline/Pipeline.php(137): Illuminate\\Pipeline\\Pipeline->Illuminate\\Pipeline\\{closure}()
#34 /home/rouqy-jewellery-api-faz/htdocs/api-faz.rouqy-jewellery.com/vendor/laravel/framework/src/Illuminate/Foundation/Http/Kernel.php(175): Illuminate\\Pipeline\\Pipeline->then()
#35 /home/rouqy-jewellery-api-faz/htdocs/api-faz.rouqy-jewellery.com/vendor/laravel/framework/src/Illuminate/Foundation/Http/Kernel.php(144): Illuminate\\Foundation\\Http\\Kernel->sendRequestThroughRouter()
#36 /home/rouqy-jewellery-api-faz/htdocs/api-faz.rouqy-jewellery.com/vendor/laravel/framework/src/Illuminate/Foundation/Application.php(1220): Illuminate\\Foundation\\Http\\Kernel->handle()
#37 /home/rouqy-jewellery-api-faz/htdocs/api-faz.rouqy-jewellery.com/public/index.php(20): Illuminate\\Foundation\\Application->handleRequest()
#38 {main}
"} 
[2026-07-22 12:51:19] local.ERROR: Route [login] not defined. {"exception":"[object] (Symfony\\Component\\Routing\\Exception\\RouteNotFoundException(code: 0): Route [login] not defined. at /home/rouqy-jewellery-api-faz/htdocs/api-faz.rouqy-jewellery.com/vendor/laravel/framework/src/Illuminate/Routing/UrlGenerator.php:534)
[stacktrace]
#0 /home/rouqy-jewellery-api-faz/htdocs/api-faz.rouqy-jewellery.com/vendor/laravel/framework/src/Illuminate/Foundation/helpers.php(870): Illuminate\\Routing\\UrlGenerator->route()
#1 /home/rouqy-jewellery-api-faz/htdocs/api-faz.rouqy-jewellery.com/vendor/laravel/framework/src/Illuminate/Foundation/Configuration/ApplicationBuilder.php(278): route()
#2 [internal function]: Illuminate\\Foundation\\Configuration\\ApplicationBuilder->Illuminate\\Foundation\\Configuration\\{closure}()
#3 /home/rouqy-jewellery-api-faz/htdocs/api-faz.rouqy-jewellery.com/vendor/laravel/framework/src/Illuminate/Auth/Middleware/Authenticate.php(117): call_user_func()
#4 /home/rouqy-jewellery-api-faz/htdocs/api-faz.rouqy-jewellery.com/vendor/laravel/framework/src/Illuminate/Auth/Middleware/Authenticate.php(104): Illuminate\\Auth\\Middleware\\Authenticate->redirectTo()
#5 /home/rouqy-jewellery-api-faz/htdocs/api-faz.rouqy-jewellery.com/vendor/laravel/framework/src/Illuminate/Auth/Middleware/Authenticate.php(87): Illuminate\\Auth\\Middleware\\Authenticate->unauthenticated()
#6 /home/rouqy-jewellery-api-faz/htdocs/api-faz.rouqy-jewellery.com/vendor/laravel/framework/src/Illuminate/Auth/Middleware/Authenticate.php(61): Illuminate\\Auth\\Middleware\\Authenticate->authenticate()
#7 /home/rouqy-jewellery-api-faz/htdocs/api-faz.rouqy-jewellery.com/vendor/laravel/framework/src/Illuminate/Pipeline/Pipeline.php(219): Illuminate\\Auth\\Middleware\\Authenticate->handle()
#8 /home/rouqy-jewellery-api-faz/htdocs/api-faz.rouqy-jewellery.com/vendor/laravel/framework/src/Illuminate/Pipeline/Pipeline.php(137): Illuminate\\Pipeline\\Pipeline->Illuminate\\Pipeline\\{closure}()
#9 /home/rouqy-jewellery-api-faz/htdocs/api-faz.rouqy-jewellery.com/vendor/laravel/framework/src/Illuminate/Routing/Router.php(821): Illuminate\\Pipeline\\Pipeline->then()
#10 /home/rouqy-jewellery-api-faz/htdocs/api-faz.rouqy-jewellery.com/vendor/laravel/framework/src/Illuminate/Routing/Router.php(800): Illuminate\\Routing\\Router->runRouteWithinStack()
#11 /home/rouqy-jewellery-api-faz/htdocs/api-faz.rouqy-jewellery.com/vendor/laravel/framework/src/Illuminate/Routing/Router.php(764): Illuminate\\Routing\\Router->runRoute()
#12 /home/rouqy-jewellery-api-faz/htdocs/api-faz.rouqy-jewellery.com/vendor/laravel/framework/src/Illuminate/Routing/Router.php(753): Illuminate\\Routing\\Router->dispatchToRoute()
#13 /home/rouqy-jewellery-api-faz/htdocs/api-faz.rouqy-jewellery.com/vendor/laravel/framework/src/Illuminate/Foundation/Http/Kernel.php(200): Illuminate\\Routing\\Router->dispatch()
#14 /home/rouqy-jewellery-api-faz/htdocs/api-faz.rouqy-jewellery.com/vendor/laravel/framework/src/Illuminate/Pipeline/Pipeline.php(180): Illuminate\\Foundation\\Http\\Kernel->Illuminate\\Foundation\\Http\\{closure}()
#15 /home/rouqy-jewellery-api-faz/htdocs/api-faz.rouqy-jewellery.com/vendor/laravel/framework/src/Illuminate/Foundation/Http/Middleware/TransformsRequest.php(21): Illuminate\\Pipeline\\Pipeline->Illuminate\\Pipeline\\{closure}()
#16 /home/rouqy-jewellery-api-faz/htdocs/api-faz.rouqy-jewellery.com/vendor/laravel/framework/src/Illuminate/Foundation/Http/Middleware/ConvertEmptyStringsToNull.php(31): Illuminate\\Foundation\\Http\\Middleware\\TransformsRequest->handle()
#17 /home/rouqy-jewellery-api-faz/htdocs/api-faz.rouqy-jewellery.com/vendor/laravel/framework/src/Illuminate/Pipeline/Pipeline.php(219): Illuminate\\Foundation\\Http\\Middleware\\ConvertEmptyStringsToNull->handle()
#18 /home/rouqy-jewellery-api-faz/htdocs/api-faz.rouqy-jewellery.com/vendor/laravel/framework/src/Illuminate/Foundation/Http/Middleware/TransformsRequest.php(21): Illuminate\\Pipeline\\Pipeline->Illuminate\\Pipeline\\{closure}()
#19 /home/rouqy-jewellery-api-faz/htdocs/api-faz.rouqy-jewellery.com/vendor/laravel/framework/src/Illuminate/Foundation/Http/Middleware/TrimStrings.php(51): Illuminate\\Foundation\\Http\\Middleware\\TransformsRequest->handle()
#20 /home/rouqy-jewellery-api-faz/htdocs/api-faz.rouqy-jewellery.com/vendor/laravel/framework/src/Illuminate/Pipeline/Pipeline.php(219): Illuminate\\Foundation\\Http\\Middleware\\TrimStrings->handle()
#21 /home/rouqy-jewellery-api-faz/htdocs/api-faz.rouqy-jewellery.com/vendor/laravel/framework/src/Illuminate/Http/Middleware/ValidatePostSize.php(27): Illuminate\\Pipeline\\Pipeline->Illuminate\\Pipeline\\{closure}()
#22 /home/rouqy-jewellery-api-faz/htdocs/api-faz.rouqy-jewellery.com/vendor/laravel/framework/src/Illuminate/Pipeline/Pipeline.php(219): Illuminate\\Http\\Middleware\\ValidatePostSize->handle()
#23 /home/rouqy-jewellery-api-faz/htdocs/api-faz.rouqy-jewellery.com/vendor/laravel/framework/src/Illuminate/Foundation/Http/Middleware/PreventRequestsDuringMaintenance.php(109): Illuminate\\Pipeline\\Pipeline->Illuminate\\Pipeline\\{closure}()
#24 /home/rouqy-jewellery-api-faz/htdocs/api-faz.rouqy-jewellery.com/vendor/laravel/framework/src/Illuminate/Pipeline/Pipeline.php(219): Illuminate\\Foundation\\Http\\Middleware\\PreventRequestsDuringMaintenance->handle()
#25 /home/rouqy-jewellery-api-faz/htdocs/api-faz.rouqy-jewellery.com/vendor/laravel/framework/src/Illuminate/Http/Middleware/HandleCors.php(74): Illuminate\\Pipeline\\Pipeline->Illuminate\\Pipeline\\{closure}()
#26 /home/rouqy-jewellery-api-faz/htdocs/api-faz.rouqy-jewellery.com/vendor/laravel/framework/src/Illuminate/Pipeline/Pipeline.php(219): Illuminate\\Http\\Middleware\\HandleCors->handle()
#27 /home/rouqy-jewellery-api-faz/htdocs/api-faz.rouqy-jewellery.com/vendor/laravel/framework/src/Illuminate/Http/Middleware/TrustProxies.php(58): Illuminate\\Pipeline\\Pipeline->Illuminate\\Pipeline\\{closure}()
#28 /home/rouqy-jewellery-api-faz/htdocs/api-faz.rouqy-jewellery.com/vendor/laravel/framework/src/Illuminate/Pipeline/Pipeline.php(219): Illuminate\\Http\\Middleware\\TrustProxies->handle()
#29 /home/rouqy-jewellery-api-faz/htdocs/api-faz.rouqy-jewellery.com/vendor/laravel/framework/src/Illuminate/Foundation/Http/Middleware/InvokeDeferredCallbacks.php(22): Illuminate\\Pipeline\\Pipeline->Illuminate\\Pipeline\\{closure}()
#30 /home/rouqy-jewellery-api-faz/htdocs/api-faz.rouqy-jewellery.com/vendor/laravel/framework/src/Illuminate/Pipeline/Pipeline.php(219): Illuminate\\Foundation\\Http\\Middleware\\InvokeDeferredCallbacks->handle()
#31 /home/rouqy-jewellery-api-faz/htdocs/api-faz.rouqy-jewellery.com/vendor/laravel/framework/src/Illuminate/Http/Middleware/ValidatePathEncoding.php(26): Illuminate\\Pipeline\\Pipeline->Illuminate\\Pipeline\\{closure}()
#32 /home/rouqy-jewellery-api-faz/htdocs/api-faz.rouqy-jewellery.com/vendor/laravel/framework/src/Illuminate/Pipeline/Pipeline.php(219): Illuminate\\Http\\Middleware\\ValidatePathEncoding->handle()
#33 /home/rouqy-jewellery-api-faz/htdocs/api-faz.rouqy-jewellery.com/vendor/laravel/framework/src/Illuminate/Pipeline/Pipeline.php(137): Illuminate\\Pipeline\\Pipeline->Illuminate\\Pipeline\\{closure}()
#34 /home/rouqy-jewellery-api-faz/htdocs/api-faz.rouqy-jewellery.com/vendor/laravel/framework/src/Illuminate/Foundation/Http/Kernel.php(175): Illuminate\\Pipeline\\Pipeline->then()
#35 /home/rouqy-jewellery-api-faz/htdocs/api-faz.rouqy-jewellery.com/vendor/laravel/framework/src/Illuminate/Foundation/Http/Kernel.php(144): Illuminate\\Foundation\\Http\\Kernel->sendRequestThroughRouter()
#36 /home/rouqy-jewellery-api-faz/htdocs/api-faz.rouqy-jewellery.com/vendor/laravel/framework/src/Illuminate/Foundation/Application.php(1220): Illuminate\\Foundation\\Http\\Kernel->handle()
#37 /home/rouqy-jewellery-api-faz/htdocs/api-faz.rouqy-jewellery.com/public/index.php(20): Illuminate\\Foundation\\Application->handleRequest()
#38 {main}
"} 
[2026-07-22 12:51:30] local.ERROR: Route [login] not defined. {"exception":"[object] (Symfony\\Component\\Routing\\Exception\\RouteNotFoundException(code: 0): Route [login] not defined. at /home/rouqy-jewellery-api-faz/htdocs/api-faz.rouqy-jewellery.com/vendor/laravel/framework/src/Illuminate/Routing/UrlGenerator.php:534)
[stacktrace]
#0 /home/rouqy-jewellery-api-faz/htdocs/api-faz.rouqy-jewellery.com/vendor/laravel/framework/src/Illuminate/Foundation/helpers.php(870): Illuminate\\Routing\\UrlGenerator->route()
#1 /home/rouqy-jewellery-api-faz/htdocs/api-faz.rouqy-jewellery.com/vendor/laravel/framework/src/Illuminate/Foundation/Configuration/ApplicationBuilder.php(278): route()
#2 [internal function]: Illuminate\\Foundation\\Configuration\\ApplicationBuilder->Illuminate\\Foundation\\Configuration\\{closure}()
#3 /home/rouqy-jewellery-api-faz/htdocs/api-faz.rouqy-jewellery.com/vendor/laravel/framework/src/Illuminate/Auth/Middleware/Authenticate.php(117): call_user_func()
#4 /home/rouqy-jewellery-api-faz/htdocs/api-faz.rouqy-jewellery.com/vendor/laravel/framework/src/Illuminate/Auth/Middleware/Authenticate.php(104): Illuminate\\Auth\\Middleware\\Authenticate->redirectTo()
#5 /home/rouqy-jewellery-api-faz/htdocs/api-faz.rouqy-jewellery.com/vendor/laravel/framework/src/Illuminate/Auth/Middleware/Authenticate.php(87): Illuminate\\Auth\\Middleware\\Authenticate->unauthenticated()
#6 /home/rouqy-jewellery-api-faz/htdocs/api-faz.rouqy-jewellery.com/vendor/laravel/framework/src/Illuminate/Auth/Middleware/Authenticate.php(61): Illuminate\\Auth\\Middleware\\Authenticate->authenticate()
#7 /home/rouqy-jewellery-api-faz/htdocs/api-faz.rouqy-jewellery.com/vendor/laravel/framework/src/Illuminate/Pipeline/Pipeline.php(219): Illuminate\\Auth\\Middleware\\Authenticate->handle()
#8 /home/rouqy-jewellery-api-faz/htdocs/api-faz.rouqy-jewellery.com/vendor/laravel/framework/src/Illuminate/Pipeline/Pipeline.php(137): Illuminate\\Pipeline\\Pipeline->Illuminate\\Pipeline\\{closure}()
#9 /home/rouqy-jewellery-api-faz/htdocs/api-faz.rouqy-jewellery.com/vendor/laravel/framework/src/Illuminate/Routing/Router.php(821): Illuminate\\Pipeline\\Pipeline->then()
#10 /home/rouqy-jewellery-api-faz/htdocs/api-faz.rouqy-jewellery.com/vendor/laravel/framework/src/Illuminate/Routing/Router.php(800): Illuminate\\Routing\\Router->runRouteWithinStack()
#11 /home/rouqy-jewellery-api-faz/htdocs/api-faz.rouqy-jewellery.com/vendor/laravel/framework/src/Illuminate/Routing/Router.php(764): Illuminate\\Routing\\Router->runRoute()
#12 /home/rouqy-jewellery-api-faz/htdocs/api-faz.rouqy-jewellery.com/vendor/laravel/framework/src/Illuminate/Routing/Router.php(753): Illuminate\\Routing\\Router->dispatchToRoute()
#13 /home/rouqy-jewellery-api-faz/htdocs/api-faz.rouqy-jewellery.com/vendor/laravel/framework/src/Illuminate/Foundation/Http/Kernel.php(200): Illuminate\\Routing\\Router->dispatch()
#14 /home/rouqy-jewellery-api-faz/htdocs/api-faz.rouqy-jewellery.com/vendor/laravel/framework/src/Illuminate/Pipeline/Pipeline.php(180): Illuminate\\Foundation\\Http\\Kernel->Illuminate\\Foundation\\Http\\{closure}()
#15 /home/rouqy-jewellery-api-faz/htdocs/api-faz.rouqy-jewellery.com/vendor/laravel/framework/src/Illuminate/Foundation/Http/Middleware/TransformsRequest.php(21): Illuminate\\Pipeline\\Pipeline->Illuminate\\Pipeline\\{closure}()
#16 /home/rouqy-jewellery-api-faz/htdocs/api-faz.rouqy-jewellery.com/vendor/laravel/framework/src/Illuminate/Foundation/Http/Middleware/ConvertEmptyStringsToNull.php(31): Illuminate\\Foundation\\Http\\Middleware\\TransformsRequest->handle()
#17 /home/rouqy-jewellery-api-faz/htdocs/api-faz.rouqy-jewellery.com/vendor/laravel/framework/src/Illuminate/Pipeline/Pipeline.php(219): Illuminate\\Foundation\\Http\\Middleware\\ConvertEmptyStringsToNull->handle()
#18 /home/rouqy-jewellery-api-faz/htdocs/api-faz.rouqy-jewellery.com/vendor/laravel/framework/src/Illuminate/Foundation/Http/Middleware/TransformsRequest.php(21): Illuminate\\Pipeline\\Pipeline->Illuminate\\Pipeline\\{closure}()
#19 /home/rouqy-jewellery-api-faz/htdocs/api-faz.rouqy-jewellery.com/vendor/laravel/framework/src/Illuminate/Foundation/Http/Middleware/TrimStrings.php(51): Illuminate\\Foundation\\Http\\Middleware\\TransformsRequest->handle()
#20 /home/rouqy-jewellery-api-faz/htdocs/api-faz.rouqy-jewellery.com/vendor/laravel/framework/src/Illuminate/Pipeline/Pipeline.php(219): Illuminate\\Foundation\\Http\\Middleware\\TrimStrings->handle()
#21 /home/rouqy-jewellery-api-faz/htdocs/api-faz.rouqy-jewellery.com/vendor/laravel/framework/src/Illuminate/Http/Middleware/ValidatePostSize.php(27): Illuminate\\Pipeline\\Pipeline->Illuminate\\Pipeline\\{closure}()
#22 /home/rouqy-jewellery-api-faz/htdocs/api-faz.rouqy-jewellery.com/vendor/laravel/framework/src/Illuminate/Pipeline/Pipeline.php(219): Illuminate\\Http\\Middleware\\ValidatePostSize->handle()
#23 /home/rouqy-jewellery-api-faz/htdocs/api-faz.rouqy-jewellery.com/vendor/laravel/framework/src/Illuminate/Foundation/Http/Middleware/PreventRequestsDuringMaintenance.php(109): Illuminate\\Pipeline\\Pipeline->Illuminate\\Pipeline\\{closure}()
#24 /home/rouqy-jewellery-api-faz/htdocs/api-faz.rouqy-jewellery.com/vendor/laravel/framework/src/Illuminate/Pipeline/Pipeline.php(219): Illuminate\\Foundation\\Http\\Middleware\\PreventRequestsDuringMaintenance->handle()
#25 /home/rouqy-jewellery-api-faz/htdocs/api-faz.rouqy-jewellery.com/vendor/laravel/framework/src/Illuminate/Http/Middleware/HandleCors.php(74): Illuminate\\Pipeline\\Pipeline->Illuminate\\Pipeline\\{closure}()
#26 /home/rouqy-jewellery-api-faz/htdocs/api-faz.rouqy-jewellery.com/vendor/laravel/framework/src/Illuminate/Pipeline/Pipeline.php(219): Illuminate\\Http\\Middleware\\HandleCors->handle()
#27 /home/rouqy-jewellery-api-faz/htdocs/api-faz.rouqy-jewellery.com/vendor/laravel/framework/src/Illuminate/Http/Middleware/TrustProxies.php(58): Illuminate\\Pipeline\\Pipeline->Illuminate\\Pipeline\\{closure}()
#28 /home/rouqy-jewellery-api-faz/htdocs/api-faz.rouqy-jewellery.com/vendor/laravel/framework/src/Illuminate/Pipeline/Pipeline.php(219): Illuminate\\Http\\Middleware\\TrustProxies->handle()
#29 /home/rouqy-jewellery-api-faz/htdocs/api-faz.rouqy-jewellery.com/vendor/laravel/framework/src/Illuminate/Foundation/Http/Middleware/InvokeDeferredCallbacks.php(22): Illuminate\\Pipeline\\Pipeline->Illuminate\\Pipeline\\{closure}()
#30 /home/rouqy-jewellery-api-faz/htdocs/api-faz.rouqy-jewellery.com/vendor/laravel/framework/src/Illuminate/Pipeline/Pipeline.php(219): Illuminate\\Foundation\\Http\\Middleware\\InvokeDeferredCallbacks->handle()
#31 /home/rouqy-jewellery-api-faz/htdocs/api-faz.rouqy-jewellery.com/vendor/laravel/framework/src/Illuminate/Http/Middleware/ValidatePathEncoding.php(26): Illuminate\\Pipeline\\Pipeline->Illuminate\\Pipeline\\{closure}()
#32 /home/rouqy-jewellery-api-faz/htdocs/api-faz.rouqy-jewellery.com/vendor/laravel/framework/src/Illuminate/Pipeline/Pipeline.php(219): Illuminate\\Http\\Middleware\\ValidatePathEncoding->handle()
#33 /home/rouqy-jewellery-api-faz/htdocs/api-faz.rouqy-jewellery.com/vendor/laravel/framework/src/Illuminate/Pipeline/Pipeline.php(137): Illuminate\\Pipeline\\Pipeline->Illuminate\\Pipeline\\{closure}()
#34 /home/rouqy-jewellery-api-faz/htdocs/api-faz.rouqy-jewellery.com/vendor/laravel/framework/src/Illuminate/Foundation/Http/Kernel.php(175): Illuminate\\Pipeline\\Pipeline->then()
#35 /home/rouqy-jewellery-api-faz/htdocs/api-faz.rouqy-jewellery.com/vendor/laravel/framework/src/Illuminate/Foundation/Http/Kernel.php(144): Illuminate\\Foundation\\Http\\Kernel->sendRequestThroughRouter()
#36 /home/rouqy-jewellery-api-faz/htdocs/api-faz.rouqy-jewellery.com/vendor/laravel/framework/src/Illuminate/Foundation/Application.php(1220): Illuminate\\Foundation\\Http\\Kernel->handle()
#37 /home/rouqy-jewellery-api-faz/htdocs/api-faz.rouqy-jewellery.com/public/index.php(20): Illuminate\\Foundation\\Application->handleRequest()
#38 {main}
"} 
[2026-07-22 12:52:56] local.ERROR: Route [login] not defined. {"exception":"[object] (Symfony\\Component\\Routing\\Exception\\RouteNotFoundException(code: 0): Route [login] not defined. at /home/rouqy-jewellery-api-faz/htdocs/api-faz.rouqy-jewellery.com/vendor/laravel/framework/src/Illuminate/Routing/UrlGenerator.php:534)
[stacktrace]
#0 /home/rouqy-jewellery-api-faz/htdocs/api-faz.rouqy-jewellery.com/vendor/laravel/framework/src/Illuminate/Foundation/helpers.php(870): Illuminate\\Routing\\UrlGenerator->route()
#1 /home/rouqy-jewellery-api-faz/htdocs/api-faz.rouqy-jewellery.com/vendor/laravel/framework/src/Illuminate/Foundation/Configuration/ApplicationBuilder.php(278): route()
#2 [internal function]: Illuminate\\Foundation\\Configuration\\ApplicationBuilder->Illuminate\\Foundation\\Configuration\\{closure}()
#3 /home/rouqy-jewellery-api-faz/htdocs/api-faz.rouqy-jewellery.com/vendor/laravel/framework/src/Illuminate/Auth/Middleware/Authenticate.php(117): call_user_func()
#4 /home/rouqy-jewellery-api-faz/htdocs/api-faz.rouqy-jewellery.com/vendor/laravel/framework/src/Illuminate/Auth/Middleware/Authenticate.php(104): Illuminate\\Auth\\Middleware\\Authenticate->redirectTo()
#5 /home/rouqy-jewellery-api-faz/htdocs/api-faz.rouqy-jewellery.com/vendor/laravel/framework/src/Illuminate/Auth/Middleware/Authenticate.php(87): Illuminate\\Auth\\Middleware\\Authenticate->unauthenticated()
#6 /home/rouqy-jewellery-api-faz/htdocs/api-faz.rouqy-jewellery.com/vendor/laravel/framework/src/Illuminate/Auth/Middleware/Authenticate.php(61): Illuminate\\Auth\\Middleware\\Authenticate->authenticate()
#7 /home/rouqy-jewellery-api-faz/htdocs/api-faz.rouqy-jewellery.com/vendor/laravel/framework/src/Illuminate/Pipeline/Pipeline.php(219): Illuminate\\Auth\\Middleware\\Authenticate->handle()
#8 /home/rouqy-jewellery-api-faz/htdocs/api-faz.rouqy-jewellery.com/vendor/laravel/framework/src/Illuminate/Pipeline/Pipeline.php(137): Illuminate\\Pipeline\\Pipeline->Illuminate\\Pipeline\\{closure}()
#9 /home/rouqy-jewellery-api-faz/htdocs/api-faz.rouqy-jewellery.com/vendor/laravel/framework/src/Illuminate/Routing/Router.php(821): Illuminate\\Pipeline\\Pipeline->then()
#10 /home/rouqy-jewellery-api-faz/htdocs/api-faz.rouqy-jewellery.com/vendor/laravel/framework/src/Illuminate/Routing/Router.php(800): Illuminate\\Routing\\Router->runRouteWithinStack()
#11 /home/rouqy-jewellery-api-faz/htdocs/api-faz.rouqy-jewellery.com/vendor/laravel/framework/src/Illuminate/Routing/Router.php(764): Illuminate\\Routing\\Router->runRoute()
#12 /home/rouqy-jewellery-api-faz/htdocs/api-faz.rouqy-jewellery.com/vendor/laravel/framework/src/Illuminate/Routing/Router.php(753): Illuminate\\Routing\\Router->dispatchToRoute()
#13 /home/rouqy-jewellery-api-faz/htdocs/api-faz.rouqy-jewellery.com/vendor/laravel/framework/src/Illuminate/Foundation/Http/Kernel.php(200): Illuminate\\Routing\\Router->dispatch()
#14 /home/rouqy-jewellery-api-faz/htdocs/api-faz.rouqy-jewellery.com/vendor/laravel/framework/src/Illuminate/Pipeline/Pipeline.php(180): Illuminate\\Foundation\\Http\\Kernel->Illuminate\\Foundation\\Http\\{closure}()
#15 /home/rouqy-jewellery-api-faz/htdocs/api-faz.rouqy-jewellery.com/vendor/laravel/framework/src/Illuminate/Foundation/Http/Middleware/TransformsRequest.php(21): Illuminate\\Pipeline\\Pipeline->Illuminate\\Pipeline\\{closure}()
#16 /home/rouqy-jewellery-api-faz/htdocs/api-faz.rouqy-jewellery.com/vendor/laravel/framework/src/Illuminate/Foundation/Http/Middleware/ConvertEmptyStringsToNull.php(31): Illuminate\\Foundation\\Http\\Middleware\\TransformsRequest->handle()
#17 /home/rouqy-jewellery-api-faz/htdocs/api-faz.rouqy-jewellery.com/vendor/laravel/framework/src/Illuminate/Pipeline/Pipeline.php(219): Illuminate\\Foundation\\Http\\Middleware\\ConvertEmptyStringsToNull->handle()
#18 /home/rouqy-jewellery-api-faz/htdocs/api-faz.rouqy-jewellery.com/vendor/laravel/framework/src/Illuminate/Foundation/Http/Middleware/TransformsRequest.php(21): Illuminate\\Pipeline\\Pipeline->Illuminate\\Pipeline\\{closure}()
#19 /home/rouqy-jewellery-api-faz/htdocs/api-faz.rouqy-jewellery.com/vendor/laravel/framework/src/Illuminate/Foundation/Http/Middleware/TrimStrings.php(51): Illuminate\\Foundation\\Http\\Middleware\\TransformsRequest->handle()
#20 /home/rouqy-jewellery-api-faz/htdocs/api-faz.rouqy-jewellery.com/vendor/laravel/framework/src/Illuminate/Pipeline/Pipeline.php(219): Illuminate\\Foundation\\Http\\Middleware\\TrimStrings->handle()
#21 /home/rouqy-jewellery-api-faz/htdocs/api-faz.rouqy-jewellery.com/vendor/laravel/framework/src/Illuminate/Http/Middleware/ValidatePostSize.php(27): Illuminate\\Pipeline\\Pipeline->Illuminate\\Pipeline\\{closure}()
#22 /home/rouqy-jewellery-api-faz/htdocs/api-faz.rouqy-jewellery.com/vendor/laravel/framework/src/Illuminate/Pipeline/Pipeline.php(219): Illuminate\\Http\\Middleware\\ValidatePostSize->handle()
#23 /home/rouqy-jewellery-api-faz/htdocs/api-faz.rouqy-jewellery.com/vendor/laravel/framework/src/Illuminate/Foundation/Http/Middleware/PreventRequestsDuringMaintenance.php(109): Illuminate\\Pipeline\\Pipeline->Illuminate\\Pipeline\\{closure}()
#24 /home/rouqy-jewellery-api-faz/htdocs/api-faz.rouqy-jewellery.com/vendor/laravel/framework/src/Illuminate/Pipeline/Pipeline.php(219): Illuminate\\Foundation\\Http\\Middleware\\PreventRequestsDuringMaintenance->handle()
#25 /home/rouqy-jewellery-api-faz/htdocs/api-faz.rouqy-jewellery.com/vendor/laravel/framework/src/Illuminate/Http/Middleware/HandleCors.php(74): Illuminate\\Pipeline\\Pipeline->Illuminate\\Pipeline\\{closure}()
#26 /home/rouqy-jewellery-api-faz/htdocs/api-faz.rouqy-jewellery.com/vendor/laravel/framework/src/Illuminate/Pipeline/Pipeline.php(219): Illuminate\\Http\\Middleware\\HandleCors->handle()
#27 /home/rouqy-jewellery-api-faz/htdocs/api-faz.rouqy-jewellery.com/vendor/laravel/framework/src/Illuminate/Http/Middleware/TrustProxies.php(58): Illuminate\\Pipeline\\Pipeline->Illuminate\\Pipeline\\{closure}()
#28 /home/rouqy-jewellery-api-faz/htdocs/api-faz.rouqy-jewellery.com/vendor/laravel/framework/src/Illuminate/Pipeline/Pipeline.php(219): Illuminate\\Http\\Middleware\\TrustProxies->handle()
#29 /home/rouqy-jewellery-api-faz/htdocs/api-faz.rouqy-jewellery.com/vendor/laravel/framework/src/Illuminate/Foundation/Http/Middleware/InvokeDeferredCallbacks.php(22): Illuminate\\Pipeline\\Pipeline->Illuminate\\Pipeline\\{closure}()
#30 /home/rouqy-jewellery-api-faz/htdocs/api-faz.rouqy-jewellery.com/vendor/laravel/framework/src/Illuminate/Pipeline/Pipeline.php(219): Illuminate\\Foundation\\Http\\Middleware\\InvokeDeferredCallbacks->handle()
#31 /home/rouqy-jewellery-api-faz/htdocs/api-faz.rouqy-jewellery.com/vendor/laravel/framework/src/Illuminate/Http/Middleware/ValidatePathEncoding.php(26): Illuminate\\Pipeline\\Pipeline->Illuminate\\Pipeline\\{closure}()
#32 /home/rouqy-jewellery-api-faz/htdocs/api-faz.rouqy-jewellery.com/vendor/laravel/framework/src/Illuminate/Pipeline/Pipeline.php(219): Illuminate\\Http\\Middleware\\ValidatePathEncoding->handle()
#33 /home/rouqy-jewellery-api-faz/htdocs/api-faz.rouqy-jewellery.com/vendor/laravel/framework/src/Illuminate/Pipeline/Pipeline.php(137): Illuminate\\Pipeline\\Pipeline->Illuminate\\Pipeline\\{closure}()
#34 /home/rouqy-jewellery-api-faz/htdocs/api-faz.rouqy-jewellery.com/vendor/laravel/framework/src/Illuminate/Foundation/Http/Kernel.php(175): Illuminate\\Pipeline\\Pipeline->then()
#35 /home/rouqy-jewellery-api-faz/htdocs/api-faz.rouqy-jewellery.com/vendor/laravel/framework/src/Illuminate/Foundation/Http/Kernel.php(144): Illuminate\\Foundation\\Http\\Kernel->sendRequestThroughRouter()
#36 /home/rouqy-jewellery-api-faz/htdocs/api-faz.rouqy-jewellery.com/vendor/laravel/framework/src/Illuminate/Foundation/Application.php(1220): Illuminate\\Foundation\\Http\\Kernel->handle()
#37 /home/rouqy-jewellery-api-faz/htdocs/api-faz.rouqy-jewellery.com/public/index.php(20): Illuminate\\Foundation\\Application->handleRequest()
#38 {main}
"} 
[2026-07-22 12:54:29] local.ERROR: Route [login] not defined. {"exception":"[object] (Symfony\\Component\\Routing\\Exception\\RouteNotFoundException(code: 0): Route [login] not defined. at /home/rouqy-jewellery-api-faz/htdocs/api-faz.rouqy-jewellery.com/vendor/laravel/framework/src/Illuminate/Routing/UrlGenerator.php:534)
[stacktrace]
#0 /home/rouqy-jewellery-api-faz/htdocs/api-faz.rouqy-jewellery.com/vendor/laravel/framework/src/Illuminate/Foundation/helpers.php(870): Illuminate\\Routing\\UrlGenerator->route()
#1 /home/rouqy-jewellery-api-faz/htdocs/api-faz.rouqy-jewellery.com/vendor/laravel/framework/src/Illuminate/Foundation/Configuration/ApplicationBuilder.php(278): route()
#2 [internal function]: Illuminate\\Foundation\\Configuration\\ApplicationBuilder->Illuminate\\Foundation\\Configuration\\{closure}()
#3 /home/rouqy-jewellery-api-faz/htdocs/api-faz.rouqy-jewellery.com/vendor/laravel/framework/src/Illuminate/Auth/Middleware/Authenticate.php(117): call_user_func()
#4 /home/rouqy-jewellery-api-faz/htdocs/api-faz.rouqy-jewellery.com/vendor/laravel/framework/src/Illuminate/Auth/Middleware/Authenticate.php(104): Illuminate\\Auth\\Middleware\\Authenticate->redirectTo()
#5 /home/rouqy-jewellery-api-faz/htdocs/api-faz.rouqy-jewellery.com/vendor/laravel/framework/src/Illuminate/Auth/Middleware/Authenticate.php(87): Illuminate\\Auth\\Middleware\\Authenticate->unauthenticated()
#6 /home/rouqy-jewellery-api-faz/htdocs/api-faz.rouqy-jewellery.com/vendor/laravel/framework/src/Illuminate/Auth/Middleware/Authenticate.php(61): Illuminate\\Auth\\Middleware\\Authenticate->authenticate()
#7 /home/rouqy-jewellery-api-faz/htdocs/api-faz.rouqy-jewellery.com/vendor/laravel/framework/src/Illuminate/Pipeline/Pipeline.php(219): Illuminate\\Auth\\Middleware\\Authenticate->handle()
#8 /home/rouqy-jewellery-api-faz/htdocs/api-faz.rouqy-jewellery.com/vendor/laravel/framework/src/Illuminate/Pipeline/Pipeline.php(137): Illuminate\\Pipeline\\Pipeline->Illuminate\\Pipeline\\{closure}()
#9 /home/rouqy-jewellery-api-faz/htdocs/api-faz.rouqy-jewellery.com/vendor/laravel/framework/src/Illuminate/Routing/Router.php(821): Illuminate\\Pipeline\\Pipeline->then()
#10 /home/rouqy-jewellery-api-faz/htdocs/api-faz.rouqy-jewellery.com/vendor/laravel/framework/src/Illuminate/Routing/Router.php(800): Illuminate\\Routing\\Router->runRouteWithinStack()
#11 /home/rouqy-jewellery-api-faz/htdocs/api-faz.rouqy-jewellery.com/vendor/laravel/framework/src/Illuminate/Routing/Router.php(764): Illuminate\\Routing\\Router->runRoute()
#12 /home/rouqy-jewellery-api-faz/htdocs/api-faz.rouqy-jewellery.com/vendor/laravel/framework/src/Illuminate/Routing/Router.php(753): Illuminate\\Routing\\Router->dispatchToRoute()
#13 /home/rouqy-jewellery-api-faz/htdocs/api-faz.rouqy-jewellery.com/vendor/laravel/framework/src/Illuminate/Foundation/Http/Kernel.php(200): Illuminate\\Routing\\Router->dispatch()
#14 /home/rouqy-jewellery-api-faz/htdocs/api-faz.rouqy-jewellery.com/vendor/laravel/framework/src/Illuminate/Pipeline/Pipeline.php(180): Illuminate\\Foundation\\Http\\Kernel->Illuminate\\Foundation\\Http\\{closure}()
#15 /home/rouqy-jewellery-api-faz/htdocs/api-faz.rouqy-jewellery.com/vendor/laravel/framework/src/Illuminate/Foundation/Http/Middleware/TransformsRequest.php(21): Illuminate\\Pipeline\\Pipeline->Illuminate\\Pipeline\\{closure}()
#16 /home/rouqy-jewellery-api-faz/htdocs/api-faz.rouqy-jewellery.com/vendor/laravel/framework/src/Illuminate/Foundation/Http/Middleware/ConvertEmptyStringsToNull.php(31): Illuminate\\Foundation\\Http\\Middleware\\TransformsRequest->handle()
#17 /home/rouqy-jewellery-api-faz/htdocs/api-faz.rouqy-jewellery.com/vendor/laravel/framework/src/Illuminate/Pipeline/Pipeline.php(219): Illuminate\\Foundation\\Http\\Middleware\\ConvertEmptyStringsToNull->handle()
#18 /home/rouqy-jewellery-api-faz/htdocs/api-faz.rouqy-jewellery.com/vendor/laravel/framework/src/Illuminate/Foundation/Http/Middleware/TransformsRequest.php(21): Illuminate\\Pipeline\\Pipeline->Illuminate\\Pipeline\\{closure}()
#19 /home/rouqy-jewellery-api-faz/htdocs/api-faz.rouqy-jewellery.com/vendor/laravel/framework/src/Illuminate/Foundation/Http/Middleware/TrimStrings.php(51): Illuminate\\Foundation\\Http\\Middleware\\TransformsRequest->handle()
#20 /home/rouqy-jewellery-api-faz/htdocs/api-faz.rouqy-jewellery.com/vendor/laravel/framework/src/Illuminate/Pipeline/Pipeline.php(219): Illuminate\\Foundation\\Http\\Middleware\\TrimStrings->handle()
#21 /home/rouqy-jewellery-api-faz/htdocs/api-faz.rouqy-jewellery.com/vendor/laravel/framework/src/Illuminate/Http/Middleware/ValidatePostSize.php(27): Illuminate\\Pipeline\\Pipeline->Illuminate\\Pipeline\\{closure}()
#22 /home/rouqy-jewellery-api-faz/htdocs/api-faz.rouqy-jewellery.com/vendor/laravel/framework/src/Illuminate/Pipeline/Pipeline.php(219): Illuminate\\Http\\Middleware\\ValidatePostSize->handle()
#23 /home/rouqy-jewellery-api-faz/htdocs/api-faz.rouqy-jewellery.com/vendor/laravel/framework/src/Illuminate/Foundation/Http/Middleware/PreventRequestsDuringMaintenance.php(109): Illuminate\\Pipeline\\Pipeline->Illuminate\\Pipeline\\{closure}()
#24 /home/rouqy-jewellery-api-faz/htdocs/api-faz.rouqy-jewellery.com/vendor/laravel/framework/src/Illuminate/Pipeline/Pipeline.php(219): Illuminate\\Foundation\\Http\\Middleware\\PreventRequestsDuringMaintenance->handle()
#25 /home/rouqy-jewellery-api-faz/htdocs/api-faz.rouqy-jewellery.com/vendor/laravel/framework/src/Illuminate/Http/Middleware/HandleCors.php(74): Illuminate\\Pipeline\\Pipeline->Illuminate\\Pipeline\\{closure}()
#26 /home/rouqy-jewellery-api-faz/htdocs/api-faz.rouqy-jewellery.com/vendor/laravel/framework/src/Illuminate/Pipeline/Pipeline.php(219): Illuminate\\Http\\Middleware\\HandleCors->handle()
#27 /home/rouqy-jewellery-api-faz/htdocs/api-faz.rouqy-jewellery.com/vendor/laravel/framework/src/Illuminate/Http/Middleware/TrustProxies.php(58): Illuminate\\Pipeline\\Pipeline->Illuminate\\Pipeline\\{closure}()
#28 /home/rouqy-jewellery-api-faz/htdocs/api-faz.rouqy-jewellery.com/vendor/laravel/framework/src/Illuminate/Pipeline/Pipeline.php(219): Illuminate\\Http\\Middleware\\TrustProxies->handle()
#29 /home/rouqy-jewellery-api-faz/htdocs/api-faz.rouqy-jewellery.com/vendor/laravel/framework/src/Illuminate/Foundation/Http/Middleware/InvokeDeferredCallbacks.php(22): Illuminate\\Pipeline\\Pipeline->Illuminate\\Pipeline\\{closure}()
#30 /home/rouqy-jewellery-api-faz/htdocs/api-faz.rouqy-jewellery.com/vendor/laravel/framework/src/Illuminate/Pipeline/Pipeline.php(219): Illuminate\\Foundation\\Http\\Middleware\\InvokeDeferredCallbacks->handle()
#31 /home/rouqy-jewellery-api-faz/htdocs/api-faz.rouqy-jewellery.com/vendor/laravel/framework/src/Illuminate/Http/Middleware/ValidatePathEncoding.php(26): Illuminate\\Pipeline\\Pipeline->Illuminate\\Pipeline\\{closure}()
#32 /home/rouqy-jewellery-api-faz/htdocs/api-faz.rouqy-jewellery.com/vendor/laravel/framework/src/Illuminate/Pipeline/Pipeline.php(219): Illuminate\\Http\\Middleware\\ValidatePathEncoding->handle()
#33 /home/rouqy-jewellery-api-faz/htdocs/api-faz.rouqy-jewellery.com/vendor/laravel/framework/src/Illuminate/Pipeline/Pipeline.php(137): Illuminate\\Pipeline\\Pipeline->Illuminate\\Pipeline\\{closure}()
#34 /home/rouqy-jewellery-api-faz/htdocs/api-faz.rouqy-jewellery.com/vendor/laravel/framework/src/Illuminate/Foundation/Http/Kernel.php(175): Illuminate\\Pipeline\\Pipeline->then()
#35 /home/rouqy-jewellery-api-faz/htdocs/api-faz.rouqy-jewellery.com/vendor/laravel/framework/src/Illuminate/Foundation/Http/Kernel.php(144): Illuminate\\Foundation\\Http\\Kernel->sendRequestThroughRouter()
#36 /home/rouqy-jewellery-api-faz/htdocs/api-faz.rouqy-jewellery.com/vendor/laravel/framework/src/Illuminate/Foundation/Application.php(1220): Illuminate\\Foundation\\Http\\Kernel->handle()
#37 /home/rouqy-jewellery-api-faz/htdocs/api-faz.rouqy-jewellery.com/public/index.php(20): Illuminate\\Foundation\\Application->handleRequest()
#38 {main}
"} 
[2026-07-22 12:54:44] local.ERROR: Route [login] not defined. {"exception":"[object] (Symfony\\Component\\Routing\\Exception\\RouteNotFoundException(code: 0): Route [login] not defined. at /home/rouqy-jewellery-api-faz/htdocs/api-faz.rouqy-jewellery.com/vendor/laravel/framework/src/Illuminate/Routing/UrlGenerator.php:534)
[stacktrace]
#0 /home/rouqy-jewellery-api-faz/htdocs/api-faz.rouqy-jewellery.com/vendor/laravel/framework/src/Illuminate/Foundation/helpers.php(870): Illuminate\\Routing\\UrlGenerator->route()
#1 /home/rouqy-jewellery-api-faz/htdocs/api-faz.rouqy-jewellery.com/vendor/laravel/framework/src/Illuminate/Foundation/Configuration/ApplicationBuilder.php(278): route()
#2 [internal function]: Illuminate\\Foundation\\Configuration\\ApplicationBuilder->Illuminate\\Foundation\\Configuration\\{closure}()
#3 /home/rouqy-jewellery-api-faz/htdocs/api-faz.rouqy-jewellery.com/vendor/laravel/framework/src/Illuminate/Auth/Middleware/Authenticate.php(117): call_user_func()
#4 /home/rouqy-jewellery-api-faz/htdocs/api-faz.rouqy-jewellery.com/vendor/laravel/framework/src/Illuminate/Auth/Middleware/Authenticate.php(104): Illuminate\\Auth\\Middleware\\Authenticate->redirectTo()
#5 /home/rouqy-jewellery-api-faz/htdocs/api-faz.rouqy-jewellery.com/vendor/laravel/framework/src/Illuminate/Auth/Middleware/Authenticate.php(87): Illuminate\\Auth\\Middleware\\Authenticate->unauthenticated()
#6 /home/rouqy-jewellery-api-faz/htdocs/api-faz.rouqy-jewellery.com/vendor/laravel/framework/src/Illuminate/Auth/Middleware/Authenticate.php(61): Illuminate\\Auth\\Middleware\\Authenticate->authenticate()
#7 /home/rouqy-jewellery-api-faz/htdocs/api-faz.rouqy-jewellery.com/vendor/laravel/framework/src/Illuminate/Pipeline/Pipeline.php(219): Illuminate\\Auth\\Middleware\\Authenticate->handle()
#8 /home/rouqy-jewellery-api-faz/htdocs/api-faz.rouqy-jewellery.com/vendor/laravel/framework/src/Illuminate/Pipeline/Pipeline.php(137): Illuminate\\Pipeline\\Pipeline->Illuminate\\Pipeline\\{closure}()
#9 /home/rouqy-jewellery-api-faz/htdocs/api-faz.rouqy-jewellery.com/vendor/laravel/framework/src/Illuminate/Routing/Router.php(821): Illuminate\\Pipeline\\Pipeline->then()
#10 /home/rouqy-jewellery-api-faz/htdocs/api-faz.rouqy-jewellery.com/vendor/laravel/framework/src/Illuminate/Routing/Router.php(800): Illuminate\\Routing\\Router->runRouteWithinStack()
#11 /home/rouqy-jewellery-api-faz/htdocs/api-faz.rouqy-jewellery.com/vendor/laravel/framework/src/Illuminate/Routing/Router.php(764): Illuminate\\Routing\\Router->runRoute()
#12 /home/rouqy-jewellery-api-faz/htdocs/api-faz.rouqy-jewellery.com/vendor/laravel/framework/src/Illuminate/Routing/Router.php(753): Illuminate\\Routing\\Router->dispatchToRoute()
#13 /home/rouqy-jewellery-api-faz/htdocs/api-faz.rouqy-jewellery.com/vendor/laravel/framework/src/Illuminate/Foundation/Http/Kernel.php(200): Illuminate\\Routing\\Router->dispatch()
#14 /home/rouqy-jewellery-api-faz/htdocs/api-faz.rouqy-jewellery.com/vendor/laravel/framework/src/Illuminate/Pipeline/Pipeline.php(180): Illuminate\\Foundation\\Http\\Kernel->Illuminate\\Foundation\\Http\\{closure}()
#15 /home/rouqy-jewellery-api-faz/htdocs/api-faz.rouqy-jewellery.com/vendor/laravel/framework/src/Illuminate/Foundation/Http/Middleware/TransformsRequest.php(21): Illuminate\\Pipeline\\Pipeline->Illuminate\\Pipeline\\{closure}()
#16 /home/rouqy-jewellery-api-faz/htdocs/api-faz.rouqy-jewellery.com/vendor/laravel/framework/src/Illuminate/Foundation/Http/Middleware/ConvertEmptyStringsToNull.php(31): Illuminate\\Foundation\\Http\\Middleware\\TransformsRequest->handle()
#17 /home/rouqy-jewellery-api-faz/htdocs/api-faz.rouqy-jewellery.com/vendor/laravel/framework/src/Illuminate/Pipeline/Pipeline.php(219): Illuminate\\Foundation\\Http\\Middleware\\ConvertEmptyStringsToNull->handle()
#18 /home/rouqy-jewellery-api-faz/htdocs/api-faz.rouqy-jewellery.com/vendor/laravel/framework/src/Illuminate/Foundation/Http/Middleware/TransformsRequest.php(21): Illuminate\\Pipeline\\Pipeline->Illuminate\\Pipeline\\{closure}()
#19 /home/rouqy-jewellery-api-faz/htdocs/api-faz.rouqy-jewellery.com/vendor/laravel/framework/src/Illuminate/Foundation/Http/Middleware/TrimStrings.php(51): Illuminate\\Foundation\\Http\\Middleware\\TransformsRequest->handle()
#20 /home/rouqy-jewellery-api-faz/htdocs/api-faz.rouqy-jewellery.com/vendor/laravel/framework/src/Illuminate/Pipeline/Pipeline.php(219): Illuminate\\Foundation\\Http\\Middleware\\TrimStrings->handle()
#21 /home/rouqy-jewellery-api-faz/htdocs/api-faz.rouqy-jewellery.com/vendor/laravel/framework/src/Illuminate/Http/Middleware/ValidatePostSize.php(27): Illuminate\\Pipeline\\Pipeline->Illuminate\\Pipeline\\{closure}()
#22 /home/rouqy-jewellery-api-faz/htdocs/api-faz.rouqy-jewellery.com/vendor/laravel/framework/src/Illuminate/Pipeline/Pipeline.php(219): Illuminate\\Http\\Middleware\\ValidatePostSize->handle()
#23 /home/rouqy-jewellery-api-faz/htdocs/api-faz.rouqy-jewellery.com/vendor/laravel/framework/src/Illuminate/Foundation/Http/Middleware/PreventRequestsDuringMaintenance.php(109): Illuminate\\Pipeline\\Pipeline->Illuminate\\Pipeline\\{closure}()
#24 /home/rouqy-jewellery-api-faz/htdocs/api-faz.rouqy-jewellery.com/vendor/laravel/framework/src/Illuminate/Pipeline/Pipeline.php(219): Illuminate\\Foundation\\Http\\Middleware\\PreventRequestsDuringMaintenance->handle()
#25 /home/rouqy-jewellery-api-faz/htdocs/api-faz.rouqy-jewellery.com/vendor/laravel/framework/src/Illuminate/Http/Middleware/HandleCors.php(74): Illuminate\\Pipeline\\Pipeline->Illuminate\\Pipeline\\{closure}()
#26 /home/rouqy-jewellery-api-faz/htdocs/api-faz.rouqy-jewellery.com/vendor/laravel/framework/src/Illuminate/Pipeline/Pipeline.php(219): Illuminate\\Http\\Middleware\\HandleCors->handle()
#27 /home/rouqy-jewellery-api-faz/htdocs/api-faz.rouqy-jewellery.com/vendor/laravel/framework/src/Illuminate/Http/Middleware/TrustProxies.php(58): Illuminate\\Pipeline\\Pipeline->Illuminate\\Pipeline\\{closure}()
#28 /home/rouqy-jewellery-api-faz/htdocs/api-faz.rouqy-jewellery.com/vendor/laravel/framework/src/Illuminate/Pipeline/Pipeline.php(219): Illuminate\\Http\\Middleware\\TrustProxies->handle()
#29 /home/rouqy-jewellery-api-faz/htdocs/api-faz.rouqy-jewellery.com/vendor/laravel/framework/src/Illuminate/Foundation/Http/Middleware/InvokeDeferredCallbacks.php(22): Illuminate\\Pipeline\\Pipeline->Illuminate\\Pipeline\\{closure}()
#30 /home/rouqy-jewellery-api-faz/htdocs/api-faz.rouqy-jewellery.com/vendor/laravel/framework/src/Illuminate/Pipeline/Pipeline.php(219): Illuminate\\Foundation\\Http\\Middleware\\InvokeDeferredCallbacks->handle()
#31 /home/rouqy-jewellery-api-faz/htdocs/api-faz.rouqy-jewellery.com/vendor/laravel/framework/src/Illuminate/Http/Middleware/ValidatePathEncoding.php(26): Illuminate\\Pipeline\\Pipeline->Illuminate\\Pipeline\\{closure}()
#32 /home/rouqy-jewellery-api-faz/htdocs/api-faz.rouqy-jewellery.com/vendor/laravel/framework/src/Illuminate/Pipeline/Pipeline.php(219): Illuminate\\Http\\Middleware\\ValidatePathEncoding->handle()
#33 /home/rouqy-jewellery-api-faz/htdocs/api-faz.rouqy-jewellery.com/vendor/laravel/framework/src/Illuminate/Pipeline/Pipeline.php(137): Illuminate\\Pipeline\\Pipeline->Illuminate\\Pipeline\\{closure}()
#34 /home/rouqy-jewellery-api-faz/htdocs/api-faz.rouqy-jewellery.com/vendor/laravel/framework/src/Illuminate/Foundation/Http/Kernel.php(175): Illuminate\\Pipeline\\Pipeline->then()
#35 /home/rouqy-jewellery-api-faz/htdocs/api-faz.rouqy-jewellery.com/vendor/laravel/framework/src/Illuminate/Foundation/Http/Kernel.php(144): Illuminate\\Foundation\\Http\\Kernel->sendRequestThroughRouter()
#36 /home/rouqy-jewellery-api-faz/htdocs/api-faz.rouqy-jewellery.com/vendor/laravel/framework/src/Illuminate/Foundation/Application.php(1220): Illuminate\\Foundation\\Http\\Kernel->handle()
#37 /home/rouqy-jewellery-api-faz/htdocs/api-faz.rouqy-jewellery.com/public/index.php(20): Illuminate\\Foundation\\Application->handleRequest()
#38 {main}
"} 
[2026-07-22 12:55:17] local.ERROR: Route [login] not defined. {"exception":"[object] (Symfony\\Component\\Routing\\Exception\\RouteNotFoundException(code: 0): Route [login] not defined. at /home/rouqy-jewellery-api-faz/htdocs/api-faz.rouqy-jewellery.com/vendor/laravel/framework/src/Illuminate/Routing/UrlGenerator.php:534)
[stacktrace]
#0 /home/rouqy-jewellery-api-faz/htdocs/api-faz.rouqy-jewellery.com/vendor/laravel/framework/src/Illuminate/Foundation/helpers.php(870): Illuminate\\Routing\\UrlGenerator->route()
#1 /home/rouqy-jewellery-api-faz/htdocs/api-faz.rouqy-jewellery.com/vendor/laravel/framework/src/Illuminate/Foundation/Configuration/ApplicationBuilder.php(278): route()
#2 [internal function]: Illuminate\\Foundation\\Configuration\\ApplicationBuilder->Illuminate\\Foundation\\Configuration\\{closure}()
#3 /home/rouqy-jewellery-api-faz/htdocs/api-faz.rouqy-jewellery.com/vendor/laravel/framework/src/Illuminate/Auth/Middleware/Authenticate.php(117): call_user_func()
#4 /home/rouqy-jewellery-api-faz/htdocs/api-faz.rouqy-jewellery.com/vendor/laravel/framework/src/Illuminate/Auth/Middleware/Authenticate.php(104): Illuminate\\Auth\\Middleware\\Authenticate->redirectTo()
#5 /home/rouqy-jewellery-api-faz/htdocs/api-faz.rouqy-jewellery.com/vendor/laravel/framework/src/Illuminate/Auth/Middleware/Authenticate.php(87): Illuminate\\Auth\\Middleware\\Authenticate->unauthenticated()
#6 /home/rouqy-jewellery-api-faz/htdocs/api-faz.rouqy-jewellery.com/vendor/laravel/framework/src/Illuminate/Auth/Middleware/Authenticate.php(61): Illuminate\\Auth\\Middleware\\Authenticate->authenticate()
#7 /home/rouqy-jewellery-api-faz/htdocs/api-faz.rouqy-jewellery.com/vendor/laravel/framework/src/Illuminate/Pipeline/Pipeline.php(219): Illuminate\\Auth\\Middleware\\Authenticate->handle()
#8 /home/rouqy-jewellery-api-faz/htdocs/api-faz.rouqy-jewellery.com/vendor/laravel/framework/src/Illuminate/Pipeline/Pipeline.php(137): Illuminate\\Pipeline\\Pipeline->Illuminate\\Pipeline\\{closure}()
#9 /home/rouqy-jewellery-api-faz/htdocs/api-faz.rouqy-jewellery.com/vendor/laravel/framework/src/Illuminate/Routing/Router.php(821): Illuminate\\Pipeline\\Pipeline->then()
#10 /home/rouqy-jewellery-api-faz/htdocs/api-faz.rouqy-jewellery.com/vendor/laravel/framework/src/Illuminate/Routing/Router.php(800): Illuminate\\Routing\\Router->runRouteWithinStack()
#11 /home/rouqy-jewellery-api-faz/htdocs/api-faz.rouqy-jewellery.com/vendor/laravel/framework/src/Illuminate/Routing/Router.php(764): Illuminate\\Routing\\Router->runRoute()
#12 /home/rouqy-jewellery-api-faz/htdocs/api-faz.rouqy-jewellery.com/vendor/laravel/framework/src/Illuminate/Routing/Router.php(753): Illuminate\\Routing\\Router->dispatchToRoute()
#13 /home/rouqy-jewellery-api-faz/htdocs/api-faz.rouqy-jewellery.com/vendor/laravel/framework/src/Illuminate/Foundation/Http/Kernel.php(200): Illuminate\\Routing\\Router->dispatch()
#14 /home/rouqy-jewellery-api-faz/htdocs/api-faz.rouqy-jewellery.com/vendor/laravel/framework/src/Illuminate/Pipeline/Pipeline.php(180): Illuminate\\Foundation\\Http\\Kernel->Illuminate\\Foundation\\Http\\{closure}()
#15 /home/rouqy-jewellery-api-faz/htdocs/api-faz.rouqy-jewellery.com/vendor/laravel/framework/src/Illuminate/Foundation/Http/Middleware/TransformsRequest.php(21): Illuminate\\Pipeline\\Pipeline->Illuminate\\Pipeline\\{closure}()
#16 /home/rouqy-jewellery-api-faz/htdocs/api-faz.rouqy-jewellery.com/vendor/laravel/framework/src/Illuminate/Foundation/Http/Middleware/ConvertEmptyStringsToNull.php(31): Illuminate\\Foundation\\Http\\Middleware\\TransformsRequest->handle()
#17 /home/rouqy-jewellery-api-faz/htdocs/api-faz.rouqy-jewellery.com/vendor/laravel/framework/src/Illuminate/Pipeline/Pipeline.php(219): Illuminate\\Foundation\\Http\\Middleware\\ConvertEmptyStringsToNull->handle()
#18 /home/rouqy-jewellery-api-faz/htdocs/api-faz.rouqy-jewellery.com/vendor/laravel/framework/src/Illuminate/Foundation/Http/Middleware/TransformsRequest.php(21): Illuminate\\Pipeline\\Pipeline->Illuminate\\Pipeline\\{closure}()
#19 /home/rouqy-jewellery-api-faz/htdocs/api-faz.rouqy-jewellery.com/vendor/laravel/framework/src/Illuminate/Foundation/Http/Middleware/TrimStrings.php(51): Illuminate\\Foundation\\Http\\Middleware\\TransformsRequest->handle()
#20 /home/rouqy-jewellery-api-faz/htdocs/api-faz.rouqy-jewellery.com/vendor/laravel/framework/src/Illuminate/Pipeline/Pipeline.php(219): Illuminate\\Foundation\\Http\\Middleware\\TrimStrings->handle()
#21 /home/rouqy-jewellery-api-faz/htdocs/api-faz.rouqy-jewellery.com/vendor/laravel/framework/src/Illuminate/Http/Middleware/ValidatePostSize.php(27): Illuminate\\Pipeline\\Pipeline->Illuminate\\Pipeline\\{closure}()
#22 /home/rouqy-jewellery-api-faz/htdocs/api-faz.rouqy-jewellery.com/vendor/laravel/framework/src/Illuminate/Pipeline/Pipeline.php(219): Illuminate\\Http\\Middleware\\ValidatePostSize->handle()
#23 /home/rouqy-jewellery-api-faz/htdocs/api-faz.rouqy-jewellery.com/vendor/laravel/framework/src/Illuminate/Foundation/Http/Middleware/PreventRequestsDuringMaintenance.php(109): Illuminate\\Pipeline\\Pipeline->Illuminate\\Pipeline\\{closure}()
#24 /home/rouqy-jewellery-api-faz/htdocs/api-faz.rouqy-jewellery.com/vendor/laravel/framework/src/Illuminate/Pipeline/Pipeline.php(219): Illuminate\\Foundation\\Http\\Middleware\\PreventRequestsDuringMaintenance->handle()
#25 /home/rouqy-jewellery-api-faz/htdocs/api-faz.rouqy-jewellery.com/vendor/laravel/framework/src/Illuminate/Http/Middleware/HandleCors.php(74): Illuminate\\Pipeline\\Pipeline->Illuminate\\Pipeline\\{closure}()
#26 /home/rouqy-jewellery-api-faz/htdocs/api-faz.rouqy-jewellery.com/vendor/laravel/framework/src/Illuminate/Pipeline/Pipeline.php(219): Illuminate\\Http\\Middleware\\HandleCors->handle()
#27 /home/rouqy-jewellery-api-faz/htdocs/api-faz.rouqy-jewellery.com/vendor/laravel/framework/src/Illuminate/Http/Middleware/TrustProxies.php(58): Illuminate\\Pipeline\\Pipeline->Illuminate\\Pipeline\\{closure}()
#28 /home/rouqy-jewellery-api-faz/htdocs/api-faz.rouqy-jewellery.com/vendor/laravel/framework/src/Illuminate/Pipeline/Pipeline.php(219): Illuminate\\Http\\Middleware\\TrustProxies->handle()
#29 /home/rouqy-jewellery-api-faz/htdocs/api-faz.rouqy-jewellery.com/vendor/laravel/framework/src/Illuminate/Foundation/Http/Middleware/InvokeDeferredCallbacks.php(22): Illuminate\\Pipeline\\Pipeline->Illuminate\\Pipeline\\{closure}()
#30 /home/rouqy-jewellery-api-faz/htdocs/api-faz.rouqy-jewellery.com/vendor/laravel/framework/src/Illuminate/Pipeline/Pipeline.php(219): Illuminate\\Foundation\\Http\\Middleware\\InvokeDeferredCallbacks->handle()
#31 /home/rouqy-jewellery-api-faz/htdocs/api-faz.rouqy-jewellery.com/vendor/laravel/framework/src/Illuminate/Http/Middleware/ValidatePathEncoding.php(26): Illuminate\\Pipeline\\Pipeline->Illuminate\\Pipeline\\{closure}()
#32 /home/rouqy-jewellery-api-faz/htdocs/api-faz.rouqy-jewellery.com/vendor/laravel/framework/src/Illuminate/Pipeline/Pipeline.php(219): Illuminate\\Http\\Middleware\\ValidatePathEncoding->handle()
#33 /home/rouqy-jewellery-api-faz/htdocs/api-faz.rouqy-jewellery.com/vendor/laravel/framework/src/Illuminate/Pipeline/Pipeline.php(137): Illuminate\\Pipeline\\Pipeline->Illuminate\\Pipeline\\{closure}()
#34 /home/rouqy-jewellery-api-faz/htdocs/api-faz.rouqy-jewellery.com/vendor/laravel/framework/src/Illuminate/Foundation/Http/Kernel.php(175): Illuminate\\Pipeline\\Pipeline->then()
#35 /home/rouqy-jewellery-api-faz/htdocs/api-faz.rouqy-jewellery.com/vendor/laravel/framework/src/Illuminate/Foundation/Http/Kernel.php(144): Illuminate\\Foundation\\Http\\Kernel->sendRequestThroughRouter()
#36 /home/rouqy-jewellery-api-faz/htdocs/api-faz.rouqy-jewellery.com/vendor/laravel/framework/src/Illuminate/Foundation/Application.php(1220): Illuminate\\Foundation\\Http\\Kernel->handle()
#37 /home/rouqy-jewellery-api-faz/htdocs/api-faz.rouqy-jewellery.com/public/index.php(20): Illuminate\\Foundation\\Application->handleRequest()
#38 {main}
"} 
[2026-07-22 12:56:47] local.ERROR: Route [login] not defined. {"exception":"[object] (Symfony\\Component\\Routing\\Exception\\RouteNotFoundException(code: 0): Route [login] not defined. at /home/rouqy-jewellery-api-faz/htdocs/api-faz.rouqy-jewellery.com/vendor/laravel/framework/src/Illuminate/Routing/UrlGenerator.php:534)
[stacktrace]
#0 /home/rouqy-jewellery-api-faz/htdocs/api-faz.rouqy-jewellery.com/vendor/laravel/framework/src/Illuminate/Foundation/helpers.php(870): Illuminate\\Routing\\UrlGenerator->route()
#1 /home/rouqy-jewellery-api-faz/htdocs/api-faz.rouqy-jewellery.com/vendor/laravel/framework/src/Illuminate/Foundation/Configuration/ApplicationBuilder.php(278): route()
#2 [internal function]: Illuminate\\Foundation\\Configuration\\ApplicationBuilder->Illuminate\\Foundation\\Configuration\\{closure}()
#3 /home/rouqy-jewellery-api-faz/htdocs/api-faz.rouqy-jewellery.com/vendor/laravel/framework/src/Illuminate/Auth/Middleware/Authenticate.php(117): call_user_func()
#4 /home/rouqy-jewellery-api-faz/htdocs/api-faz.rouqy-jewellery.com/vendor/laravel/framework/src/Illuminate/Auth/Middleware/Authenticate.php(104): Illuminate\\Auth\\Middleware\\Authenticate->redirectTo()
#5 /home/rouqy-jewellery-api-faz/htdocs/api-faz.rouqy-jewellery.com/vendor/laravel/framework/src/Illuminate/Auth/Middleware/Authenticate.php(87): Illuminate\\Auth\\Middleware\\Authenticate->unauthenticated()
#6 /home/rouqy-jewellery-api-faz/htdocs/api-faz.rouqy-jewellery.com/vendor/laravel/framework/src/Illuminate/Auth/Middleware/Authenticate.php(61): Illuminate\\Auth\\Middleware\\Authenticate->authenticate()
#7 /home/rouqy-jewellery-api-faz/htdocs/api-faz.rouqy-jewellery.com/vendor/laravel/framework/src/Illuminate/Pipeline/Pipeline.php(219): Illuminate\\Auth\\Middleware\\Authenticate->handle()
#8 /home/rouqy-jewellery-api-faz/htdocs/api-faz.rouqy-jewellery.com/vendor/laravel/framework/src/Illuminate/Pipeline/Pipeline.php(137): Illuminate\\Pipeline\\Pipeline->Illuminate\\Pipeline\\{closure}()
#9 /home/rouqy-jewellery-api-faz/htdocs/api-faz.rouqy-jewellery.com/vendor/laravel/framework/src/Illuminate/Routing/Router.php(821): Illuminate\\Pipeline\\Pipeline->then()
#10 /home/rouqy-jewellery-api-faz/htdocs/api-faz.rouqy-jewellery.com/vendor/laravel/framework/src/Illuminate/Routing/Router.php(800): Illuminate\\Routing\\Router->runRouteWithinStack()
#11 /home/rouqy-jewellery-api-faz/htdocs/api-faz.rouqy-jewellery.com/vendor/laravel/framework/src/Illuminate/Routing/Router.php(764): Illuminate\\Routing\\Router->runRoute()
#12 /home/rouqy-jewellery-api-faz/htdocs/api-faz.rouqy-jewellery.com/vendor/laravel/framework/src/Illuminate/Routing/Router.php(753): Illuminate\\Routing\\Router->dispatchToRoute()
#13 /home/rouqy-jewellery-api-faz/htdocs/api-faz.rouqy-jewellery.com/vendor/laravel/framework/src/Illuminate/Foundation/Http/Kernel.php(200): Illuminate\\Routing\\Router->dispatch()
#14 /home/rouqy-jewellery-api-faz/htdocs/api-faz.rouqy-jewellery.com/vendor/laravel/framework/src/Illuminate/Pipeline/Pipeline.php(180): Illuminate\\Foundation\\Http\\Kernel->Illuminate\\Foundation\\Http\\{closure}()
#15 /home/rouqy-jewellery-api-faz/htdocs/api-faz.rouqy-jewellery.com/vendor/laravel/framework/src/Illuminate/Foundation/Http/Middleware/TransformsRequest.php(21): Illuminate\\Pipeline\\Pipeline->Illuminate\\Pipeline\\{closure}()
#16 /home/rouqy-jewellery-api-faz/htdocs/api-faz.rouqy-jewellery.com/vendor/laravel/framework/src/Illuminate/Foundation/Http/Middleware/ConvertEmptyStringsToNull.php(31): Illuminate\\Foundation\\Http\\Middleware\\TransformsRequest->handle()
#17 /home/rouqy-jewellery-api-faz/htdocs/api-faz.rouqy-jewellery.com/vendor/laravel/framework/src/Illuminate/Pipeline/Pipeline.php(219): Illuminate\\Foundation\\Http\\Middleware\\ConvertEmptyStringsToNull->handle()
#18 /home/rouqy-jewellery-api-faz/htdocs/api-faz.rouqy-jewellery.com/vendor/laravel/framework/src/Illuminate/Foundation/Http/Middleware/TransformsRequest.php(21): Illuminate\\Pipeline\\Pipeline->Illuminate\\Pipeline\\{closure}()
#19 /home/rouqy-jewellery-api-faz/htdocs/api-faz.rouqy-jewellery.com/vendor/laravel/framework/src/Illuminate/Foundation/Http/Middleware/TrimStrings.php(51): Illuminate\\Foundation\\Http\\Middleware\\TransformsRequest->handle()
#20 /home/rouqy-jewellery-api-faz/htdocs/api-faz.rouqy-jewellery.com/vendor/laravel/framework/src/Illuminate/Pipeline/Pipeline.php(219): Illuminate\\Foundation\\Http\\Middleware\\TrimStrings->handle()
#21 /home/rouqy-jewellery-api-faz/htdocs/api-faz.rouqy-jewellery.com/vendor/laravel/framework/src/Illuminate/Http/Middleware/ValidatePostSize.php(27): Illuminate\\Pipeline\\Pipeline->Illuminate\\Pipeline\\{closure}()
#22 /home/rouqy-jewellery-api-faz/htdocs/api-faz.rouqy-jewellery.com/vendor/laravel/framework/src/Illuminate/Pipeline/Pipeline.php(219): Illuminate\\Http\\Middleware\\ValidatePostSize->handle()
#23 /home/rouqy-jewellery-api-faz/htdocs/api-faz.rouqy-jewellery.com/vendor/laravel/framework/src/Illuminate/Foundation/Http/Middleware/PreventRequestsDuringMaintenance.php(109): Illuminate\\Pipeline\\Pipeline->Illuminate\\Pipeline\\{closure}()
#24 /home/rouqy-jewellery-api-faz/htdocs/api-faz.rouqy-jewellery.com/vendor/laravel/framework/src/Illuminate/Pipeline/Pipeline.php(219): Illuminate\\Foundation\\Http\\Middleware\\PreventRequestsDuringMaintenance->handle()
#25 /home/rouqy-jewellery-api-faz/htdocs/api-faz.rouqy-jewellery.com/vendor/laravel/framework/src/Illuminate/Http/Middleware/HandleCors.php(74): Illuminate\\Pipeline\\Pipeline->Illuminate\\Pipeline\\{closure}()
#26 /home/rouqy-jewellery-api-faz/htdocs/api-faz.rouqy-jewellery.com/vendor/laravel/framework/src/Illuminate/Pipeline/Pipeline.php(219): Illuminate\\Http\\Middleware\\HandleCors->handle()
#27 /home/rouqy-jewellery-api-faz/htdocs/api-faz.rouqy-jewellery.com/vendor/laravel/framework/src/Illuminate/Http/Middleware/TrustProxies.php(58): Illuminate\\Pipeline\\Pipeline->Illuminate\\Pipeline\\{closure}()
#28 /home/rouqy-jewellery-api-faz/htdocs/api-faz.rouqy-jewellery.com/vendor/laravel/framework/src/Illuminate/Pipeline/Pipeline.php(219): Illuminate\\Http\\Middleware\\TrustProxies->handle()
#29 /home/rouqy-jewellery-api-faz/htdocs/api-faz.rouqy-jewellery.com/vendor/laravel/framework/src/Illuminate/Foundation/Http/Middleware/InvokeDeferredCallbacks.php(22): Illuminate\\Pipeline\\Pipeline->Illuminate\\Pipeline\\{closure}()
#30 /home/rouqy-jewellery-api-faz/htdocs/api-faz.rouqy-jewellery.com/vendor/laravel/framework/src/Illuminate/Pipeline/Pipeline.php(219): Illuminate\\Foundation\\Http\\Middleware\\InvokeDeferredCallbacks->handle()
#31 /home/rouqy-jewellery-api-faz/htdocs/api-faz.rouqy-jewellery.com/vendor/laravel/framework/src/Illuminate/Http/Middleware/ValidatePathEncoding.php(26): Illuminate\\Pipeline\\Pipeline->Illuminate\\Pipeline\\{closure}()
#32 /home/rouqy-jewellery-api-faz/htdocs/api-faz.rouqy-jewellery.com/vendor/laravel/framework/src/Illuminate/Pipeline/Pipeline.php(219): Illuminate\\Http\\Middleware\\ValidatePathEncoding->handle()
#33 /home/rouqy-jewellery-api-faz/htdocs/api-faz.rouqy-jewellery.com/vendor/laravel/framework/src/Illuminate/Pipeline/Pipeline.php(137): Illuminate\\Pipeline\\Pipeline->Illuminate\\Pipeline\\{closure}()
#34 /home/rouqy-jewellery-api-faz/htdocs/api-faz.rouqy-jewellery.com/vendor/laravel/framework/src/Illuminate/Foundation/Http/Kernel.php(175): Illuminate\\Pipeline\\Pipeline->then()
#35 /home/rouqy-jewellery-api-faz/htdocs/api-faz.rouqy-jewellery.com/vendor/laravel/framework/src/Illuminate/Foundation/Http/Kernel.php(144): Illuminate\\Foundation\\Http\\Kernel->sendRequestThroughRouter()
#36 /home/rouqy-jewellery-api-faz/htdocs/api-faz.rouqy-jewellery.com/vendor/laravel/framework/src/Illuminate/Foundation/Application.php(1220): Illuminate\\Foundation\\Http\\Kernel->handle()
#37 /home/rouqy-jewellery-api-faz/htdocs/api-faz.rouqy-jewellery.com/public/index.php(20): Illuminate\\Foundation\\Application->handleRequest()
#38 {main}
"} 
[2026-07-22 21:46:00] local.ERROR: Route [login] not defined. {"exception":"[object] (Symfony\\Component\\Routing\\Exception\\RouteNotFoundException(code: 0): Route [login] not defined. at /home/rouqy-jewellery-api-faz/htdocs/api-faz.rouqy-jewellery.com/vendor/laravel/framework/src/Illuminate/Routing/UrlGenerator.php:534)
[stacktrace]
#0 /home/rouqy-jewellery-api-faz/htdocs/api-faz.rouqy-jewellery.com/vendor/laravel/framework/src/Illuminate/Foundation/helpers.php(870): Illuminate\\Routing\\UrlGenerator->route()
#1 /home/rouqy-jewellery-api-faz/htdocs/api-faz.rouqy-jewellery.com/vendor/laravel/framework/src/Illuminate/Foundation/Configuration/ApplicationBuilder.php(278): route()
#2 [internal function]: Illuminate\\Foundation\\Configuration\\ApplicationBuilder->Illuminate\\Foundation\\Configuration\\{closure}()
#3 /home/rouqy-jewellery-api-faz/htdocs/api-faz.rouqy-jewellery.com/vendor/laravel/framework/src/Illuminate/Auth/Middleware/Authenticate.php(117): call_user_func()
#4 /home/rouqy-jewellery-api-faz/htdocs/api-faz.rouqy-jewellery.com/vendor/laravel/framework/src/Illuminate/Auth/Middleware/Authenticate.php(104): Illuminate\\Auth\\Middleware\\Authenticate->redirectTo()
#5 /home/rouqy-jewellery-api-faz/htdocs/api-faz.rouqy-jewellery.com/vendor/laravel/framework/src/Illuminate/Auth/Middleware/Authenticate.php(87): Illuminate\\Auth\\Middleware\\Authenticate->unauthenticated()
#6 /home/rouqy-jewellery-api-faz/htdocs/api-faz.rouqy-jewellery.com/vendor/laravel/framework/src/Illuminate/Auth/Middleware/Authenticate.php(61): Illuminate\\Auth\\Middleware\\Authenticate->authenticate()
#7 /home/rouqy-jewellery-api-faz/htdocs/api-faz.rouqy-jewellery.com/vendor/laravel/framework/src/Illuminate/Pipeline/Pipeline.php(219): Illuminate\\Auth\\Middleware\\Authenticate->handle()
#8 /home/rouqy-jewellery-api-faz/htdocs/api-faz.rouqy-jewellery.com/vendor/laravel/framework/src/Illuminate/Pipeline/Pipeline.php(137): Illuminate\\Pipeline\\Pipeline->Illuminate\\Pipeline\\{closure}()
#9 /home/rouqy-jewellery-api-faz/htdocs/api-faz.rouqy-jewellery.com/vendor/laravel/framework/src/Illuminate/Routing/Router.php(821): Illuminate\\Pipeline\\Pipeline->then()
#10 /home/rouqy-jewellery-api-faz/htdocs/api-faz.rouqy-jewellery.com/vendor/laravel/framework/src/Illuminate/Routing/Router.php(800): Illuminate\\Routing\\Router->runRouteWithinStack()
#11 /home/rouqy-jewellery-api-faz/htdocs/api-faz.rouqy-jewellery.com/vendor/laravel/framework/src/Illuminate/Routing/Router.php(764): Illuminate\\Routing\\Router->runRoute()
#12 /home/rouqy-jewellery-api-faz/htdocs/api-faz.rouqy-jewellery.com/vendor/laravel/framework/src/Illuminate/Routing/Router.php(753): Illuminate\\Routing\\Router->dispatchToRoute()
#13 /home/rouqy-jewellery-api-faz/htdocs/api-faz.rouqy-jewellery.com/vendor/laravel/framework/src/Illuminate/Foundation/Http/Kernel.php(200): Illuminate\\Routing\\Router->dispatch()
#14 /home/rouqy-jewellery-api-faz/htdocs/api-faz.rouqy-jewellery.com/vendor/laravel/framework/src/Illuminate/Pipeline/Pipeline.php(180): Illuminate\\Foundation\\Http\\Kernel->Illuminate\\Foundation\\Http\\{closure}()
#15 /home/rouqy-jewellery-api-faz/htdocs/api-faz.rouqy-jewellery.com/vendor/laravel/framework/src/Illuminate/Foundation/Http/Middleware/TransformsRequest.php(21): Illuminate\\Pipeline\\Pipeline->Illuminate\\Pipeline\\{closure}()
#16 /home/rouqy-jewellery-api-faz/htdocs/api-faz.rouqy-jewellery.com/vendor/laravel/framework/src/Illuminate/Foundation/Http/Middleware/ConvertEmptyStringsToNull.php(31): Illuminate\\Foundation\\Http\\Middleware\\TransformsRequest->handle()
#17 /home/rouqy-jewellery-api-faz/htdocs/api-faz.rouqy-jewellery.com/vendor/laravel/framework/src/Illuminate/Pipeline/Pipeline.php(219): Illuminate\\Foundation\\Http\\Middleware\\ConvertEmptyStringsToNull->handle()
#18 /home/rouqy-jewellery-api-faz/htdocs/api-faz.rouqy-jewellery.com/vendor/laravel/framework/src/Illuminate/Foundation/Http/Middleware/TransformsRequest.php(21): Illuminate\\Pipeline\\Pipeline->Illuminate\\Pipeline\\{closure}()
#19 /home/rouqy-jewellery-api-faz/htdocs/api-faz.rouqy-jewellery.com/vendor/laravel/framework/src/Illuminate/Foundation/Http/Middleware/TrimStrings.php(51): Illuminate\\Foundation\\Http\\Middleware\\TransformsRequest->handle()
#20 /home/rouqy-jewellery-api-faz/htdocs/api-faz.rouqy-jewellery.com/vendor/laravel/framework/src/Illuminate/Pipeline/Pipeline.php(219): Illuminate\\Foundation\\Http\\Middleware\\TrimStrings->handle()
#21 /home/rouqy-jewellery-api-faz/htdocs/api-faz.rouqy-jewellery.com/vendor/laravel/framework/src/Illuminate/Http/Middleware/ValidatePostSize.php(27): Illuminate\\Pipeline\\Pipeline->Illuminate\\Pipeline\\{closure}()
#22 /home/rouqy-jewellery-api-faz/htdocs/api-faz.rouqy-jewellery.com/vendor/laravel/framework/src/Illuminate/Pipeline/Pipeline.php(219): Illuminate\\Http\\Middleware\\ValidatePostSize->handle()
#23 /home/rouqy-jewellery-api-faz/htdocs/api-faz.rouqy-jewellery.com/vendor/laravel/framework/src/Illuminate/Foundation/Http/Middleware/PreventRequestsDuringMaintenance.php(109): Illuminate\\Pipeline\\Pipeline->Illuminate\\Pipeline\\{closure}()
#24 /home/rouqy-jewellery-api-faz/htdocs/api-faz.rouqy-jewellery.com/vendor/laravel/framework/src/Illuminate/Pipeline/Pipeline.php(219): Illuminate\\Foundation\\Http\\Middleware\\PreventRequestsDuringMaintenance->handle()
#25 /home/rouqy-jewellery-api-faz/htdocs/api-faz.rouqy-jewellery.com/vendor/laravel/framework/src/Illuminate/Http/Middleware/HandleCors.php(74): Illuminate\\Pipeline\\Pipeline->Illuminate\\Pipeline\\{closure}()
#26 /home/rouqy-jewellery-api-faz/htdocs/api-faz.rouqy-jewellery.com/vendor/laravel/framework/src/Illuminate/Pipeline/Pipeline.php(219): Illuminate\\Http\\Middleware\\HandleCors->handle()
#27 /home/rouqy-jewellery-api-faz/htdocs/api-faz.rouqy-jewellery.com/vendor/laravel/framework/src/Illuminate/Http/Middleware/TrustProxies.php(58): Illuminate\\Pipeline\\Pipeline->Illuminate\\Pipeline\\{closure}()
#28 /home/rouqy-jewellery-api-faz/htdocs/api-faz.rouqy-jewellery.com/vendor/laravel/framework/src/Illuminate/Pipeline/Pipeline.php(219): Illuminate\\Http\\Middleware\\TrustProxies->handle()
#29 /home/rouqy-jewellery-api-faz/htdocs/api-faz.rouqy-jewellery.com/vendor/laravel/framework/src/Illuminate/Foundation/Http/Middleware/InvokeDeferredCallbacks.php(22): Illuminate\\Pipeline\\Pipeline->Illuminate\\Pipeline\\{closure}()
#30 /home/rouqy-jewellery-api-faz/htdocs/api-faz.rouqy-jewellery.com/vendor/laravel/framework/src/Illuminate/Pipeline/Pipeline.php(219): Illuminate\\Foundation\\Http\\Middleware\\InvokeDeferredCallbacks->handle()
#31 /home/rouqy-jewellery-api-faz/htdocs/api-faz.rouqy-jewellery.com/vendor/laravel/framework/src/Illuminate/Http/Middleware/ValidatePathEncoding.php(26): Illuminate\\Pipeline\\Pipeline->Illuminate\\Pipeline\\{closure}()
#32 /home/rouqy-jewellery-api-faz/htdocs/api-faz.rouqy-jewellery.com/vendor/laravel/framework/src/Illuminate/Pipeline/Pipeline.php(219): Illuminate\\Http\\Middleware\\ValidatePathEncoding->handle()
#33 /home/rouqy-jewellery-api-faz/htdocs/api-faz.rouqy-jewellery.com/vendor/laravel/framework/src/Illuminate/Pipeline/Pipeline.php(137): Illuminate\\Pipeline\\Pipeline->Illuminate\\Pipeline\\{closure}()
#34 /home/rouqy-jewellery-api-faz/htdocs/api-faz.rouqy-jewellery.com/vendor/laravel/framework/src/Illuminate/Foundation/Http/Kernel.php(175): Illuminate\\Pipeline\\Pipeline->then()
#35 /home/rouqy-jewellery-api-faz/htdocs/api-faz.rouqy-jewellery.com/vendor/laravel/framework/src/Illuminate/Foundation/Http/Kernel.php(144): Illuminate\\Foundation\\Http\\Kernel->sendRequestThroughRouter()
#36 /home/rouqy-jewellery-api-faz/htdocs/api-faz.rouqy-jewellery.com/vendor/laravel/framework/src/Illuminate/Foundation/Application.php(1220): Illuminate\\Foundation\\Http\\Kernel->handle()
#37 /home/rouqy-jewellery-api-faz/htdocs/api-faz.rouqy-jewellery.com/public/index.php(20): Illuminate\\Foundation\\Application->handleRequest()
#38 {main}
"} 
[2026-07-23 08:37:10] local.ERROR: Route [login] not defined. {"exception":"[object] (Symfony\\Component\\Routing\\Exception\\RouteNotFoundException(code: 0): Route [login] not defined. at /home/rouqy-jewellery-api-faz/htdocs/api-faz.rouqy-jewellery.com/vendor/laravel/framework/src/Illuminate/Routing/UrlGenerator.php:534)
[stacktrace]
#0 /home/rouqy-jewellery-api-faz/htdocs/api-faz.rouqy-jewellery.com/vendor/laravel/framework/src/Illuminate/Foundation/helpers.php(870): Illuminate\\Routing\\UrlGenerator->route()
#1 /home/rouqy-jewellery-api-faz/htdocs/api-faz.rouqy-jewellery.com/vendor/laravel/framework/src/Illuminate/Foundation/Configuration/ApplicationBuilder.php(278): route()
#2 [internal function]: Illuminate\\Foundation\\Configuration\\ApplicationBuilder->Illuminate\\Foundation\\Configuration\\{closure}()
#3 /home/rouqy-jewellery-api-faz/htdocs/api-faz.rouqy-jewellery.com/vendor/laravel/framework/src/Illuminate/Auth/Middleware/Authenticate.php(117): call_user_func()
#4 /home/rouqy-jewellery-api-faz/htdocs/api-faz.rouqy-jewellery.com/vendor/laravel/framework/src/Illuminate/Auth/Middleware/Authenticate.php(104): Illuminate\\Auth\\Middleware\\Authenticate->redirectTo()
#5 /home/rouqy-jewellery-api-faz/htdocs/api-faz.rouqy-jewellery.com/vendor/laravel/framework/src/Illuminate/Auth/Middleware/Authenticate.php(87): Illuminate\\Auth\\Middleware\\Authenticate->unauthenticated()
#6 /home/rouqy-jewellery-api-faz/htdocs/api-faz.rouqy-jewellery.com/vendor/laravel/framework/src/Illuminate/Auth/Middleware/Authenticate.php(61): Illuminate\\Auth\\Middleware\\Authenticate->authenticate()
#7 /home/rouqy-jewellery-api-faz/htdocs/api-faz.rouqy-jewellery.com/vendor/laravel/framework/src/Illuminate/Pipeline/Pipeline.php(219): Illuminate\\Auth\\Middleware\\Authenticate->handle()
#8 /home/rouqy-jewellery-api-faz/htdocs/api-faz.rouqy-jewellery.com/vendor/laravel/framework/src/Illuminate/Pipeline/Pipeline.php(137): Illuminate\\Pipeline\\Pipeline->Illuminate\\Pipeline\\{closure}()
#9 /home/rouqy-jewellery-api-faz/htdocs/api-faz.rouqy-jewellery.com/vendor/laravel/framework/src/Illuminate/Routing/Router.php(821): Illuminate\\Pipeline\\Pipeline->then()
#10 /home/rouqy-jewellery-api-faz/htdocs/api-faz.rouqy-jewellery.com/vendor/laravel/framework/src/Illuminate/Routing/Router.php(800): Illuminate\\Routing\\Router->runRouteWithinStack()
#11 /home/rouqy-jewellery-api-faz/htdocs/api-faz.rouqy-jewellery.com/vendor/laravel/framework/src/Illuminate/Routing/Router.php(764): Illuminate\\Routing\\Router->runRoute()
#12 /home/rouqy-jewellery-api-faz/htdocs/api-faz.rouqy-jewellery.com/vendor/laravel/framework/src/Illuminate/Routing/Router.php(753): Illuminate\\Routing\\Router->dispatchToRoute()
#13 /home/rouqy-jewellery-api-faz/htdocs/api-faz.rouqy-jewellery.com/vendor/laravel/framework/src/Illuminate/Foundation/Http/Kernel.php(200): Illuminate\\Routing\\Router->dispatch()
#14 /home/rouqy-jewellery-api-faz/htdocs/api-faz.rouqy-jewellery.com/vendor/laravel/framework/src/Illuminate/Pipeline/Pipeline.php(180): Illuminate\\Foundation\\Http\\Kernel->Illuminate\\Foundation\\Http\\{closure}()
#15 /home/rouqy-jewellery-api-faz/htdocs/api-faz.rouqy-jewellery.com/vendor/laravel/framework/src/Illuminate/Foundation/Http/Middleware/TransformsRequest.php(21): Illuminate\\Pipeline\\Pipeline->Illuminate\\Pipeline\\{closure}()
#16 /home/rouqy-jewellery-api-faz/htdocs/api-faz.rouqy-jewellery.com/vendor/laravel/framework/src/Illuminate/Foundation/Http/Middleware/ConvertEmptyStringsToNull.php(31): Illuminate\\Foundation\\Http\\Middleware\\TransformsRequest->handle()
#17 /home/rouqy-jewellery-api-faz/htdocs/api-faz.rouqy-jewellery.com/vendor/laravel/framework/src/Illuminate/Pipeline/Pipeline.php(219): Illuminate\\Foundation\\Http\\Middleware\\ConvertEmptyStringsToNull->handle()
#18 /home/rouqy-jewellery-api-faz/htdocs/api-faz.rouqy-jewellery.com/vendor/laravel/framework/src/Illuminate/Foundation/Http/Middleware/TransformsRequest.php(21): Illuminate\\Pipeline\\Pipeline->Illuminate\\Pipeline\\{closure}()
#19 /home/rouqy-jewellery-api-faz/htdocs/api-faz.rouqy-jewellery.com/vendor/laravel/framework/src/Illuminate/Foundation/Http/Middleware/TrimStrings.php(51): Illuminate\\Foundation\\Http\\Middleware\\TransformsRequest->handle()
#20 /home/rouqy-jewellery-api-faz/htdocs/api-faz.rouqy-jewellery.com/vendor/laravel/framework/src/Illuminate/Pipeline/Pipeline.php(219): Illuminate\\Foundation\\Http\\Middleware\\TrimStrings->handle()
#21 /home/rouqy-jewellery-api-faz/htdocs/api-faz.rouqy-jewellery.com/vendor/laravel/framework/src/Illuminate/Http/Middleware/ValidatePostSize.php(27): Illuminate\\Pipeline\\Pipeline->Illuminate\\Pipeline\\{closure}()
#22 /home/rouqy-jewellery-api-faz/htdocs/api-faz.rouqy-jewellery.com/vendor/laravel/framework/src/Illuminate/Pipeline/Pipeline.php(219): Illuminate\\Http\\Middleware\\ValidatePostSize->handle()
#23 /home/rouqy-jewellery-api-faz/htdocs/api-faz.rouqy-jewellery.com/vendor/laravel/framework/src/Illuminate/Foundation/Http/Middleware/PreventRequestsDuringMaintenance.php(109): Illuminate\\Pipeline\\Pipeline->Illuminate\\Pipeline\\{closure}()
#24 /home/rouqy-jewellery-api-faz/htdocs/api-faz.rouqy-jewellery.com/vendor/laravel/framework/src/Illuminate/Pipeline/Pipeline.php(219): Illuminate\\Foundation\\Http\\Middleware\\PreventRequestsDuringMaintenance->handle()
#25 /home/rouqy-jewellery-api-faz/htdocs/api-faz.rouqy-jewellery.com/vendor/laravel/framework/src/Illuminate/Http/Middleware/HandleCors.php(74): Illuminate\\Pipeline\\Pipeline->Illuminate\\Pipeline\\{closure}()
#26 /home/rouqy-jewellery-api-faz/htdocs/api-faz.rouqy-jewellery.com/vendor/laravel/framework/src/Illuminate/Pipeline/Pipeline.php(219): Illuminate\\Http\\Middleware\\HandleCors->handle()
#27 /home/rouqy-jewellery-api-faz/htdocs/api-faz.rouqy-jewellery.com/vendor/laravel/framework/src/Illuminate/Http/Middleware/TrustProxies.php(58): Illuminate\\Pipeline\\Pipeline->Illuminate\\Pipeline\\{closure}()
#28 /home/rouqy-jewellery-api-faz/htdocs/api-faz.rouqy-jewellery.com/vendor/laravel/framework/src/Illuminate/Pipeline/Pipeline.php(219): Illuminate\\Http\\Middleware\\TrustProxies->handle()
#29 /home/rouqy-jewellery-api-faz/htdocs/api-faz.rouqy-jewellery.com/vendor/laravel/framework/src/Illuminate/Foundation/Http/Middleware/InvokeDeferredCallbacks.php(22): Illuminate\\Pipeline\\Pipeline->Illuminate\\Pipeline\\{closure}()
#30 /home/rouqy-jewellery-api-faz/htdocs/api-faz.rouqy-jewellery.com/vendor/laravel/framework/src/Illuminate/Pipeline/Pipeline.php(219): Illuminate\\Foundation\\Http\\Middleware\\InvokeDeferredCallbacks->handle()
#31 /home/rouqy-jewellery-api-faz/htdocs/api-faz.rouqy-jewellery.com/vendor/laravel/framework/src/Illuminate/Http/Middleware/ValidatePathEncoding.php(26): Illuminate\\Pipeline\\Pipeline->Illuminate\\Pipeline\\{closure}()
#32 /home/rouqy-jewellery-api-faz/htdocs/api-faz.rouqy-jewellery.com/vendor/laravel/framework/src/Illuminate/Pipeline/Pipeline.php(219): Illuminate\\Http\\Middleware\\ValidatePathEncoding->handle()
#33 /home/rouqy-jewellery-api-faz/htdocs/api-faz.rouqy-jewellery.com/vendor/laravel/framework/src/Illuminate/Pipeline/Pipeline.php(137): Illuminate\\Pipeline\\Pipeline->Illuminate\\Pipeline\\{closure}()
#34 /home/rouqy-jewellery-api-faz/htdocs/api-faz.rouqy-jewellery.com/vendor/laravel/framework/src/Illuminate/Foundation/Http/Kernel.php(175): Illuminate\\Pipeline\\Pipeline->then()
#35 /home/rouqy-jewellery-api-faz/htdocs/api-faz.rouqy-jewellery.com/vendor/laravel/framework/src/Illuminate/Foundation/Http/Kernel.php(144): Illuminate\\Foundation\\Http\\Kernel->sendRequestThroughRouter()
#36 /home/rouqy-jewellery-api-faz/htdocs/api-faz.rouqy-jewellery.com/vendor/laravel/framework/src/Illuminate/Foundation/Application.php(1220): Illuminate\\Foundation\\Http\\Kernel->handle()
#37 /home/rouqy-jewellery-api-faz/htdocs/api-faz.rouqy-jewellery.com/public/index.php(20): Illuminate\\Foundation\\Application->handleRequest()
#38 {main}
"} 
[2026-07-23 12:15:16] local.ERROR: Route [login] not defined. {"exception":"[object] (Symfony\\Component\\Routing\\Exception\\RouteNotFoundException(code: 0): Route [login] not defined. at /home/rouqy-jewellery-api-faz/htdocs/api-faz.rouqy-jewellery.com/vendor/laravel/framework/src/Illuminate/Routing/UrlGenerator.php:534)
[stacktrace]
#0 /home/rouqy-jewellery-api-faz/htdocs/api-faz.rouqy-jewellery.com/vendor/laravel/framework/src/Illuminate/Foundation/helpers.php(870): Illuminate\\Routing\\UrlGenerator->route()
#1 /home/rouqy-jewellery-api-faz/htdocs/api-faz.rouqy-jewellery.com/vendor/laravel/framework/src/Illuminate/Foundation/Configuration/ApplicationBuilder.php(278): route()
#2 [internal function]: Illuminate\\Foundation\\Configuration\\ApplicationBuilder->Illuminate\\Foundation\\Configuration\\{closure}()
#3 /home/rouqy-jewellery-api-faz/htdocs/api-faz.rouqy-jewellery.com/vendor/laravel/framework/src/Illuminate/Auth/Middleware/Authenticate.php(117): call_user_func()
#4 /home/rouqy-jewellery-api-faz/htdocs/api-faz.rouqy-jewellery.com/vendor/laravel/framework/src/Illuminate/Auth/Middleware/Authenticate.php(104): Illuminate\\Auth\\Middleware\\Authenticate->redirectTo()
#5 /home/rouqy-jewellery-api-faz/htdocs/api-faz.rouqy-jewellery.com/vendor/laravel/framework/src/Illuminate/Auth/Middleware/Authenticate.php(87): Illuminate\\Auth\\Middleware\\Authenticate->unauthenticated()
#6 /home/rouqy-jewellery-api-faz/htdocs/api-faz.rouqy-jewellery.com/vendor/laravel/framework/src/Illuminate/Auth/Middleware/Authenticate.php(61): Illuminate\\Auth\\Middleware\\Authenticate->authenticate()
#7 /home/rouqy-jewellery-api-faz/htdocs/api-faz.rouqy-jewellery.com/vendor/laravel/framework/src/Illuminate/Pipeline/Pipeline.php(219): Illuminate\\Auth\\Middleware\\Authenticate->handle()
#8 /home/rouqy-jewellery-api-faz/htdocs/api-faz.rouqy-jewellery.com/vendor/laravel/framework/src/Illuminate/Pipeline/Pipeline.php(137): Illuminate\\Pipeline\\Pipeline->Illuminate\\Pipeline\\{closure}()
#9 /home/rouqy-jewellery-api-faz/htdocs/api-faz.rouqy-jewellery.com/vendor/laravel/framework/src/Illuminate/Routing/Router.php(821): Illuminate\\Pipeline\\Pipeline->then()
#10 /home/rouqy-jewellery-api-faz/htdocs/api-faz.rouqy-jewellery.com/vendor/laravel/framework/src/Illuminate/Routing/Router.php(800): Illuminate\\Routing\\Router->runRouteWithinStack()
#11 /home/rouqy-jewellery-api-faz/htdocs/api-faz.rouqy-jewellery.com/vendor/laravel/framework/src/Illuminate/Routing/Router.php(764): Illuminate\\Routing\\Router->runRoute()
#12 /home/rouqy-jewellery-api-faz/htdocs/api-faz.rouqy-jewellery.com/vendor/laravel/framework/src/Illuminate/Routing/Router.php(753): Illuminate\\Routing\\Router->dispatchToRoute()
#13 /home/rouqy-jewellery-api-faz/htdocs/api-faz.rouqy-jewellery.com/vendor/laravel/framework/src/Illuminate/Foundation/Http/Kernel.php(200): Illuminate\\Routing\\Router->dispatch()
#14 /home/rouqy-jewellery-api-faz/htdocs/api-faz.rouqy-jewellery.com/vendor/laravel/framework/src/Illuminate/Pipeline/Pipeline.php(180): Illuminate\\Foundation\\Http\\Kernel->Illuminate\\Foundation\\Http\\{closure}()
#15 /home/rouqy-jewellery-api-faz/htdocs/api-faz.rouqy-jewellery.com/vendor/laravel/framework/src/Illuminate/Foundation/Http/Middleware/TransformsRequest.php(21): Illuminate\\Pipeline\\Pipeline->Illuminate\\Pipeline\\{closure}()
#16 /home/rouqy-jewellery-api-faz/htdocs/api-faz.rouqy-jewellery.com/vendor/laravel/framework/src/Illuminate/Foundation/Http/Middleware/ConvertEmptyStringsToNull.php(31): Illuminate\\Foundation\\Http\\Middleware\\TransformsRequest->handle()
#17 /home/rouqy-jewellery-api-faz/htdocs/api-faz.rouqy-jewellery.com/vendor/laravel/framework/src/Illuminate/Pipeline/Pipeline.php(219): Illuminate\\Foundation\\Http\\Middleware\\ConvertEmptyStringsToNull->handle()
#18 /home/rouqy-jewellery-api-faz/htdocs/api-faz.rouqy-jewellery.com/vendor/laravel/framework/src/Illuminate/Foundation/Http/Middleware/TransformsRequest.php(21): Illuminate\\Pipeline\\Pipeline->Illuminate\\Pipeline\\{closure}()
#19 /home/rouqy-jewellery-api-faz/htdocs/api-faz.rouqy-jewellery.com/vendor/laravel/framework/src/Illuminate/Foundation/Http/Middleware/TrimStrings.php(51): Illuminate\\Foundation\\Http\\Middleware\\TransformsRequest->handle()
#20 /home/rouqy-jewellery-api-faz/htdocs/api-faz.rouqy-jewellery.com/vendor/laravel/framework/src/Illuminate/Pipeline/Pipeline.php(219): Illuminate\\Foundation\\Http\\Middleware\\TrimStrings->handle()
#21 /home/rouqy-jewellery-api-faz/htdocs/api-faz.rouqy-jewellery.com/vendor/laravel/framework/src/Illuminate/Http/Middleware/ValidatePostSize.php(27): Illuminate\\Pipeline\\Pipeline->Illuminate\\Pipeline\\{closure}()
#22 /home/rouqy-jewellery-api-faz/htdocs/api-faz.rouqy-jewellery.com/vendor/laravel/framework/src/Illuminate/Pipeline/Pipeline.php(219): Illuminate\\Http\\Middleware\\ValidatePostSize->handle()
#23 /home/rouqy-jewellery-api-faz/htdocs/api-faz.rouqy-jewellery.com/vendor/laravel/framework/src/Illuminate/Foundation/Http/Middleware/PreventRequestsDuringMaintenance.php(109): Illuminate\\Pipeline\\Pipeline->Illuminate\\Pipeline\\{closure}()
#24 /home/rouqy-jewellery-api-faz/htdocs/api-faz.rouqy-jewellery.com/vendor/laravel/framework/src/Illuminate/Pipeline/Pipeline.php(219): Illuminate\\Foundation\\Http\\Middleware\\PreventRequestsDuringMaintenance->handle()
#25 /home/rouqy-jewellery-api-faz/htdocs/api-faz.rouqy-jewellery.com/vendor/laravel/framework/src/Illuminate/Http/Middleware/HandleCors.php(74): Illuminate\\Pipeline\\Pipeline->Illuminate\\Pipeline\\{closure}()
#26 /home/rouqy-jewellery-api-faz/htdocs/api-faz.rouqy-jewellery.com/vendor/laravel/framework/src/Illuminate/Pipeline/Pipeline.php(219): Illuminate\\Http\\Middleware\\HandleCors->handle()
#27 /home/rouqy-jewellery-api-faz/htdocs/api-faz.rouqy-jewellery.com/vendor/laravel/framework/src/Illuminate/Http/Middleware/TrustProxies.php(58): Illuminate\\Pipeline\\Pipeline->Illuminate\\Pipeline\\{closure}()
#28 /home/rouqy-jewellery-api-faz/htdocs/api-faz.rouqy-jewellery.com/vendor/laravel/framework/src/Illuminate/Pipeline/Pipeline.php(219): Illuminate\\Http\\Middleware\\TrustProxies->handle()
#29 /home/rouqy-jewellery-api-faz/htdocs/api-faz.rouqy-jewellery.com/vendor/laravel/framework/src/Illuminate/Foundation/Http/Middleware/InvokeDeferredCallbacks.php(22): Illuminate\\Pipeline\\Pipeline->Illuminate\\Pipeline\\{closure}()
#30 /home/rouqy-jewellery-api-faz/htdocs/api-faz.rouqy-jewellery.com/vendor/laravel/framework/src/Illuminate/Pipeline/Pipeline.php(219): Illuminate\\Foundation\\Http\\Middleware\\InvokeDeferredCallbacks->handle()
#31 /home/rouqy-jewellery-api-faz/htdocs/api-faz.rouqy-jewellery.com/vendor/laravel/framework/src/Illuminate/Http/Middleware/ValidatePathEncoding.php(26): Illuminate\\Pipeline\\Pipeline->Illuminate\\Pipeline\\{closure}()
#32 /home/rouqy-jewellery-api-faz/htdocs/api-faz.rouqy-jewellery.com/vendor/laravel/framework/src/Illuminate/Pipeline/Pipeline.php(219): Illuminate\\Http\\Middleware\\ValidatePathEncoding->handle()
#33 /home/rouqy-jewellery-api-faz/htdocs/api-faz.rouqy-jewellery.com/vendor/laravel/framework/src/Illuminate/Pipeline/Pipeline.php(137): Illuminate\\Pipeline\\Pipeline->Illuminate\\Pipeline\\{closure}()
#34 /home/rouqy-jewellery-api-faz/htdocs/api-faz.rouqy-jewellery.com/vendor/laravel/framework/src/Illuminate/Foundation/Http/Kernel.php(175): Illuminate\\Pipeline\\Pipeline->then()
#35 /home/rouqy-jewellery-api-faz/htdocs/api-faz.rouqy-jewellery.com/vendor/laravel/framework/src/Illuminate/Foundation/Http/Kernel.php(144): Illuminate\\Foundation\\Http\\Kernel->sendRequestThroughRouter()
#36 /home/rouqy-jewellery-api-faz/htdocs/api-faz.rouqy-jewellery.com/vendor/laravel/framework/src/Illuminate/Foundation/Application.php(1220): Illuminate\\Foundation\\Http\\Kernel->handle()
#37 /home/rouqy-jewellery-api-faz/htdocs/api-faz.rouqy-jewellery.com/public/index.php(20): Illuminate\\Foundation\\Application->handleRequest()
#38 {main}
"} 
[2026-07-23 12:15:24] local.ERROR: Route [login] not defined. {"exception":"[object] (Symfony\\Component\\Routing\\Exception\\RouteNotFoundException(code: 0): Route [login] not defined. at /home/rouqy-jewellery-api-faz/htdocs/api-faz.rouqy-jewellery.com/vendor/laravel/framework/src/Illuminate/Routing/UrlGenerator.php:534)
[stacktrace]
#0 /home/rouqy-jewellery-api-faz/htdocs/api-faz.rouqy-jewellery.com/vendor/laravel/framework/src/Illuminate/Foundation/helpers.php(870): Illuminate\\Routing\\UrlGenerator->route()
#1 /home/rouqy-jewellery-api-faz/htdocs/api-faz.rouqy-jewellery.com/vendor/laravel/framework/src/Illuminate/Foundation/Configuration/ApplicationBuilder.php(278): route()
#2 [internal function]: Illuminate\\Foundation\\Configuration\\ApplicationBuilder->Illuminate\\Foundation\\Configuration\\{closure}()
#3 /home/rouqy-jewellery-api-faz/htdocs/api-faz.rouqy-jewellery.com/vendor/laravel/framework/src/Illuminate/Auth/Middleware/Authenticate.php(117): call_user_func()
#4 /home/rouqy-jewellery-api-faz/htdocs/api-faz.rouqy-jewellery.com/vendor/laravel/framework/src/Illuminate/Auth/Middleware/Authenticate.php(104): Illuminate\\Auth\\Middleware\\Authenticate->redirectTo()
#5 /home/rouqy-jewellery-api-faz/htdocs/api-faz.rouqy-jewellery.com/vendor/laravel/framework/src/Illuminate/Auth/Middleware/Authenticate.php(87): Illuminate\\Auth\\Middleware\\Authenticate->unauthenticated()
#6 /home/rouqy-jewellery-api-faz/htdocs/api-faz.rouqy-jewellery.com/vendor/laravel/framework/src/Illuminate/Auth/Middleware/Authenticate.php(61): Illuminate\\Auth\\Middleware\\Authenticate->authenticate()
#7 /home/rouqy-jewellery-api-faz/htdocs/api-faz.rouqy-jewellery.com/vendor/laravel/framework/src/Illuminate/Pipeline/Pipeline.php(219): Illuminate\\Auth\\Middleware\\Authenticate->handle()
#8 /home/rouqy-jewellery-api-faz/htdocs/api-faz.rouqy-jewellery.com/vendor/laravel/framework/src/Illuminate/Pipeline/Pipeline.php(137): Illuminate\\Pipeline\\Pipeline->Illuminate\\Pipeline\\{closure}()
#9 /home/rouqy-jewellery-api-faz/htdocs/api-faz.rouqy-jewellery.com/vendor/laravel/framework/src/Illuminate/Routing/Router.php(821): Illuminate\\Pipeline\\Pipeline->then()
#10 /home/rouqy-jewellery-api-faz/htdocs/api-faz.rouqy-jewellery.com/vendor/laravel/framework/src/Illuminate/Routing/Router.php(800): Illuminate\\Routing\\Router->runRouteWithinStack()
#11 /home/rouqy-jewellery-api-faz/htdocs/api-faz.rouqy-jewellery.com/vendor/laravel/framework/src/Illuminate/Routing/Router.php(764): Illuminate\\Routing\\Router->runRoute()
#12 /home/rouqy-jewellery-api-faz/htdocs/api-faz.rouqy-jewellery.com/vendor/laravel/framework/src/Illuminate/Routing/Router.php(753): Illuminate\\Routing\\Router->dispatchToRoute()
#13 /home/rouqy-jewellery-api-faz/htdocs/api-faz.rouqy-jewellery.com/vendor/laravel/framework/src/Illuminate/Foundation/Http/Kernel.php(200): Illuminate\\Routing\\Router->dispatch()
#14 /home/rouqy-jewellery-api-faz/htdocs/api-faz.rouqy-jewellery.com/vendor/laravel/framework/src/Illuminate/Pipeline/Pipeline.php(180): Illuminate\\Foundation\\Http\\Kernel->Illuminate\\Foundation\\Http\\{closure}()
#15 /home/rouqy-jewellery-api-faz/htdocs/api-faz.rouqy-jewellery.com/vendor/laravel/framework/src/Illuminate/Foundation/Http/Middleware/TransformsRequest.php(21): Illuminate\\Pipeline\\Pipeline->Illuminate\\Pipeline\\{closure}()
#16 /home/rouqy-jewellery-api-faz/htdocs/api-faz.rouqy-jewellery.com/vendor/laravel/framework/src/Illuminate/Foundation/Http/Middleware/ConvertEmptyStringsToNull.php(31): Illuminate\\Foundation\\Http\\Middleware\\TransformsRequest->handle()
#17 /home/rouqy-jewellery-api-faz/htdocs/api-faz.rouqy-jewellery.com/vendor/laravel/framework/src/Illuminate/Pipeline/Pipeline.php(219): Illuminate\\Foundation\\Http\\Middleware\\ConvertEmptyStringsToNull->handle()
#18 /home/rouqy-jewellery-api-faz/htdocs/api-faz.rouqy-jewellery.com/vendor/laravel/framework/src/Illuminate/Foundation/Http/Middleware/TransformsRequest.php(21): Illuminate\\Pipeline\\Pipeline->Illuminate\\Pipeline\\{closure}()
#19 /home/rouqy-jewellery-api-faz/htdocs/api-faz.rouqy-jewellery.com/vendor/laravel/framework/src/Illuminate/Foundation/Http/Middleware/TrimStrings.php(51): Illuminate\\Foundation\\Http\\Middleware\\TransformsRequest->handle()
#20 /home/rouqy-jewellery-api-faz/htdocs/api-faz.rouqy-jewellery.com/vendor/laravel/framework/src/Illuminate/Pipeline/Pipeline.php(219): Illuminate\\Foundation\\Http\\Middleware\\TrimStrings->handle()
#21 /home/rouqy-jewellery-api-faz/htdocs/api-faz.rouqy-jewellery.com/vendor/laravel/framework/src/Illuminate/Http/Middleware/ValidatePostSize.php(27): Illuminate\\Pipeline\\Pipeline->Illuminate\\Pipeline\\{closure}()
#22 /home/rouqy-jewellery-api-faz/htdocs/api-faz.rouqy-jewellery.com/vendor/laravel/framework/src/Illuminate/Pipeline/Pipeline.php(219): Illuminate\\Http\\Middleware\\ValidatePostSize->handle()
#23 /home/rouqy-jewellery-api-faz/htdocs/api-faz.rouqy-jewellery.com/vendor/laravel/framework/src/Illuminate/Foundation/Http/Middleware/PreventRequestsDuringMaintenance.php(109): Illuminate\\Pipeline\\Pipeline->Illuminate\\Pipeline\\{closure}()
#24 /home/rouqy-jewellery-api-faz/htdocs/api-faz.rouqy-jewellery.com/vendor/laravel/framework/src/Illuminate/Pipeline/Pipeline.php(219): Illuminate\\Foundation\\Http\\Middleware\\PreventRequestsDuringMaintenance->handle()
#25 /home/rouqy-jewellery-api-faz/htdocs/api-faz.rouqy-jewellery.com/vendor/laravel/framework/src/Illuminate/Http/Middleware/HandleCors.php(74): Illuminate\\Pipeline\\Pipeline->Illuminate\\Pipeline\\{closure}()
#26 /home/rouqy-jewellery-api-faz/htdocs/api-faz.rouqy-jewellery.com/vendor/laravel/framework/src/Illuminate/Pipeline/Pipeline.php(219): Illuminate\\Http\\Middleware\\HandleCors->handle()
#27 /home/rouqy-jewellery-api-faz/htdocs/api-faz.rouqy-jewellery.com/vendor/laravel/framework/src/Illuminate/Http/Middleware/TrustProxies.php(58): Illuminate\\Pipeline\\Pipeline->Illuminate\\Pipeline\\{closure}()
#28 /home/rouqy-jewellery-api-faz/htdocs/api-faz.rouqy-jewellery.com/vendor/laravel/framework/src/Illuminate/Pipeline/Pipeline.php(219): Illuminate\\Http\\Middleware\\TrustProxies->handle()
#29 /home/rouqy-jewellery-api-faz/htdocs/api-faz.rouqy-jewellery.com/vendor/laravel/framework/src/Illuminate/Foundation/Http/Middleware/InvokeDeferredCallbacks.php(22): Illuminate\\Pipeline\\Pipeline->Illuminate\\Pipeline\\{closure}()
#30 /home/rouqy-jewellery-api-faz/htdocs/api-faz.rouqy-jewellery.com/vendor/laravel/framework/src/Illuminate/Pipeline/Pipeline.php(219): Illuminate\\Foundation\\Http\\Middleware\\InvokeDeferredCallbacks->handle()
#31 /home/rouqy-jewellery-api-faz/htdocs/api-faz.rouqy-jewellery.com/vendor/laravel/framework/src/Illuminate/Http/Middleware/ValidatePathEncoding.php(26): Illuminate\\Pipeline\\Pipeline->Illuminate\\Pipeline\\{closure}()
#32 /home/rouqy-jewellery-api-faz/htdocs/api-faz.rouqy-jewellery.com/vendor/laravel/framework/src/Illuminate/Pipeline/Pipeline.php(219): Illuminate\\Http\\Middleware\\ValidatePathEncoding->handle()
#33 /home/rouqy-jewellery-api-faz/htdocs/api-faz.rouqy-jewellery.com/vendor/laravel/framework/src/Illuminate/Pipeline/Pipeline.php(137): Illuminate\\Pipeline\\Pipeline->Illuminate\\Pipeline\\{closure}()
#34 /home/rouqy-jewellery-api-faz/htdocs/api-faz.rouqy-jewellery.com/vendor/laravel/framework/src/Illuminate/Foundation/Http/Kernel.php(175): Illuminate\\Pipeline\\Pipeline->then()
#35 /home/rouqy-jewellery-api-faz/htdocs/api-faz.rouqy-jewellery.com/vendor/laravel/framework/src/Illuminate/Foundation/Http/Kernel.php(144): Illuminate\\Foundation\\Http\\Kernel->sendRequestThroughRouter()
#36 /home/rouqy-jewellery-api-faz/htdocs/api-faz.rouqy-jewellery.com/vendor/laravel/framework/src/Illuminate/Foundation/Application.php(1220): Illuminate\\Foundation\\Http\\Kernel->handle()
#37 /home/rouqy-jewellery-api-faz/htdocs/api-faz.rouqy-jewellery.com/public/index.php(20): Illuminate\\Foundation\\Application->handleRequest()
#38 {main}
"} 
[2026-07-23 12:15:30] local.ERROR: Route [login] not defined. {"exception":"[object] (Symfony\\Component\\Routing\\Exception\\RouteNotFoundException(code: 0): Route [login] not defined. at /home/rouqy-jewellery-api-faz/htdocs/api-faz.rouqy-jewellery.com/vendor/laravel/framework/src/Illuminate/Routing/UrlGenerator.php:534)
[stacktrace]
#0 /home/rouqy-jewellery-api-faz/htdocs/api-faz.rouqy-jewellery.com/vendor/laravel/framework/src/Illuminate/Foundation/helpers.php(870): Illuminate\\Routing\\UrlGenerator->route()
#1 /home/rouqy-jewellery-api-faz/htdocs/api-faz.rouqy-jewellery.com/vendor/laravel/framework/src/Illuminate/Foundation/Configuration/ApplicationBuilder.php(278): route()
#2 [internal function]: Illuminate\\Foundation\\Configuration\\ApplicationBuilder->Illuminate\\Foundation\\Configuration\\{closure}()
#3 /home/rouqy-jewellery-api-faz/htdocs/api-faz.rouqy-jewellery.com/vendor/laravel/framework/src/Illuminate/Auth/Middleware/Authenticate.php(117): call_user_func()
#4 /home/rouqy-jewellery-api-faz/htdocs/api-faz.rouqy-jewellery.com/vendor/laravel/framework/src/Illuminate/Auth/Middleware/Authenticate.php(104): Illuminate\\Auth\\Middleware\\Authenticate->redirectTo()
#5 /home/rouqy-jewellery-api-faz/htdocs/api-faz.rouqy-jewellery.com/vendor/laravel/framework/src/Illuminate/Auth/Middleware/Authenticate.php(87): Illuminate\\Auth\\Middleware\\Authenticate->unauthenticated()
#6 /home/rouqy-jewellery-api-faz/htdocs/api-faz.rouqy-jewellery.com/vendor/laravel/framework/src/Illuminate/Auth/Middleware/Authenticate.php(61): Illuminate\\Auth\\Middleware\\Authenticate->authenticate()
#7 /home/rouqy-jewellery-api-faz/htdocs/api-faz.rouqy-jewellery.com/vendor/laravel/framework/src/Illuminate/Pipeline/Pipeline.php(219): Illuminate\\Auth\\Middleware\\Authenticate->handle()
#8 /home/rouqy-jewellery-api-faz/htdocs/api-faz.rouqy-jewellery.com/vendor/laravel/framework/src/Illuminate/Pipeline/Pipeline.php(137): Illuminate\\Pipeline\\Pipeline->Illuminate\\Pipeline\\{closure}()
#9 /home/rouqy-jewellery-api-faz/htdocs/api-faz.rouqy-jewellery.com/vendor/laravel/framework/src/Illuminate/Routing/Router.php(821): Illuminate\\Pipeline\\Pipeline->then()
#10 /home/rouqy-jewellery-api-faz/htdocs/api-faz.rouqy-jewellery.com/vendor/laravel/framework/src/Illuminate/Routing/Router.php(800): Illuminate\\Routing\\Router->runRouteWithinStack()
#11 /home/rouqy-jewellery-api-faz/htdocs/api-faz.rouqy-jewellery.com/vendor/laravel/framework/src/Illuminate/Routing/Router.php(764): Illuminate\\Routing\\Router->runRoute()
#12 /home/rouqy-jewellery-api-faz/htdocs/api-faz.rouqy-jewellery.com/vendor/laravel/framework/src/Illuminate/Routing/Router.php(753): Illuminate\\Routing\\Router->dispatchToRoute()
#13 /home/rouqy-jewellery-api-faz/htdocs/api-faz.rouqy-jewellery.com/vendor/laravel/framework/src/Illuminate/Foundation/Http/Kernel.php(200): Illuminate\\Routing\\Router->dispatch()
#14 /home/rouqy-jewellery-api-faz/htdocs/api-faz.rouqy-jewellery.com/vendor/laravel/framework/src/Illuminate/Pipeline/Pipeline.php(180): Illuminate\\Foundation\\Http\\Kernel->Illuminate\\Foundation\\Http\\{closure}()
#15 /home/rouqy-jewellery-api-faz/htdocs/api-faz.rouqy-jewellery.com/vendor/laravel/framework/src/Illuminate/Foundation/Http/Middleware/TransformsRequest.php(21): Illuminate\\Pipeline\\Pipeline->Illuminate\\Pipeline\\{closure}()
#16 /home/rouqy-jewellery-api-faz/htdocs/api-faz.rouqy-jewellery.com/vendor/laravel/framework/src/Illuminate/Foundation/Http/Middleware/ConvertEmptyStringsToNull.php(31): Illuminate\\Foundation\\Http\\Middleware\\TransformsRequest->handle()
#17 /home/rouqy-jewellery-api-faz/htdocs/api-faz.rouqy-jewellery.com/vendor/laravel/framework/src/Illuminate/Pipeline/Pipeline.php(219): Illuminate\\Foundation\\Http\\Middleware\\ConvertEmptyStringsToNull->handle()
#18 /home/rouqy-jewellery-api-faz/htdocs/api-faz.rouqy-jewellery.com/vendor/laravel/framework/src/Illuminate/Foundation/Http/Middleware/TransformsRequest.php(21): Illuminate\\Pipeline\\Pipeline->Illuminate\\Pipeline\\{closure}()
#19 /home/rouqy-jewellery-api-faz/htdocs/api-faz.rouqy-jewellery.com/vendor/laravel/framework/src/Illuminate/Foundation/Http/Middleware/TrimStrings.php(51): Illuminate\\Foundation\\Http\\Middleware\\TransformsRequest->handle()
#20 /home/rouqy-jewellery-api-faz/htdocs/api-faz.rouqy-jewellery.com/vendor/laravel/framework/src/Illuminate/Pipeline/Pipeline.php(219): Illuminate\\Foundation\\Http\\Middleware\\TrimStrings->handle()
#21 /home/rouqy-jewellery-api-faz/htdocs/api-faz.rouqy-jewellery.com/vendor/laravel/framework/src/Illuminate/Http/Middleware/ValidatePostSize.php(27): Illuminate\\Pipeline\\Pipeline->Illuminate\\Pipeline\\{closure}()
#22 /home/rouqy-jewellery-api-faz/htdocs/api-faz.rouqy-jewellery.com/vendor/laravel/framework/src/Illuminate/Pipeline/Pipeline.php(219): Illuminate\\Http\\Middleware\\ValidatePostSize->handle()
#23 /home/rouqy-jewellery-api-faz/htdocs/api-faz.rouqy-jewellery.com/vendor/laravel/framework/src/Illuminate/Foundation/Http/Middleware/PreventRequestsDuringMaintenance.php(109): Illuminate\\Pipeline\\Pipeline->Illuminate\\Pipeline\\{closure}()
#24 /home/rouqy-jewellery-api-faz/htdocs/api-faz.rouqy-jewellery.com/vendor/laravel/framework/src/Illuminate/Pipeline/Pipeline.php(219): Illuminate\\Foundation\\Http\\Middleware\\PreventRequestsDuringMaintenance->handle()
#25 /home/rouqy-jewellery-api-faz/htdocs/api-faz.rouqy-jewellery.com/vendor/laravel/framework/src/Illuminate/Http/Middleware/HandleCors.php(74): Illuminate\\Pipeline\\Pipeline->Illuminate\\Pipeline\\{closure}()
#26 /home/rouqy-jewellery-api-faz/htdocs/api-faz.rouqy-jewellery.com/vendor/laravel/framework/src/Illuminate/Pipeline/Pipeline.php(219): Illuminate\\Http\\Middleware\\HandleCors->handle()
#27 /home/rouqy-jewellery-api-faz/htdocs/api-faz.rouqy-jewellery.com/vendor/laravel/framework/src/Illuminate/Http/Middleware/TrustProxies.php(58): Illuminate\\Pipeline\\Pipeline->Illuminate\\Pipeline\\{closure}()
#28 /home/rouqy-jewellery-api-faz/htdocs/api-faz.rouqy-jewellery.com/vendor/laravel/framework/src/Illuminate/Pipeline/Pipeline.php(219): Illuminate\\Http\\Middleware\\TrustProxies->handle()
#29 /home/rouqy-jewellery-api-faz/htdocs/api-faz.rouqy-jewellery.com/vendor/laravel/framework/src/Illuminate/Foundation/Http/Middleware/InvokeDeferredCallbacks.php(22): Illuminate\\Pipeline\\Pipeline->Illuminate\\Pipeline\\{closure}()
#30 /home/rouqy-jewellery-api-faz/htdocs/api-faz.rouqy-jewellery.com/vendor/laravel/framework/src/Illuminate/Pipeline/Pipeline.php(219): Illuminate\\Foundation\\Http\\Middleware\\InvokeDeferredCallbacks->handle()
#31 /home/rouqy-jewellery-api-faz/htdocs/api-faz.rouqy-jewellery.com/vendor/laravel/framework/src/Illuminate/Http/Middleware/ValidatePathEncoding.php(26): Illuminate\\Pipeline\\Pipeline->Illuminate\\Pipeline\\{closure}()
#32 /home/rouqy-jewellery-api-faz/htdocs/api-faz.rouqy-jewellery.com/vendor/laravel/framework/src/Illuminate/Pipeline/Pipeline.php(219): Illuminate\\Http\\Middleware\\ValidatePathEncoding->handle()
#33 /home/rouqy-jewellery-api-faz/htdocs/api-faz.rouqy-jewellery.com/vendor/laravel/framework/src/Illuminate/Pipeline/Pipeline.php(137): Illuminate\\Pipeline\\Pipeline->Illuminate\\Pipeline\\{closure}()
#34 /home/rouqy-jewellery-api-faz/htdocs/api-faz.rouqy-jewellery.com/vendor/laravel/framework/src/Illuminate/Foundation/Http/Kernel.php(175): Illuminate\\Pipeline\\Pipeline->then()
#35 /home/rouqy-jewellery-api-faz/htdocs/api-faz.rouqy-jewellery.com/vendor/laravel/framework/src/Illuminate/Foundation/Http/Kernel.php(144): Illuminate\\Foundation\\Http\\Kernel->sendRequestThroughRouter()
#36 /home/rouqy-jewellery-api-faz/htdocs/api-faz.rouqy-jewellery.com/vendor/laravel/framework/src/Illuminate/Foundation/Application.php(1220): Illuminate\\Foundation\\Http\\Kernel->handle()
#37 /home/rouqy-jewellery-api-faz/htdocs/api-faz.rouqy-jewellery.com/public/index.php(20): Illuminate\\Foundation\\Application->handleRequest()
#38 {main}
"} 
[2026-07-23 12:15:46] local.ERROR: Route [login] not defined. {"exception":"[object] (Symfony\\Component\\Routing\\Exception\\RouteNotFoundException(code: 0): Route [login] not defined. at /home/rouqy-jewellery-api-faz/htdocs/api-faz.rouqy-jewellery.com/vendor/laravel/framework/src/Illuminate/Routing/UrlGenerator.php:534)
[stacktrace]
#0 /home/rouqy-jewellery-api-faz/htdocs/api-faz.rouqy-jewellery.com/vendor/laravel/framework/src/Illuminate/Foundation/helpers.php(870): Illuminate\\Routing\\UrlGenerator->route()
#1 /home/rouqy-jewellery-api-faz/htdocs/api-faz.rouqy-jewellery.com/vendor/laravel/framework/src/Illuminate/Foundation/Configuration/ApplicationBuilder.php(278): route()
#2 [internal function]: Illuminate\\Foundation\\Configuration\\ApplicationBuilder->Illuminate\\Foundation\\Configuration\\{closure}()
#3 /home/rouqy-jewellery-api-faz/htdocs/api-faz.rouqy-jewellery.com/vendor/laravel/framework/src/Illuminate/Auth/Middleware/Authenticate.php(117): call_user_func()
#4 /home/rouqy-jewellery-api-faz/htdocs/api-faz.rouqy-jewellery.com/vendor/laravel/framework/src/Illuminate/Auth/Middleware/Authenticate.php(104): Illuminate\\Auth\\Middleware\\Authenticate->redirectTo()
#5 /home/rouqy-jewellery-api-faz/htdocs/api-faz.rouqy-jewellery.com/vendor/laravel/framework/src/Illuminate/Auth/Middleware/Authenticate.php(87): Illuminate\\Auth\\Middleware\\Authenticate->unauthenticated()
#6 /home/rouqy-jewellery-api-faz/htdocs/api-faz.rouqy-jewellery.com/vendor/laravel/framework/src/Illuminate/Auth/Middleware/Authenticate.php(61): Illuminate\\Auth\\Middleware\\Authenticate->authenticate()
#7 /home/rouqy-jewellery-api-faz/htdocs/api-faz.rouqy-jewellery.com/vendor/laravel/framework/src/Illuminate/Pipeline/Pipeline.php(219): Illuminate\\Auth\\Middleware\\Authenticate->handle()
#8 /home/rouqy-jewellery-api-faz/htdocs/api-faz.rouqy-jewellery.com/vendor/laravel/framework/src/Illuminate/Pipeline/Pipeline.php(137): Illuminate\\Pipeline\\Pipeline->Illuminate\\Pipeline\\{closure}()
#9 /home/rouqy-jewellery-api-faz/htdocs/api-faz.rouqy-jewellery.com/vendor/laravel/framework/src/Illuminate/Routing/Router.php(821): Illuminate\\Pipeline\\Pipeline->then()
#10 /home/rouqy-jewellery-api-faz/htdocs/api-faz.rouqy-jewellery.com/vendor/laravel/framework/src/Illuminate/Routing/Router.php(800): Illuminate\\Routing\\Router->runRouteWithinStack()
#11 /home/rouqy-jewellery-api-faz/htdocs/api-faz.rouqy-jewellery.com/vendor/laravel/framework/src/Illuminate/Routing/Router.php(764): Illuminate\\Routing\\Router->runRoute()
#12 /home/rouqy-jewellery-api-faz/htdocs/api-faz.rouqy-jewellery.com/vendor/laravel/framework/src/Illuminate/Routing/Router.php(753): Illuminate\\Routing\\Router->dispatchToRoute()
#13 /home/rouqy-jewellery-api-faz/htdocs/api-faz.rouqy-jewellery.com/vendor/laravel/framework/src/Illuminate/Foundation/Http/Kernel.php(200): Illuminate\\Routing\\Router->dispatch()
#14 /home/rouqy-jewellery-api-faz/htdocs/api-faz.rouqy-jewellery.com/vendor/laravel/framework/src/Illuminate/Pipeline/Pipeline.php(180): Illuminate\\Foundation\\Http\\Kernel->Illuminate\\Foundation\\Http\\{closure}()
#15 /home/rouqy-jewellery-api-faz/htdocs/api-faz.rouqy-jewellery.com/vendor/laravel/framework/src/Illuminate/Foundation/Http/Middleware/TransformsRequest.php(21): Illuminate\\Pipeline\\Pipeline->Illuminate\\Pipeline\\{closure}()
#16 /home/rouqy-jewellery-api-faz/htdocs/api-faz.rouqy-jewellery.com/vendor/laravel/framework/src/Illuminate/Foundation/Http/Middleware/ConvertEmptyStringsToNull.php(31): Illuminate\\Foundation\\Http\\Middleware\\TransformsRequest->handle()
#17 /home/rouqy-jewellery-api-faz/htdocs/api-faz.rouqy-jewellery.com/vendor/laravel/framework/src/Illuminate/Pipeline/Pipeline.php(219): Illuminate\\Foundation\\Http\\Middleware\\ConvertEmptyStringsToNull->handle()
#18 /home/rouqy-jewellery-api-faz/htdocs/api-faz.rouqy-jewellery.com/vendor/laravel/framework/src/Illuminate/Foundation/Http/Middleware/TransformsRequest.php(21): Illuminate\\Pipeline\\Pipeline->Illuminate\\Pipeline\\{closure}()
#19 /home/rouqy-jewellery-api-faz/htdocs/api-faz.rouqy-jewellery.com/vendor/laravel/framework/src/Illuminate/Foundation/Http/Middleware/TrimStrings.php(51): Illuminate\\Foundation\\Http\\Middleware\\TransformsRequest->handle()
#20 /home/rouqy-jewellery-api-faz/htdocs/api-faz.rouqy-jewellery.com/vendor/laravel/framework/src/Illuminate/Pipeline/Pipeline.php(219): Illuminate\\Foundation\\Http\\Middleware\\TrimStrings->handle()
#21 /home/rouqy-jewellery-api-faz/htdocs/api-faz.rouqy-jewellery.com/vendor/laravel/framework/src/Illuminate/Http/Middleware/ValidatePostSize.php(27): Illuminate\\Pipeline\\Pipeline->Illuminate\\Pipeline\\{closure}()
#22 /home/rouqy-jewellery-api-faz/htdocs/api-faz.rouqy-jewellery.com/vendor/laravel/framework/src/Illuminate/Pipeline/Pipeline.php(219): Illuminate\\Http\\Middleware\\ValidatePostSize->handle()
#23 /home/rouqy-jewellery-api-faz/htdocs/api-faz.rouqy-jewellery.com/vendor/laravel/framework/src/Illuminate/Foundation/Http/Middleware/PreventRequestsDuringMaintenance.php(109): Illuminate\\Pipeline\\Pipeline->Illuminate\\Pipeline\\{closure}()
#24 /home/rouqy-jewellery-api-faz/htdocs/api-faz.rouqy-jewellery.com/vendor/laravel/framework/src/Illuminate/Pipeline/Pipeline.php(219): Illuminate\\Foundation\\Http\\Middleware\\PreventRequestsDuringMaintenance->handle()
#25 /home/rouqy-jewellery-api-faz/htdocs/api-faz.rouqy-jewellery.com/vendor/laravel/framework/src/Illuminate/Http/Middleware/HandleCors.php(74): Illuminate\\Pipeline\\Pipeline->Illuminate\\Pipeline\\{closure}()
#26 /home/rouqy-jewellery-api-faz/htdocs/api-faz.rouqy-jewellery.com/vendor/laravel/framework/src/Illuminate/Pipeline/Pipeline.php(219): Illuminate\\Http\\Middleware\\HandleCors->handle()
#27 /home/rouqy-jewellery-api-faz/htdocs/api-faz.rouqy-jewellery.com/vendor/laravel/framework/src/Illuminate/Http/Middleware/TrustProxies.php(58): Illuminate\\Pipeline\\Pipeline->Illuminate\\Pipeline\\{closure}()
#28 /home/rouqy-jewellery-api-faz/htdocs/api-faz.rouqy-jewellery.com/vendor/laravel/framework/src/Illuminate/Pipeline/Pipeline.php(219): Illuminate\\Http\\Middleware\\TrustProxies->handle()
#29 /home/rouqy-jewellery-api-faz/htdocs/api-faz.rouqy-jewellery.com/vendor/laravel/framework/src/Illuminate/Foundation/Http/Middleware/InvokeDeferredCallbacks.php(22): Illuminate\\Pipeline\\Pipeline->Illuminate\\Pipeline\\{closure}()
#30 /home/rouqy-jewellery-api-faz/htdocs/api-faz.rouqy-jewellery.com/vendor/laravel/framework/src/Illuminate/Pipeline/Pipeline.php(219): Illuminate\\Foundation\\Http\\Middleware\\InvokeDeferredCallbacks->handle()
#31 /home/rouqy-jewellery-api-faz/htdocs/api-faz.rouqy-jewellery.com/vendor/laravel/framework/src/Illuminate/Http/Middleware/ValidatePathEncoding.php(26): Illuminate\\Pipeline\\Pipeline->Illuminate\\Pipeline\\{closure}()
#32 /home/rouqy-jewellery-api-faz/htdocs/api-faz.rouqy-jewellery.com/vendor/laravel/framework/src/Illuminate/Pipeline/Pipeline.php(219): Illuminate\\Http\\Middleware\\ValidatePathEncoding->handle()
#33 /home/rouqy-jewellery-api-faz/htdocs/api-faz.rouqy-jewellery.com/vendor/laravel/framework/src/Illuminate/Pipeline/Pipeline.php(137): Illuminate\\Pipeline\\Pipeline->Illuminate\\Pipeline\\{closure}()
#34 /home/rouqy-jewellery-api-faz/htdocs/api-faz.rouqy-jewellery.com/vendor/laravel/framework/src/Illuminate/Foundation/Http/Kernel.php(175): Illuminate\\Pipeline\\Pipeline->then()
#35 /home/rouqy-jewellery-api-faz/htdocs/api-faz.rouqy-jewellery.com/vendor/laravel/framework/src/Illuminate/Foundation/Http/Kernel.php(144): Illuminate\\Foundation\\Http\\Kernel->sendRequestThroughRouter()
#36 /home/rouqy-jewellery-api-faz/htdocs/api-faz.rouqy-jewellery.com/vendor/laravel/framework/src/Illuminate/Foundation/Application.php(1220): Illuminate\\Foundation\\Http\\Kernel->handle()
#37 /home/rouqy-jewellery-api-faz/htdocs/api-faz.rouqy-jewellery.com/public/index.php(20): Illuminate\\Foundation\\Application->handleRequest()
#38 {main}
"} 
[2026-07-23 12:41:15] local.ERROR: invoice_not_signed_yet {"exception":"[object] (RuntimeException(code: 0): invoice_not_signed_yet at /home/rouqy-jewellery-api-faz/htdocs/api-faz.rouqy-jewellery.com/app/Services/Zatca/ZatcaSubmissionService.php:31)
[stacktrace]
#0 /home/rouqy-jewellery-api-faz/htdocs/api-faz.rouqy-jewellery.com/app/Jobs/SubmitInvoiceToZatcaJob.php(39): App\\Services\\Zatca\\ZatcaSubmissionService->submit()
#1 /home/rouqy-jewellery-api-faz/htdocs/api-faz.rouqy-jewellery.com/vendor/laravel/framework/src/Illuminate/Container/BoundMethod.php(36): App\\Jobs\\SubmitInvoiceToZatcaJob->handle()
#2 /home/rouqy-jewellery-api-faz/htdocs/api-faz.rouqy-jewellery.com/vendor/laravel/framework/src/Illuminate/Container/Util.php(43): Illuminate\\Container\\BoundMethod::{closure:Illuminate\\Container\\BoundMethod::call():35}()
#3 /home/rouqy-jewellery-api-faz/htdocs/api-faz.rouqy-jewellery.com/vendor/laravel/framework/src/Illuminate/Container/BoundMethod.php(96): Illuminate\\Container\\Util::unwrapIfClosure()
#4 /home/rouqy-jewellery-api-faz/htdocs/api-faz.rouqy-jewellery.com/vendor/laravel/framework/src/Illuminate/Container/BoundMethod.php(35): Illuminate\\Container\\BoundMethod::callBoundMethod()
#5 /home/rouqy-jewellery-api-faz/htdocs/api-faz.rouqy-jewellery.com/vendor/laravel/framework/src/Illuminate/Container/Container.php(799): Illuminate\\Container\\BoundMethod::call()
#6 /home/rouqy-jewellery-api-faz/htdocs/api-faz.rouqy-jewellery.com/vendor/laravel/framework/src/Illuminate/Bus/Dispatcher.php(129): Illuminate\\Container\\Container->call()
#7 /home/rouqy-jewellery-api-faz/htdocs/api-faz.rouqy-jewellery.com/vendor/laravel/framework/src/Illuminate/Pipeline/Pipeline.php(180): Illuminate\\Bus\\Dispatcher->{closure:Illuminate\\Bus\\Dispatcher::dispatchNow():126}()
#8 /home/rouqy-jewellery-api-faz/htdocs/api-faz.rouqy-jewellery.com/vendor/laravel/framework/src/Illuminate/Pipeline/Pipeline.php(137): Illuminate\\Pipeline\\Pipeline->{closure:Illuminate\\Pipeline\\Pipeline::prepareDestination():178}()
#9 /home/rouqy-jewellery-api-faz/htdocs/api-faz.rouqy-jewellery.com/vendor/laravel/framework/src/Illuminate/Bus/Dispatcher.php(133): Illuminate\\Pipeline\\Pipeline->then()
#10 /home/rouqy-jewellery-api-faz/htdocs/api-faz.rouqy-jewellery.com/vendor/laravel/framework/src/Illuminate/Queue/CallQueuedHandler.php(136): Illuminate\\Bus\\Dispatcher->dispatchNow()
#11 /home/rouqy-jewellery-api-faz/htdocs/api-faz.rouqy-jewellery.com/vendor/laravel/framework/src/Illuminate/Pipeline/Pipeline.php(180): Illuminate\\Queue\\CallQueuedHandler->{closure:Illuminate\\Queue\\CallQueuedHandler::dispatchThroughMiddleware():129}()
#12 /home/rouqy-jewellery-api-faz/htdocs/api-faz.rouqy-jewellery.com/vendor/laravel/framework/src/Illuminate/Pipeline/Pipeline.php(137): Illuminate\\Pipeline\\Pipeline->{closure:Illuminate\\Pipeline\\Pipeline::prepareDestination():178}()
#13 /home/rouqy-jewellery-api-faz/htdocs/api-faz.rouqy-jewellery.com/vendor/laravel/framework/src/Illuminate/Queue/CallQueuedHandler.php(129): Illuminate\\Pipeline\\Pipeline->then()
#14 /home/rouqy-jewellery-api-faz/htdocs/api-faz.rouqy-jewellery.com/vendor/laravel/framework/src/Illuminate/Queue/CallQueuedHandler.php(70): Illuminate\\Queue\\CallQueuedHandler->dispatchThroughMiddleware()
#15 /home/rouqy-jewellery-api-faz/htdocs/api-faz.rouqy-jewellery.com/vendor/laravel/framework/src/Illuminate/Queue/Jobs/Job.php(102): Illuminate\\Queue\\CallQueuedHandler->call()
#16 /home/rouqy-jewellery-api-faz/htdocs/api-faz.rouqy-jewellery.com/vendor/laravel/framework/src/Illuminate/Queue/Worker.php(504): Illuminate\\Queue\\Jobs\\Job->fire()
#17 /home/rouqy-jewellery-api-faz/htdocs/api-faz.rouqy-jewellery.com/vendor/laravel/framework/src/Illuminate/Queue/Worker.php(454): Illuminate\\Queue\\Worker->process()
#18 /home/rouqy-jewellery-api-faz/htdocs/api-faz.rouqy-jewellery.com/vendor/laravel/framework/src/Illuminate/Queue/Worker.php(212): Illuminate\\Queue\\Worker->runJob()
#19 /home/rouqy-jewellery-api-faz/htdocs/api-faz.rouqy-jewellery.com/vendor/laravel/framework/src/Illuminate/Queue/Console/WorkCommand.php(149): Illuminate\\Queue\\Worker->daemon()
#20 /home/rouqy-jewellery-api-faz/htdocs/api-faz.rouqy-jewellery.com/vendor/laravel/framework/src/Illuminate/Queue/Console/WorkCommand.php(132): Illuminate\\Queue\\Console\\WorkCommand->runWorker()
#21 /home/rouqy-jewellery-api-faz/htdocs/api-faz.rouqy-jewellery.com/vendor/laravel/framework/src/Illuminate/Container/BoundMethod.php(36): Illuminate\\Queue\\Console\\WorkCommand->handle()
#22 /home/rouqy-jewellery-api-faz/htdocs/api-faz.rouqy-jewellery.com/vendor/laravel/framework/src/Illuminate/Container/Util.php(43): Illuminate\\Container\\BoundMethod::{closure:Illuminate\\Container\\BoundMethod::call():35}()
#23 /home/rouqy-jewellery-api-faz/htdocs/api-faz.rouqy-jewellery.com/vendor/laravel/framework/src/Illuminate/Container/BoundMethod.php(96): Illuminate\\Container\\Util::unwrapIfClosure()
#24 /home/rouqy-jewellery-api-faz/htdocs/api-faz.rouqy-jewellery.com/vendor/laravel/framework/src/Illuminate/Container/BoundMethod.php(35): Illuminate\\Container\\BoundMethod::callBoundMethod()
#25 /home/rouqy-jewellery-api-faz/htdocs/api-faz.rouqy-jewellery.com/vendor/laravel/framework/src/Illuminate/Container/Container.php(799): Illuminate\\Container\\BoundMethod::call()
#26 /home/rouqy-jewellery-api-faz/htdocs/api-faz.rouqy-jewellery.com/vendor/laravel/framework/src/Illuminate/Console/Command.php(211): Illuminate\\Container\\Container->call()
#27 /home/rouqy-jewellery-api-faz/htdocs/api-faz.rouqy-jewellery.com/vendor/symfony/console/Command/Command.php(341): Illuminate\\Console\\Command->execute()
#28 /home/rouqy-jewellery-api-faz/htdocs/api-faz.rouqy-jewellery.com/vendor/laravel/framework/src/Illuminate/Console/Command.php(180): Symfony\\Component\\Console\\Command\\Command->run()
#29 /home/rouqy-jewellery-api-faz/htdocs/api-faz.rouqy-jewellery.com/vendor/symfony/console/Application.php(1117): Illuminate\\Console\\Command->run()
#30 /home/rouqy-jewellery-api-faz/htdocs/api-faz.rouqy-jewellery.com/vendor/symfony/console/Application.php(356): Symfony\\Component\\Console\\Application->doRunCommand()
#31 /home/rouqy-jewellery-api-faz/htdocs/api-faz.rouqy-jewellery.com/vendor/symfony/console/Application.php(195): Symfony\\Component\\Console\\Application->doRun()
#32 /home/rouqy-jewellery-api-faz/htdocs/api-faz.rouqy-jewellery.com/vendor/laravel/framework/src/Illuminate/Foundation/Console/Kernel.php(198): Symfony\\Component\\Console\\Application->run()
#33 /home/rouqy-jewellery-api-faz/htdocs/api-faz.rouqy-jewellery.com/vendor/laravel/framework/src/Illuminate/Foundation/Application.php(1235): Illuminate\\Foundation\\Console\\Kernel->handle()
#34 /home/rouqy-jewellery-api-faz/htdocs/api-faz.rouqy-jewellery.com/artisan(16): Illuminate\\Foundation\\Application->handleCommand()
#35 {main}
"} 
[2026-07-23 12:41:16] local.ERROR: company_certificate_not_ready {"exception":"[object] (RuntimeException(code: 0): company_certificate_not_ready at /home/rouqy-jewellery-api-faz/htdocs/api-faz.rouqy-jewellery.com/app/Services/Zatca/ZatcaSubmissionService.php:37)
[stacktrace]
#0 /home/rouqy-jewellery-api-faz/htdocs/api-faz.rouqy-jewellery.com/app/Jobs/SubmitInvoiceToZatcaJob.php(39): App\\Services\\Zatca\\ZatcaSubmissionService->submit()
#1 /home/rouqy-jewellery-api-faz/htdocs/api-faz.rouqy-jewellery.com/vendor/laravel/framework/src/Illuminate/Container/BoundMethod.php(36): App\\Jobs\\SubmitInvoiceToZatcaJob->handle()
#2 /home/rouqy-jewellery-api-faz/htdocs/api-faz.rouqy-jewellery.com/vendor/laravel/framework/src/Illuminate/Container/Util.php(43): Illuminate\\Container\\BoundMethod::{closure:Illuminate\\Container\\BoundMethod::call():35}()
#3 /home/rouqy-jewellery-api-faz/htdocs/api-faz.rouqy-jewellery.com/vendor/laravel/framework/src/Illuminate/Container/BoundMethod.php(96): Illuminate\\Container\\Util::unwrapIfClosure()
#4 /home/rouqy-jewellery-api-faz/htdocs/api-faz.rouqy-jewellery.com/vendor/laravel/framework/src/Illuminate/Container/BoundMethod.php(35): Illuminate\\Container\\BoundMethod::callBoundMethod()
#5 /home/rouqy-jewellery-api-faz/htdocs/api-faz.rouqy-jewellery.com/vendor/laravel/framework/src/Illuminate/Container/Container.php(799): Illuminate\\Container\\BoundMethod::call()
#6 /home/rouqy-jewellery-api-faz/htdocs/api-faz.rouqy-jewellery.com/vendor/laravel/framework/src/Illuminate/Bus/Dispatcher.php(129): Illuminate\\Container\\Container->call()
#7 /home/rouqy-jewellery-api-faz/htdocs/api-faz.rouqy-jewellery.com/vendor/laravel/framework/src/Illuminate/Pipeline/Pipeline.php(180): Illuminate\\Bus\\Dispatcher->{closure:Illuminate\\Bus\\Dispatcher::dispatchNow():126}()
#8 /home/rouqy-jewellery-api-faz/htdocs/api-faz.rouqy-jewellery.com/vendor/laravel/framework/src/Illuminate/Pipeline/Pipeline.php(137): Illuminate\\Pipeline\\Pipeline->{closure:Illuminate\\Pipeline\\Pipeline::prepareDestination():178}()
#9 /home/rouqy-jewellery-api-faz/htdocs/api-faz.rouqy-jewellery.com/vendor/laravel/framework/src/Illuminate/Bus/Dispatcher.php(133): Illuminate\\Pipeline\\Pipeline->then()
#10 /home/rouqy-jewellery-api-faz/htdocs/api-faz.rouqy-jewellery.com/vendor/laravel/framework/src/Illuminate/Queue/CallQueuedHandler.php(136): Illuminate\\Bus\\Dispatcher->dispatchNow()
#11 /home/rouqy-jewellery-api-faz/htdocs/api-faz.rouqy-jewellery.com/vendor/laravel/framework/src/Illuminate/Pipeline/Pipeline.php(180): Illuminate\\Queue\\CallQueuedHandler->{closure:Illuminate\\Queue\\CallQueuedHandler::dispatchThroughMiddleware():129}()
#12 /home/rouqy-jewellery-api-faz/htdocs/api-faz.rouqy-jewellery.com/vendor/laravel/framework/src/Illuminate/Pipeline/Pipeline.php(137): Illuminate\\Pipeline\\Pipeline->{closure:Illuminate\\Pipeline\\Pipeline::prepareDestination():178}()
#13 /home/rouqy-jewellery-api-faz/htdocs/api-faz.rouqy-jewellery.com/vendor/laravel/framework/src/Illuminate/Queue/CallQueuedHandler.php(129): Illuminate\\Pipeline\\Pipeline->then()
#14 /home/rouqy-jewellery-api-faz/htdocs/api-faz.rouqy-jewellery.com/vendor/laravel/framework/src/Illuminate/Queue/CallQueuedHandler.php(70): Illuminate\\Queue\\CallQueuedHandler->dispatchThroughMiddleware()
#15 /home/rouqy-jewellery-api-faz/htdocs/api-faz.rouqy-jewellery.com/vendor/laravel/framework/src/Illuminate/Queue/Jobs/Job.php(102): Illuminate\\Queue\\CallQueuedHandler->call()
#16 /home/rouqy-jewellery-api-faz/htdocs/api-faz.rouqy-jewellery.com/vendor/laravel/framework/src/Illuminate/Queue/Worker.php(504): Illuminate\\Queue\\Jobs\\Job->fire()
#17 /home/rouqy-jewellery-api-faz/htdocs/api-faz.rouqy-jewellery.com/vendor/laravel/framework/src/Illuminate/Queue/Worker.php(454): Illuminate\\Queue\\Worker->process()
#18 /home/rouqy-jewellery-api-faz/htdocs/api-faz.rouqy-jewellery.com/vendor/laravel/framework/src/Illuminate/Queue/Worker.php(212): Illuminate\\Queue\\Worker->runJob()
#19 /home/rouqy-jewellery-api-faz/htdocs/api-faz.rouqy-jewellery.com/vendor/laravel/framework/src/Illuminate/Queue/Console/WorkCommand.php(149): Illuminate\\Queue\\Worker->daemon()
#20 /home/rouqy-jewellery-api-faz/htdocs/api-faz.rouqy-jewellery.com/vendor/laravel/framework/src/Illuminate/Queue/Console/WorkCommand.php(132): Illuminate\\Queue\\Console\\WorkCommand->runWorker()
#21 /home/rouqy-jewellery-api-faz/htdocs/api-faz.rouqy-jewellery.com/vendor/laravel/framework/src/Illuminate/Container/BoundMethod.php(36): Illuminate\\Queue\\Console\\WorkCommand->handle()
#22 /home/rouqy-jewellery-api-faz/htdocs/api-faz.rouqy-jewellery.com/vendor/laravel/framework/src/Illuminate/Container/Util.php(43): Illuminate\\Container\\BoundMethod::{closure:Illuminate\\Container\\BoundMethod::call():35}()
#23 /home/rouqy-jewellery-api-faz/htdocs/api-faz.rouqy-jewellery.com/vendor/laravel/framework/src/Illuminate/Container/BoundMethod.php(96): Illuminate\\Container\\Util::unwrapIfClosure()
#24 /home/rouqy-jewellery-api-faz/htdocs/api-faz.rouqy-jewellery.com/vendor/laravel/framework/src/Illuminate/Container/BoundMethod.php(35): Illuminate\\Container\\BoundMethod::callBoundMethod()
#25 /home/rouqy-jewellery-api-faz/htdocs/api-faz.rouqy-jewellery.com/vendor/laravel/framework/src/Illuminate/Container/Container.php(799): Illuminate\\Container\\BoundMethod::call()
#26 /home/rouqy-jewellery-api-faz/htdocs/api-faz.rouqy-jewellery.com/vendor/laravel/framework/src/Illuminate/Console/Command.php(211): Illuminate\\Container\\Container->call()
#27 /home/rouqy-jewellery-api-faz/htdocs/api-faz.rouqy-jewellery.com/vendor/symfony/console/Command/Command.php(341): Illuminate\\Console\\Command->execute()
#28 /home/rouqy-jewellery-api-faz/htdocs/api-faz.rouqy-jewellery.com/vendor/laravel/framework/src/Illuminate/Console/Command.php(180): Symfony\\Component\\Console\\Command\\Command->run()
#29 /home/rouqy-jewellery-api-faz/htdocs/api-faz.rouqy-jewellery.com/vendor/symfony/console/Application.php(1117): Illuminate\\Console\\Command->run()
#30 /home/rouqy-jewellery-api-faz/htdocs/api-faz.rouqy-jewellery.com/vendor/symfony/console/Application.php(356): Symfony\\Component\\Console\\Application->doRunCommand()
#31 /home/rouqy-jewellery-api-faz/htdocs/api-faz.rouqy-jewellery.com/vendor/symfony/console/Application.php(195): Symfony\\Component\\Console\\Application->doRun()
#32 /home/rouqy-jewellery-api-faz/htdocs/api-faz.rouqy-jewellery.com/vendor/laravel/framework/src/Illuminate/Foundation/Console/Kernel.php(198): Symfony\\Component\\Console\\Application->run()
#33 /home/rouqy-jewellery-api-faz/htdocs/api-faz.rouqy-jewellery.com/vendor/laravel/framework/src/Illuminate/Foundation/Application.php(1235): Illuminate\\Foundation\\Console\\Kernel->handle()
#34 /home/rouqy-jewellery-api-faz/htdocs/api-faz.rouqy-jewellery.com/artisan(16): Illuminate\\Foundation\\Application->handleCommand()
#35 {main}
"} 
[2026-07-23 12:41:16] local.ERROR: The payload is invalid. {"exception":"[object] (Illuminate\\Contracts\\Encryption\\DecryptException(code: 0): The payload is invalid. at /home/rouqy-jewellery-api-faz/htdocs/api-faz.rouqy-jewellery.com/vendor/laravel/framework/src/Illuminate/Encryption/Encrypter.php:244)
[stacktrace]
#0 /home/rouqy-jewellery-api-faz/htdocs/api-faz.rouqy-jewellery.com/vendor/laravel/framework/src/Illuminate/Encryption/Encrypter.php(157): Illuminate\\Encryption\\Encrypter->getJsonPayload()
#1 /home/rouqy-jewellery-api-faz/htdocs/api-faz.rouqy-jewellery.com/vendor/laravel/framework/src/Illuminate/Database/Eloquent/Concerns/HasAttributes.php(1428): Illuminate\\Encryption\\Encrypter->decrypt()
#2 /home/rouqy-jewellery-api-faz/htdocs/api-faz.rouqy-jewellery.com/vendor/laravel/framework/src/Illuminate/Database/Eloquent/Concerns/HasAttributes.php(844): Illuminate\\Database\\Eloquent\\Model->fromEncryptedString()
#3 /home/rouqy-jewellery-api-faz/htdocs/api-faz.rouqy-jewellery.com/vendor/laravel/framework/src/Illuminate/Database/Eloquent/Concerns/HasAttributes.php(2403): Illuminate\\Database\\Eloquent\\Model->castAttribute()
#4 /home/rouqy-jewellery-api-faz/htdocs/api-faz.rouqy-jewellery.com/vendor/laravel/framework/src/Illuminate/Database/Eloquent/Concerns/HasAttributes.php(529): Illuminate\\Database\\Eloquent\\Model->transformModelValue()
#5 /home/rouqy-jewellery-api-faz/htdocs/api-faz.rouqy-jewellery.com/vendor/laravel/framework/src/Illuminate/Database/Eloquent/Concerns/HasAttributes.php(483): Illuminate\\Database\\Eloquent\\Model->getAttributeValue()
#6 /home/rouqy-jewellery-api-faz/htdocs/api-faz.rouqy-jewellery.com/vendor/laravel/framework/src/Illuminate/Database/Eloquent/Model.php(2427): Illuminate\\Database\\Eloquent\\Model->getAttribute()
#7 /home/rouqy-jewellery-api-faz/htdocs/api-faz.rouqy-jewellery.com/app/Services/Zatca/ZatcaInvoiceSigningService.php(35): Illuminate\\Database\\Eloquent\\Model->__get()
#8 /home/rouqy-jewellery-api-faz/htdocs/api-faz.rouqy-jewellery.com/app/Services/Zatca/ZatcaInvoiceProcessingService.php(63): App\\Services\\Zatca\\ZatcaInvoiceSigningService->sign()
#9 /home/rouqy-jewellery-api-faz/htdocs/api-faz.rouqy-jewellery.com/app/Jobs/SignInvoiceXmlJob.php(34): App\\Services\\Zatca\\ZatcaInvoiceProcessingService->signInvoice()
#10 /home/rouqy-jewellery-api-faz/htdocs/api-faz.rouqy-jewellery.com/vendor/laravel/framework/src/Illuminate/Container/BoundMethod.php(36): App\\Jobs\\SignInvoiceXmlJob->handle()
#11 /home/rouqy-jewellery-api-faz/htdocs/api-faz.rouqy-jewellery.com/vendor/laravel/framework/src/Illuminate/Container/Util.php(43): Illuminate\\Container\\BoundMethod::{closure:Illuminate\\Container\\BoundMethod::call():35}()
#12 /home/rouqy-jewellery-api-faz/htdocs/api-faz.rouqy-jewellery.com/vendor/laravel/framework/src/Illuminate/Container/BoundMethod.php(96): Illuminate\\Container\\Util::unwrapIfClosure()
#13 /home/rouqy-jewellery-api-faz/htdocs/api-faz.rouqy-jewellery.com/vendor/laravel/framework/src/Illuminate/Container/BoundMethod.php(35): Illuminate\\Container\\BoundMethod::callBoundMethod()
#14 /home/rouqy-jewellery-api-faz/htdocs/api-faz.rouqy-jewellery.com/vendor/laravel/framework/src/Illuminate/Container/Container.php(799): Illuminate\\Container\\BoundMethod::call()
#15 /home/rouqy-jewellery-api-faz/htdocs/api-faz.rouqy-jewellery.com/vendor/laravel/framework/src/Illuminate/Bus/Dispatcher.php(129): Illuminate\\Container\\Container->call()
#16 /home/rouqy-jewellery-api-faz/htdocs/api-faz.rouqy-jewellery.com/vendor/laravel/framework/src/Illuminate/Pipeline/Pipeline.php(180): Illuminate\\Bus\\Dispatcher->{closure:Illuminate\\Bus\\Dispatcher::dispatchNow():126}()
#17 /home/rouqy-jewellery-api-faz/htdocs/api-faz.rouqy-jewellery.com/vendor/laravel/framework/src/Illuminate/Pipeline/Pipeline.php(137): Illuminate\\Pipeline\\Pipeline->{closure:Illuminate\\Pipeline\\Pipeline::prepareDestination():178}()
#18 /home/rouqy-jewellery-api-faz/htdocs/api-faz.rouqy-jewellery.com/vendor/laravel/framework/src/Illuminate/Bus/Dispatcher.php(133): Illuminate\\Pipeline\\Pipeline->then()
#19 /home/rouqy-jewellery-api-faz/htdocs/api-faz.rouqy-jewellery.com/vendor/laravel/framework/src/Illuminate/Queue/CallQueuedHandler.php(136): Illuminate\\Bus\\Dispatcher->dispatchNow()
#20 /home/rouqy-jewellery-api-faz/htdocs/api-faz.rouqy-jewellery.com/vendor/laravel/framework/src/Illuminate/Pipeline/Pipeline.php(180): Illuminate\\Queue\\CallQueuedHandler->{closure:Illuminate\\Queue\\CallQueuedHandler::dispatchThroughMiddleware():129}()
#21 /home/rouqy-jewellery-api-faz/htdocs/api-faz.rouqy-jewellery.com/vendor/laravel/framework/src/Illuminate/Pipeline/Pipeline.php(137): Illuminate\\Pipeline\\Pipeline->{closure:Illuminate\\Pipeline\\Pipeline::prepareDestination():178}()
#22 /home/rouqy-jewellery-api-faz/htdocs/api-faz.rouqy-jewellery.com/vendor/laravel/framework/src/Illuminate/Queue/CallQueuedHandler.php(129): Illuminate\\Pipeline\\Pipeline->then()
#23 /home/rouqy-jewellery-api-faz/htdocs/api-faz.rouqy-jewellery.com/vendor/laravel/framework/src/Illuminate/Queue/CallQueuedHandler.php(70): Illuminate\\Queue\\CallQueuedHandler->dispatchThroughMiddleware()
#24 /home/rouqy-jewellery-api-faz/htdocs/api-faz.rouqy-jewellery.com/vendor/laravel/framework/src/Illuminate/Queue/Jobs/Job.php(102): Illuminate\\Queue\\CallQueuedHandler->call()
#25 /home/rouqy-jewellery-api-faz/htdocs/api-faz.rouqy-jewellery.com/vendor/laravel/framework/src/Illuminate/Queue/Worker.php(504): Illuminate\\Queue\\Jobs\\Job->fire()
#26 /home/rouqy-jewellery-api-faz/htdocs/api-faz.rouqy-jewellery.com/vendor/laravel/framework/src/Illuminate/Queue/Worker.php(454): Illuminate\\Queue\\Worker->process()
#27 /home/rouqy-jewellery-api-faz/htdocs/api-faz.rouqy-jewellery.com/vendor/laravel/framework/src/Illuminate/Queue/Worker.php(212): Illuminate\\Queue\\Worker->runJob()
#28 /home/rouqy-jewellery-api-faz/htdocs/api-faz.rouqy-jewellery.com/vendor/laravel/framework/src/Illuminate/Queue/Console/WorkCommand.php(149): Illuminate\\Queue\\Worker->daemon()
#29 /home/rouqy-jewellery-api-faz/htdocs/api-faz.rouqy-jewellery.com/vendor/laravel/framework/src/Illuminate/Queue/Console/WorkCommand.php(132): Illuminate\\Queue\\Console\\WorkCommand->runWorker()
#30 /home/rouqy-jewellery-api-faz/htdocs/api-faz.rouqy-jewellery.com/vendor/laravel/framework/src/Illuminate/Container/BoundMethod.php(36): Illuminate\\Queue\\Console\\WorkCommand->handle()
#31 /home/rouqy-jewellery-api-faz/htdocs/api-faz.rouqy-jewellery.com/vendor/laravel/framework/src/Illuminate/Container/Util.php(43): Illuminate\\Container\\BoundMethod::{closure:Illuminate\\Container\\BoundMethod::call():35}()
#32 /home/rouqy-jewellery-api-faz/htdocs/api-faz.rouqy-jewellery.com/vendor/laravel/framework/src/Illuminate/Container/BoundMethod.php(96): Illuminate\\Container\\Util::unwrapIfClosure()
#33 /home/rouqy-jewellery-api-faz/htdocs/api-faz.rouqy-jewellery.com/vendor/laravel/framework/src/Illuminate/Container/BoundMethod.php(35): Illuminate\\Container\\BoundMethod::callBoundMethod()
#34 /home/rouqy-jewellery-api-faz/htdocs/api-faz.rouqy-jewellery.com/vendor/laravel/framework/src/Illuminate/Container/Container.php(799): Illuminate\\Container\\BoundMethod::call()
#35 /home/rouqy-jewellery-api-faz/htdocs/api-faz.rouqy-jewellery.com/vendor/laravel/framework/src/Illuminate/Console/Command.php(211): Illuminate\\Container\\Container->call()
#36 /home/rouqy-jewellery-api-faz/htdocs/api-faz.rouqy-jewellery.com/vendor/symfony/console/Command/Command.php(341): Illuminate\\Console\\Command->execute()
#37 /home/rouqy-jewellery-api-faz/htdocs/api-faz.rouqy-jewellery.com/vendor/laravel/framework/src/Illuminate/Console/Command.php(180): Symfony\\Component\\Console\\Command\\Command->run()
#38 /home/rouqy-jewellery-api-faz/htdocs/api-faz.rouqy-jewellery.com/vendor/symfony/console/Application.php(1117): Illuminate\\Console\\Command->run()
#39 /home/rouqy-jewellery-api-faz/htdocs/api-faz.rouqy-jewellery.com/vendor/symfony/console/Application.php(356): Symfony\\Component\\Console\\Application->doRunCommand()
#40 /home/rouqy-jewellery-api-faz/htdocs/api-faz.rouqy-jewellery.com/vendor/symfony/console/Application.php(195): Symfony\\Component\\Console\\Application->doRun()
#41 /home/rouqy-jewellery-api-faz/htdocs/api-faz.rouqy-jewellery.com/vendor/laravel/framework/src/Illuminate/Foundation/Console/Kernel.php(198): Symfony\\Component\\Console\\Application->run()
#42 /home/rouqy-jewellery-api-faz/htdocs/api-faz.rouqy-jewellery.com/vendor/laravel/framework/src/Illuminate/Foundation/Application.php(1235): Illuminate\\Foundation\\Console\\Kernel->handle()
#43 /home/rouqy-jewellery-api-faz/htdocs/api-faz.rouqy-jewellery.com/artisan(16): Illuminate\\Foundation\\Application->handleCommand()
#44 {main}
"} 
[2026-07-23 12:41:16] local.ERROR: The payload is invalid. {"exception":"[object] (Illuminate\\Contracts\\Encryption\\DecryptException(code: 0): The payload is invalid. at /home/rouqy-jewellery-api-faz/htdocs/api-faz.rouqy-jewellery.com/vendor/laravel/framework/src/Illuminate/Encryption/Encrypter.php:244)
[stacktrace]
#0 /home/rouqy-jewellery-api-faz/htdocs/api-faz.rouqy-jewellery.com/vendor/laravel/framework/src/Illuminate/Encryption/Encrypter.php(157): Illuminate\\Encryption\\Encrypter->getJsonPayload()
#1 /home/rouqy-jewellery-api-faz/htdocs/api-faz.rouqy-jewellery.com/vendor/laravel/framework/src/Illuminate/Database/Eloquent/Concerns/HasAttributes.php(1428): Illuminate\\Encryption\\Encrypter->decrypt()
#2 /home/rouqy-jewellery-api-faz/htdocs/api-faz.rouqy-jewellery.com/vendor/laravel/framework/src/Illuminate/Database/Eloquent/Concerns/HasAttributes.php(844): Illuminate\\Database\\Eloquent\\Model->fromEncryptedString()
#3 /home/rouqy-jewellery-api-faz/htdocs/api-faz.rouqy-jewellery.com/vendor/laravel/framework/src/Illuminate/Database/Eloquent/Concerns/HasAttributes.php(2403): Illuminate\\Database\\Eloquent\\Model->castAttribute()
#4 /home/rouqy-jewellery-api-faz/htdocs/api-faz.rouqy-jewellery.com/vendor/laravel/framework/src/Illuminate/Database/Eloquent/Concerns/HasAttributes.php(529): Illuminate\\Database\\Eloquent\\Model->transformModelValue()
#5 /home/rouqy-jewellery-api-faz/htdocs/api-faz.rouqy-jewellery.com/vendor/laravel/framework/src/Illuminate/Database/Eloquent/Concerns/HasAttributes.php(483): Illuminate\\Database\\Eloquent\\Model->getAttributeValue()
#6 /home/rouqy-jewellery-api-faz/htdocs/api-faz.rouqy-jewellery.com/vendor/laravel/framework/src/Illuminate/Database/Eloquent/Model.php(2427): Illuminate\\Database\\Eloquent\\Model->getAttribute()
#7 /home/rouqy-jewellery-api-faz/htdocs/api-faz.rouqy-jewellery.com/app/Services/Zatca/ZatcaSubmissionService.php(36): Illuminate\\Database\\Eloquent\\Model->__get()
#8 /home/rouqy-jewellery-api-faz/htdocs/api-faz.rouqy-jewellery.com/app/Jobs/SubmitInvoiceToZatcaJob.php(39): App\\Services\\Zatca\\ZatcaSubmissionService->submit()
#9 /home/rouqy-jewellery-api-faz/htdocs/api-faz.rouqy-jewellery.com/vendor/laravel/framework/src/Illuminate/Container/BoundMethod.php(36): App\\Jobs\\SubmitInvoiceToZatcaJob->handle()
#10 /home/rouqy-jewellery-api-faz/htdocs/api-faz.rouqy-jewellery.com/vendor/laravel/framework/src/Illuminate/Container/Util.php(43): Illuminate\\Container\\BoundMethod::{closure:Illuminate\\Container\\BoundMethod::call():35}()
#11 /home/rouqy-jewellery-api-faz/htdocs/api-faz.rouqy-jewellery.com/vendor/laravel/framework/src/Illuminate/Container/BoundMethod.php(96): Illuminate\\Container\\Util::unwrapIfClosure()
#12 /home/rouqy-jewellery-api-faz/htdocs/api-faz.rouqy-jewellery.com/vendor/laravel/framework/src/Illuminate/Container/BoundMethod.php(35): Illuminate\\Container\\BoundMethod::callBoundMethod()
#13 /home/rouqy-jewellery-api-faz/htdocs/api-faz.rouqy-jewellery.com/vendor/laravel/framework/src/Illuminate/Container/Container.php(799): Illuminate\\Container\\BoundMethod::call()
#14 /home/rouqy-jewellery-api-faz/htdocs/api-faz.rouqy-jewellery.com/vendor/laravel/framework/src/Illuminate/Bus/Dispatcher.php(129): Illuminate\\Container\\Container->call()
#15 /home/rouqy-jewellery-api-faz/htdocs/api-faz.rouqy-jewellery.com/vendor/laravel/framework/src/Illuminate/Pipeline/Pipeline.php(180): Illuminate\\Bus\\Dispatcher->{closure:Illuminate\\Bus\\Dispatcher::dispatchNow():126}()
#16 /home/rouqy-jewellery-api-faz/htdocs/api-faz.rouqy-jewellery.com/vendor/laravel/framework/src/Illuminate/Pipeline/Pipeline.php(137): Illuminate\\Pipeline\\Pipeline->{closure:Illuminate\\Pipeline\\Pipeline::prepareDestination():178}()
#17 /home/rouqy-jewellery-api-faz/htdocs/api-faz.rouqy-jewellery.com/vendor/laravel/framework/src/Illuminate/Bus/Dispatcher.php(133): Illuminate\\Pipeline\\Pipeline->then()
#18 /home/rouqy-jewellery-api-faz/htdocs/api-faz.rouqy-jewellery.com/vendor/laravel/framework/src/Illuminate/Queue/CallQueuedHandler.php(136): Illuminate\\Bus\\Dispatcher->dispatchNow()
#19 /home/rouqy-jewellery-api-faz/htdocs/api-faz.rouqy-jewellery.com/vendor/laravel/framework/src/Illuminate/Pipeline/Pipeline.php(180): Illuminate\\Queue\\CallQueuedHandler->{closure:Illuminate\\Queue\\CallQueuedHandler::dispatchThroughMiddleware():129}()
#20 /home/rouqy-jewellery-api-faz/htdocs/api-faz.rouqy-jewellery.com/vendor/laravel/framework/src/Illuminate/Pipeline/Pipeline.php(137): Illuminate\\Pipeline\\Pipeline->{closure:Illuminate\\Pipeline\\Pipeline::prepareDestination():178}()
#21 /home/rouqy-jewellery-api-faz/htdocs/api-faz.rouqy-jewellery.com/vendor/laravel/framework/src/Illuminate/Queue/CallQueuedHandler.php(129): Illuminate\\Pipeline\\Pipeline->then()
#22 /home/rouqy-jewellery-api-faz/htdocs/api-faz.rouqy-jewellery.com/vendor/laravel/framework/src/Illuminate/Queue/CallQueuedHandler.php(70): Illuminate\\Queue\\CallQueuedHandler->dispatchThroughMiddleware()
#23 /home/rouqy-jewellery-api-faz/htdocs/api-faz.rouqy-jewellery.com/vendor/laravel/framework/src/Illuminate/Queue/Jobs/Job.php(102): Illuminate\\Queue\\CallQueuedHandler->call()
#24 /home/rouqy-jewellery-api-faz/htdocs/api-faz.rouqy-jewellery.com/vendor/laravel/framework/src/Illuminate/Queue/Worker.php(504): Illuminate\\Queue\\Jobs\\Job->fire()
#25 /home/rouqy-jewellery-api-faz/htdocs/api-faz.rouqy-jewellery.com/vendor/laravel/framework/src/Illuminate/Queue/Worker.php(454): Illuminate\\Queue\\Worker->process()
#26 /home/rouqy-jewellery-api-faz/htdocs/api-faz.rouqy-jewellery.com/vendor/laravel/framework/src/Illuminate/Queue/Worker.php(212): Illuminate\\Queue\\Worker->runJob()
#27 /home/rouqy-jewellery-api-faz/htdocs/api-faz.rouqy-jewellery.com/vendor/laravel/framework/src/Illuminate/Queue/Console/WorkCommand.php(149): Illuminate\\Queue\\Worker->daemon()
#28 /home/rouqy-jewellery-api-faz/htdocs/api-faz.rouqy-jewellery.com/vendor/laravel/framework/src/Illuminate/Queue/Console/WorkCommand.php(132): Illuminate\\Queue\\Console\\WorkCommand->runWorker()
#29 /home/rouqy-jewellery-api-faz/htdocs/api-faz.rouqy-jewellery.com/vendor/laravel/framework/src/Illuminate/Container/BoundMethod.php(36): Illuminate\\Queue\\Console\\WorkCommand->handle()
#30 /home/rouqy-jewellery-api-faz/htdocs/api-faz.rouqy-jewellery.com/vendor/laravel/framework/src/Illuminate/Container/Util.php(43): Illuminate\\Container\\BoundMethod::{closure:Illuminate\\Container\\BoundMethod::call():35}()
#31 /home/rouqy-jewellery-api-faz/htdocs/api-faz.rouqy-jewellery.com/vendor/laravel/framework/src/Illuminate/Container/BoundMethod.php(96): Illuminate\\Container\\Util::unwrapIfClosure()
#32 /home/rouqy-jewellery-api-faz/htdocs/api-faz.rouqy-jewellery.com/vendor/laravel/framework/src/Illuminate/Container/BoundMethod.php(35): Illuminate\\Container\\BoundMethod::callBoundMethod()
#33 /home/rouqy-jewellery-api-faz/htdocs/api-faz.rouqy-jewellery.com/vendor/laravel/framework/src/Illuminate/Container/Container.php(799): Illuminate\\Container\\BoundMethod::call()
#34 /home/rouqy-jewellery-api-faz/htdocs/api-faz.rouqy-jewellery.com/vendor/laravel/framework/src/Illuminate/Console/Command.php(211): Illuminate\\Container\\Container->call()
#35 /home/rouqy-jewellery-api-faz/htdocs/api-faz.rouqy-jewellery.com/vendor/symfony/console/Command/Command.php(341): Illuminate\\Console\\Command->execute()
#36 /home/rouqy-jewellery-api-faz/htdocs/api-faz.rouqy-jewellery.com/vendor/laravel/framework/src/Illuminate/Console/Command.php(180): Symfony\\Component\\Console\\Command\\Command->run()
#37 /home/rouqy-jewellery-api-faz/htdocs/api-faz.rouqy-jewellery.com/vendor/symfony/console/Application.php(1117): Illuminate\\Console\\Command->run()
#38 /home/rouqy-jewellery-api-faz/htdocs/api-faz.rouqy-jewellery.com/vendor/symfony/console/Application.php(356): Symfony\\Component\\Console\\Application->doRunCommand()
#39 /home/rouqy-jewellery-api-faz/htdocs/api-faz.rouqy-jewellery.com/vendor/symfony/console/Application.php(195): Symfony\\Component\\Console\\Application->doRun()
#40 /home/rouqy-jewellery-api-faz/htdocs/api-faz.rouqy-jewellery.com/vendor/laravel/framework/src/Illuminate/Foundation/Console/Kernel.php(198): Symfony\\Component\\Console\\Application->run()
#41 /home/rouqy-jewellery-api-faz/htdocs/api-faz.rouqy-jewellery.com/vendor/laravel/framework/src/Illuminate/Foundation/Application.php(1235): Illuminate\\Foundation\\Console\\Kernel->handle()
#42 /home/rouqy-jewellery-api-faz/htdocs/api-faz.rouqy-jewellery.com/artisan(16): Illuminate\\Foundation\\Application->handleCommand()
#43 {main}
"} 
[2026-07-23 12:41:16] local.ERROR: company_certificate_not_ready {"exception":"[object] (RuntimeException(code: 0): company_certificate_not_ready at /home/rouqy-jewellery-api-faz/htdocs/api-faz.rouqy-jewellery.com/app/Services/Zatca/ZatcaInvoiceSigningService.php:36)
[stacktrace]
#0 /home/rouqy-jewellery-api-faz/htdocs/api-faz.rouqy-jewellery.com/app/Services/Zatca/ZatcaInvoiceProcessingService.php(63): App\\Services\\Zatca\\ZatcaInvoiceSigningService->sign()
#1 /home/rouqy-jewellery-api-faz/htdocs/api-faz.rouqy-jewellery.com/app/Jobs/SignInvoiceXmlJob.php(34): App\\Services\\Zatca\\ZatcaInvoiceProcessingService->signInvoice()
#2 /home/rouqy-jewellery-api-faz/htdocs/api-faz.rouqy-jewellery.com/vendor/laravel/framework/src/Illuminate/Container/BoundMethod.php(36): App\\Jobs\\SignInvoiceXmlJob->handle()
#3 /home/rouqy-jewellery-api-faz/htdocs/api-faz.rouqy-jewellery.com/vendor/laravel/framework/src/Illuminate/Container/Util.php(43): Illuminate\\Container\\BoundMethod::{closure:Illuminate\\Container\\BoundMethod::call():35}()
#4 /home/rouqy-jewellery-api-faz/htdocs/api-faz.rouqy-jewellery.com/vendor/laravel/framework/src/Illuminate/Container/BoundMethod.php(96): Illuminate\\Container\\Util::unwrapIfClosure()
#5 /home/rouqy-jewellery-api-faz/htdocs/api-faz.rouqy-jewellery.com/vendor/laravel/framework/src/Illuminate/Container/BoundMethod.php(35): Illuminate\\Container\\BoundMethod::callBoundMethod()
#6 /home/rouqy-jewellery-api-faz/htdocs/api-faz.rouqy-jewellery.com/vendor/laravel/framework/src/Illuminate/Container/Container.php(799): Illuminate\\Container\\BoundMethod::call()
#7 /home/rouqy-jewellery-api-faz/htdocs/api-faz.rouqy-jewellery.com/vendor/laravel/framework/src/Illuminate/Bus/Dispatcher.php(129): Illuminate\\Container\\Container->call()
#8 /home/rouqy-jewellery-api-faz/htdocs/api-faz.rouqy-jewellery.com/vendor/laravel/framework/src/Illuminate/Pipeline/Pipeline.php(180): Illuminate\\Bus\\Dispatcher->{closure:Illuminate\\Bus\\Dispatcher::dispatchNow():126}()
#9 /home/rouqy-jewellery-api-faz/htdocs/api-faz.rouqy-jewellery.com/vendor/laravel/framework/src/Illuminate/Pipeline/Pipeline.php(137): Illuminate\\Pipeline\\Pipeline->{closure:Illuminate\\Pipeline\\Pipeline::prepareDestination():178}()
#10 /home/rouqy-jewellery-api-faz/htdocs/api-faz.rouqy-jewellery.com/vendor/laravel/framework/src/Illuminate/Bus/Dispatcher.php(133): Illuminate\\Pipeline\\Pipeline->then()
#11 /home/rouqy-jewellery-api-faz/htdocs/api-faz.rouqy-jewellery.com/vendor/laravel/framework/src/Illuminate/Queue/CallQueuedHandler.php(136): Illuminate\\Bus\\Dispatcher->dispatchNow()
#12 /home/rouqy-jewellery-api-faz/htdocs/api-faz.rouqy-jewellery.com/vendor/laravel/framework/src/Illuminate/Pipeline/Pipeline.php(180): Illuminate\\Queue\\CallQueuedHandler->{closure:Illuminate\\Queue\\CallQueuedHandler::dispatchThroughMiddleware():129}()
#13 /home/rouqy-jewellery-api-faz/htdocs/api-faz.rouqy-jewellery.com/vendor/laravel/framework/src/Illuminate/Pipeline/Pipeline.php(137): Illuminate\\Pipeline\\Pipeline->{closure:Illuminate\\Pipeline\\Pipeline::prepareDestination():178}()
#14 /home/rouqy-jewellery-api-faz/htdocs/api-faz.rouqy-jewellery.com/vendor/laravel/framework/src/Illuminate/Queue/CallQueuedHandler.php(129): Illuminate\\Pipeline\\Pipeline->then()
#15 /home/rouqy-jewellery-api-faz/htdocs/api-faz.rouqy-jewellery.com/vendor/laravel/framework/src/Illuminate/Queue/CallQueuedHandler.php(70): Illuminate\\Queue\\CallQueuedHandler->dispatchThroughMiddleware()
#16 /home/rouqy-jewellery-api-faz/htdocs/api-faz.rouqy-jewellery.com/vendor/laravel/framework/src/Illuminate/Queue/Jobs/Job.php(102): Illuminate\\Queue\\CallQueuedHandler->call()
#17 /home/rouqy-jewellery-api-faz/htdocs/api-faz.rouqy-jewellery.com/vendor/laravel/framework/src/Illuminate/Queue/Worker.php(504): Illuminate\\Queue\\Jobs\\Job->fire()
#18 /home/rouqy-jewellery-api-faz/htdocs/api-faz.rouqy-jewellery.com/vendor/laravel/framework/src/Illuminate/Queue/Worker.php(454): Illuminate\\Queue\\Worker->process()
#19 /home/rouqy-jewellery-api-faz/htdocs/api-faz.rouqy-jewellery.com/vendor/laravel/framework/src/Illuminate/Queue/Worker.php(212): Illuminate\\Queue\\Worker->runJob()
#20 /home/rouqy-jewellery-api-faz/htdocs/api-faz.rouqy-jewellery.com/vendor/laravel/framework/src/Illuminate/Queue/Console/WorkCommand.php(149): Illuminate\\Queue\\Worker->daemon()
#21 /home/rouqy-jewellery-api-faz/htdocs/api-faz.rouqy-jewellery.com/vendor/laravel/framework/src/Illuminate/Queue/Console/WorkCommand.php(132): Illuminate\\Queue\\Console\\WorkCommand->runWorker()
#22 /home/rouqy-jewellery-api-faz/htdocs/api-faz.rouqy-jewellery.com/vendor/laravel/framework/src/Illuminate/Container/BoundMethod.php(36): Illuminate\\Queue\\Console\\WorkCommand->handle()
#23 /home/rouqy-jewellery-api-faz/htdocs/api-faz.rouqy-jewellery.com/vendor/laravel/framework/src/Illuminate/Container/Util.php(43): Illuminate\\Container\\BoundMethod::{closure:Illuminate\\Container\\BoundMethod::call():35}()
#24 /home/rouqy-jewellery-api-faz/htdocs/api-faz.rouqy-jewellery.com/vendor/laravel/framework/src/Illuminate/Container/BoundMethod.php(96): Illuminate\\Container\\Util::unwrapIfClosure()
#25 /home/rouqy-jewellery-api-faz/htdocs/api-faz.rouqy-jewellery.com/vendor/laravel/framework/src/Illuminate/Container/BoundMethod.php(35): Illuminate\\Container\\BoundMethod::callBoundMethod()
#26 /home/rouqy-jewellery-api-faz/htdocs/api-faz.rouqy-jewellery.com/vendor/laravel/framework/src/Illuminate/Container/Container.php(799): Illuminate\\Container\\BoundMethod::call()
#27 /home/rouqy-jewellery-api-faz/htdocs/api-faz.rouqy-jewellery.com/vendor/laravel/framework/src/Illuminate/Console/Command.php(211): Illuminate\\Container\\Container->call()
#28 /home/rouqy-jewellery-api-faz/htdocs/api-faz.rouqy-jewellery.com/vendor/symfony/console/Command/Command.php(341): Illuminate\\Console\\Command->execute()
#29 /home/rouqy-jewellery-api-faz/htdocs/api-faz.rouqy-jewellery.com/vendor/laravel/framework/src/Illuminate/Console/Command.php(180): Symfony\\Component\\Console\\Command\\Command->run()
#30 /home/rouqy-jewellery-api-faz/htdocs/api-faz.rouqy-jewellery.com/vendor/symfony/console/Application.php(1117): Illuminate\\Console\\Command->run()
#31 /home/rouqy-jewellery-api-faz/htdocs/api-faz.rouqy-jewellery.com/vendor/symfony/console/Application.php(356): Symfony\\Component\\Console\\Application->doRunCommand()
#32 /home/rouqy-jewellery-api-faz/htdocs/api-faz.rouqy-jewellery.com/vendor/symfony/console/Application.php(195): Symfony\\Component\\Console\\Application->doRun()
#33 /home/rouqy-jewellery-api-faz/htdocs/api-faz.rouqy-jewellery.com/vendor/laravel/framework/src/Illuminate/Foundation/Console/Kernel.php(198): Symfony\\Component\\Console\\Application->run()
#34 /home/rouqy-jewellery-api-faz/htdocs/api-faz.rouqy-jewellery.com/vendor/laravel/framework/src/Illuminate/Foundation/Application.php(1235): Illuminate\\Foundation\\Console\\Kernel->handle()
#35 /home/rouqy-jewellery-api-faz/htdocs/api-faz.rouqy-jewellery.com/artisan(16): Illuminate\\Foundation\\Application->handleCommand()
#36 {main}
"} 
[2026-07-23 12:41:16] local.ERROR: company_certificate_not_ready {"exception":"[object] (RuntimeException(code: 0): company_certificate_not_ready at /home/rouqy-jewellery-api-faz/htdocs/api-faz.rouqy-jewellery.com/app/Services/Zatca/ZatcaInvoiceSigningService.php:36)
[stacktrace]
#0 /home/rouqy-jewellery-api-faz/htdocs/api-faz.rouqy-jewellery.com/app/Services/Zatca/ZatcaInvoiceProcessingService.php(63): App\\Services\\Zatca\\ZatcaInvoiceSigningService->sign()
#1 /home/rouqy-jewellery-api-faz/htdocs/api-faz.rouqy-jewellery.com/app/Jobs/SignInvoiceXmlJob.php(34): App\\Services\\Zatca\\ZatcaInvoiceProcessingService->signInvoice()
#2 /home/rouqy-jewellery-api-faz/htdocs/api-faz.rouqy-jewellery.com/vendor/laravel/framework/src/Illuminate/Container/BoundMethod.php(36): App\\Jobs\\SignInvoiceXmlJob->handle()
#3 /home/rouqy-jewellery-api-faz/htdocs/api-faz.rouqy-jewellery.com/vendor/laravel/framework/src/Illuminate/Container/Util.php(43): Illuminate\\Container\\BoundMethod::{closure:Illuminate\\Container\\BoundMethod::call():35}()
#4 /home/rouqy-jewellery-api-faz/htdocs/api-faz.rouqy-jewellery.com/vendor/laravel/framework/src/Illuminate/Container/BoundMethod.php(96): Illuminate\\Container\\Util::unwrapIfClosure()
#5 /home/rouqy-jewellery-api-faz/htdocs/api-faz.rouqy-jewellery.com/vendor/laravel/framework/src/Illuminate/Container/BoundMethod.php(35): Illuminate\\Container\\BoundMethod::callBoundMethod()
#6 /home/rouqy-jewellery-api-faz/htdocs/api-faz.rouqy-jewellery.com/vendor/laravel/framework/src/Illuminate/Container/Container.php(799): Illuminate\\Container\\BoundMethod::call()
#7 /home/rouqy-jewellery-api-faz/htdocs/api-faz.rouqy-jewellery.com/vendor/laravel/framework/src/Illuminate/Bus/Dispatcher.php(129): Illuminate\\Container\\Container->call()
#8 /home/rouqy-jewellery-api-faz/htdocs/api-faz.rouqy-jewellery.com/vendor/laravel/framework/src/Illuminate/Pipeline/Pipeline.php(180): Illuminate\\Bus\\Dispatcher->{closure:Illuminate\\Bus\\Dispatcher::dispatchNow():126}()
#9 /home/rouqy-jewellery-api-faz/htdocs/api-faz.rouqy-jewellery.com/vendor/laravel/framework/src/Illuminate/Pipeline/Pipeline.php(137): Illuminate\\Pipeline\\Pipeline->{closure:Illuminate\\Pipeline\\Pipeline::prepareDestination():178}()
#10 /home/rouqy-jewellery-api-faz/htdocs/api-faz.rouqy-jewellery.com/vendor/laravel/framework/src/Illuminate/Bus/Dispatcher.php(133): Illuminate\\Pipeline\\Pipeline->then()
#11 /home/rouqy-jewellery-api-faz/htdocs/api-faz.rouqy-jewellery.com/vendor/laravel/framework/src/Illuminate/Queue/CallQueuedHandler.php(136): Illuminate\\Bus\\Dispatcher->dispatchNow()
#12 /home/rouqy-jewellery-api-faz/htdocs/api-faz.rouqy-jewellery.com/vendor/laravel/framework/src/Illuminate/Pipeline/Pipeline.php(180): Illuminate\\Queue\\CallQueuedHandler->{closure:Illuminate\\Queue\\CallQueuedHandler::dispatchThroughMiddleware():129}()
#13 /home/rouqy-jewellery-api-faz/htdocs/api-faz.rouqy-jewellery.com/vendor/laravel/framework/src/Illuminate/Pipeline/Pipeline.php(137): Illuminate\\Pipeline\\Pipeline->{closure:Illuminate\\Pipeline\\Pipeline::prepareDestination():178}()
#14 /home/rouqy-jewellery-api-faz/htdocs/api-faz.rouqy-jewellery.com/vendor/laravel/framework/src/Illuminate/Queue/CallQueuedHandler.php(129): Illuminate\\Pipeline\\Pipeline->then()
#15 /home/rouqy-jewellery-api-faz/htdocs/api-faz.rouqy-jewellery.com/vendor/laravel/framework/src/Illuminate/Queue/CallQueuedHandler.php(70): Illuminate\\Queue\\CallQueuedHandler->dispatchThroughMiddleware()
#16 /home/rouqy-jewellery-api-faz/htdocs/api-faz.rouqy-jewellery.com/vendor/laravel/framework/src/Illuminate/Queue/Jobs/Job.php(102): Illuminate\\Queue\\CallQueuedHandler->call()
#17 /home/rouqy-jewellery-api-faz/htdocs/api-faz.rouqy-jewellery.com/vendor/laravel/framework/src/Illuminate/Queue/Worker.php(504): Illuminate\\Queue\\Jobs\\Job->fire()
#18 /home/rouqy-jewellery-api-faz/htdocs/api-faz.rouqy-jewellery.com/vendor/laravel/framework/src/Illuminate/Queue/Worker.php(454): Illuminate\\Queue\\Worker->process()
#19 /home/rouqy-jewellery-api-faz/htdocs/api-faz.rouqy-jewellery.com/vendor/laravel/framework/src/Illuminate/Queue/Worker.php(212): Illuminate\\Queue\\Worker->runJob()
#20 /home/rouqy-jewellery-api-faz/htdocs/api-faz.rouqy-jewellery.com/vendor/laravel/framework/src/Illuminate/Queue/Console/WorkCommand.php(149): Illuminate\\Queue\\Worker->daemon()
#21 /home/rouqy-jewellery-api-faz/htdocs/api-faz.rouqy-jewellery.com/vendor/laravel/framework/src/Illuminate/Queue/Console/WorkCommand.php(132): Illuminate\\Queue\\Console\\WorkCommand->runWorker()
#22 /home/rouqy-jewellery-api-faz/htdocs/api-faz.rouqy-jewellery.com/vendor/laravel/framework/src/Illuminate/Container/BoundMethod.php(36): Illuminate\\Queue\\Console\\WorkCommand->handle()
#23 /home/rouqy-jewellery-api-faz/htdocs/api-faz.rouqy-jewellery.com/vendor/laravel/framework/src/Illuminate/Container/Util.php(43): Illuminate\\Container\\BoundMethod::{closure:Illuminate\\Container\\BoundMethod::call():35}()
#24 /home/rouqy-jewellery-api-faz/htdocs/api-faz.rouqy-jewellery.com/vendor/laravel/framework/src/Illuminate/Container/BoundMethod.php(96): Illuminate\\Container\\Util::unwrapIfClosure()
#25 /home/rouqy-jewellery-api-faz/htdocs/api-faz.rouqy-jewellery.com/vendor/laravel/framework/src/Illuminate/Container/BoundMethod.php(35): Illuminate\\Container\\BoundMethod::callBoundMethod()
#26 /home/rouqy-jewellery-api-faz/htdocs/api-faz.rouqy-jewellery.com/vendor/laravel/framework/src/Illuminate/Container/Container.php(799): Illuminate\\Container\\BoundMethod::call()
#27 /home/rouqy-jewellery-api-faz/htdocs/api-faz.rouqy-jewellery.com/vendor/laravel/framework/src/Illuminate/Console/Command.php(211): Illuminate\\Container\\Container->call()
#28 /home/rouqy-jewellery-api-faz/htdocs/api-faz.rouqy-jewellery.com/vendor/symfony/console/Command/Command.php(341): Illuminate\\Console\\Command->execute()
#29 /home/rouqy-jewellery-api-faz/htdocs/api-faz.rouqy-jewellery.com/vendor/laravel/framework/src/Illuminate/Console/Command.php(180): Symfony\\Component\\Console\\Command\\Command->run()
#30 /home/rouqy-jewellery-api-faz/htdocs/api-faz.rouqy-jewellery.com/vendor/symfony/console/Application.php(1117): Illuminate\\Console\\Command->run()
#31 /home/rouqy-jewellery-api-faz/htdocs/api-faz.rouqy-jewellery.com/vendor/symfony/console/Application.php(356): Symfony\\Component\\Console\\Application->doRunCommand()
#32 /home/rouqy-jewellery-api-faz/htdocs/api-faz.rouqy-jewellery.com/vendor/symfony/console/Application.php(195): Symfony\\Component\\Console\\Application->doRun()
#33 /home/rouqy-jewellery-api-faz/htdocs/api-faz.rouqy-jewellery.com/vendor/laravel/framework/src/Illuminate/Foundation/Console/Kernel.php(198): Symfony\\Component\\Console\\Application->run()
#34 /home/rouqy-jewellery-api-faz/htdocs/api-faz.rouqy-jewellery.com/vendor/laravel/framework/src/Illuminate/Foundation/Application.php(1235): Illuminate\\Foundation\\Console\\Kernel->handle()
#35 /home/rouqy-jewellery-api-faz/htdocs/api-faz.rouqy-jewellery.com/artisan(16): Illuminate\\Foundation\\Application->handleCommand()
#36 {main}
"} 
[2026-07-23 12:41:16] local.ERROR: The payload is invalid. {"exception":"[object] (Illuminate\\Contracts\\Encryption\\DecryptException(code: 0): The payload is invalid. at /home/rouqy-jewellery-api-faz/htdocs/api-faz.rouqy-jewellery.com/vendor/laravel/framework/src/Illuminate/Encryption/Encrypter.php:244)
[stacktrace]
#0 /home/rouqy-jewellery-api-faz/htdocs/api-faz.rouqy-jewellery.com/vendor/laravel/framework/src/Illuminate/Encryption/Encrypter.php(157): Illuminate\\Encryption\\Encrypter->getJsonPayload()
#1 /home/rouqy-jewellery-api-faz/htdocs/api-faz.rouqy-jewellery.com/vendor/laravel/framework/src/Illuminate/Database/Eloquent/Concerns/HasAttributes.php(1428): Illuminate\\Encryption\\Encrypter->decrypt()
#2 /home/rouqy-jewellery-api-faz/htdocs/api-faz.rouqy-jewellery.com/vendor/laravel/framework/src/Illuminate/Database/Eloquent/Concerns/HasAttributes.php(844): Illuminate\\Database\\Eloquent\\Model->fromEncryptedString()
#3 /home/rouqy-jewellery-api-faz/htdocs/api-faz.rouqy-jewellery.com/vendor/laravel/framework/src/Illuminate/Database/Eloquent/Concerns/HasAttributes.php(2403): Illuminate\\Database\\Eloquent\\Model->castAttribute()
#4 /home/rouqy-jewellery-api-faz/htdocs/api-faz.rouqy-jewellery.com/vendor/laravel/framework/src/Illuminate/Database/Eloquent/Concerns/HasAttributes.php(529): Illuminate\\Database\\Eloquent\\Model->transformModelValue()
#5 /home/rouqy-jewellery-api-faz/htdocs/api-faz.rouqy-jewellery.com/vendor/laravel/framework/src/Illuminate/Database/Eloquent/Concerns/HasAttributes.php(483): Illuminate\\Database\\Eloquent\\Model->getAttributeValue()
#6 /home/rouqy-jewellery-api-faz/htdocs/api-faz.rouqy-jewellery.com/vendor/laravel/framework/src/Illuminate/Database/Eloquent/Model.php(2427): Illuminate\\Database\\Eloquent\\Model->getAttribute()
#7 /home/rouqy-jewellery-api-faz/htdocs/api-faz.rouqy-jewellery.com/app/Services/Zatca/ZatcaInvoiceSigningService.php(35): Illuminate\\Database\\Eloquent\\Model->__get()
#8 /home/rouqy-jewellery-api-faz/htdocs/api-faz.rouqy-jewellery.com/app/Services/Zatca/ZatcaInvoiceProcessingService.php(63): App\\Services\\Zatca\\ZatcaInvoiceSigningService->sign()
#9 /home/rouqy-jewellery-api-faz/htdocs/api-faz.rouqy-jewellery.com/app/Jobs/SignInvoiceXmlJob.php(34): App\\Services\\Zatca\\ZatcaInvoiceProcessingService->signInvoice()
#10 /home/rouqy-jewellery-api-faz/htdocs/api-faz.rouqy-jewellery.com/vendor/laravel/framework/src/Illuminate/Container/BoundMethod.php(36): App\\Jobs\\SignInvoiceXmlJob->handle()
#11 /home/rouqy-jewellery-api-faz/htdocs/api-faz.rouqy-jewellery.com/vendor/laravel/framework/src/Illuminate/Container/Util.php(43): Illuminate\\Container\\BoundMethod::{closure:Illuminate\\Container\\BoundMethod::call():35}()
#12 /home/rouqy-jewellery-api-faz/htdocs/api-faz.rouqy-jewellery.com/vendor/laravel/framework/src/Illuminate/Container/BoundMethod.php(96): Illuminate\\Container\\Util::unwrapIfClosure()
#13 /home/rouqy-jewellery-api-faz/htdocs/api-faz.rouqy-jewellery.com/vendor/laravel/framework/src/Illuminate/Container/BoundMethod.php(35): Illuminate\\Container\\BoundMethod::callBoundMethod()
#14 /home/rouqy-jewellery-api-faz/htdocs/api-faz.rouqy-jewellery.com/vendor/laravel/framework/src/Illuminate/Container/Container.php(799): Illuminate\\Container\\BoundMethod::call()
#15 /home/rouqy-jewellery-api-faz/htdocs/api-faz.rouqy-jewellery.com/vendor/laravel/framework/src/Illuminate/Bus/Dispatcher.php(129): Illuminate\\Container\\Container->call()
#16 /home/rouqy-jewellery-api-faz/htdocs/api-faz.rouqy-jewellery.com/vendor/laravel/framework/src/Illuminate/Pipeline/Pipeline.php(180): Illuminate\\Bus\\Dispatcher->{closure:Illuminate\\Bus\\Dispatcher::dispatchNow():126}()
#17 /home/rouqy-jewellery-api-faz/htdocs/api-faz.rouqy-jewellery.com/vendor/laravel/framework/src/Illuminate/Pipeline/Pipeline.php(137): Illuminate\\Pipeline\\Pipeline->{closure:Illuminate\\Pipeline\\Pipeline::prepareDestination():178}()
#18 /home/rouqy-jewellery-api-faz/htdocs/api-faz.rouqy-jewellery.com/vendor/laravel/framework/src/Illuminate/Bus/Dispatcher.php(133): Illuminate\\Pipeline\\Pipeline->then()
#19 /home/rouqy-jewellery-api-faz/htdocs/api-faz.rouqy-jewellery.com/vendor/laravel/framework/src/Illuminate/Queue/CallQueuedHandler.php(136): Illuminate\\Bus\\Dispatcher->dispatchNow()
#20 /home/rouqy-jewellery-api-faz/htdocs/api-faz.rouqy-jewellery.com/vendor/laravel/framework/src/Illuminate/Pipeline/Pipeline.php(180): Illuminate\\Queue\\CallQueuedHandler->{closure:Illuminate\\Queue\\CallQueuedHandler::dispatchThroughMiddleware():129}()
#21 /home/rouqy-jewellery-api-faz/htdocs/api-faz.rouqy-jewellery.com/vendor/laravel/framework/src/Illuminate/Pipeline/Pipeline.php(137): Illuminate\\Pipeline\\Pipeline->{closure:Illuminate\\Pipeline\\Pipeline::prepareDestination():178}()
#22 /home/rouqy-jewellery-api-faz/htdocs/api-faz.rouqy-jewellery.com/vendor/laravel/framework/src/Illuminate/Queue/CallQueuedHandler.php(129): Illuminate\\Pipeline\\Pipeline->then()
#23 /home/rouqy-jewellery-api-faz/htdocs/api-faz.rouqy-jewellery.com/vendor/laravel/framework/src/Illuminate/Queue/CallQueuedHandler.php(70): Illuminate\\Queue\\CallQueuedHandler->dispatchThroughMiddleware()
#24 /home/rouqy-jewellery-api-faz/htdocs/api-faz.rouqy-jewellery.com/vendor/laravel/framework/src/Illuminate/Queue/Jobs/Job.php(102): Illuminate\\Queue\\CallQueuedHandler->call()
#25 /home/rouqy-jewellery-api-faz/htdocs/api-faz.rouqy-jewellery.com/vendor/laravel/framework/src/Illuminate/Queue/Worker.php(504): Illuminate\\Queue\\Jobs\\Job->fire()
#26 /home/rouqy-jewellery-api-faz/htdocs/api-faz.rouqy-jewellery.com/vendor/laravel/framework/src/Illuminate/Queue/Worker.php(454): Illuminate\\Queue\\Worker->process()
#27 /home/rouqy-jewellery-api-faz/htdocs/api-faz.rouqy-jewellery.com/vendor/laravel/framework/src/Illuminate/Queue/Worker.php(212): Illuminate\\Queue\\Worker->runJob()
#28 /home/rouqy-jewellery-api-faz/htdocs/api-faz.rouqy-jewellery.com/vendor/laravel/framework/src/Illuminate/Queue/Console/WorkCommand.php(149): Illuminate\\Queue\\Worker->daemon()
#29 /home/rouqy-jewellery-api-faz/htdocs/api-faz.rouqy-jewellery.com/vendor/laravel/framework/src/Illuminate/Queue/Console/WorkCommand.php(132): Illuminate\\Queue\\Console\\WorkCommand->runWorker()
#30 /home/rouqy-jewellery-api-faz/htdocs/api-faz.rouqy-jewellery.com/vendor/laravel/framework/src/Illuminate/Container/BoundMethod.php(36): Illuminate\\Queue\\Console\\WorkCommand->handle()
#31 /home/rouqy-jewellery-api-faz/htdocs/api-faz.rouqy-jewellery.com/vendor/laravel/framework/src/Illuminate/Container/Util.php(43): Illuminate\\Container\\BoundMethod::{closure:Illuminate\\Container\\BoundMethod::call():35}()
#32 /home/rouqy-jewellery-api-faz/htdocs/api-faz.rouqy-jewellery.com/vendor/laravel/framework/src/Illuminate/Container/BoundMethod.php(96): Illuminate\\Container\\Util::unwrapIfClosure()
#33 /home/rouqy-jewellery-api-faz/htdocs/api-faz.rouqy-jewellery.com/vendor/laravel/framework/src/Illuminate/Container/BoundMethod.php(35): Illuminate\\Container\\BoundMethod::callBoundMethod()
#34 /home/rouqy-jewellery-api-faz/htdocs/api-faz.rouqy-jewellery.com/vendor/laravel/framework/src/Illuminate/Container/Container.php(799): Illuminate\\Container\\BoundMethod::call()
#35 /home/rouqy-jewellery-api-faz/htdocs/api-faz.rouqy-jewellery.com/vendor/laravel/framework/src/Illuminate/Console/Command.php(211): Illuminate\\Container\\Container->call()
#36 /home/rouqy-jewellery-api-faz/htdocs/api-faz.rouqy-jewellery.com/vendor/symfony/console/Command/Command.php(341): Illuminate\\Console\\Command->execute()
#37 /home/rouqy-jewellery-api-faz/htdocs/api-faz.rouqy-jewellery.com/vendor/laravel/framework/src/Illuminate/Console/Command.php(180): Symfony\\Component\\Console\\Command\\Command->run()
#38 /home/rouqy-jewellery-api-faz/htdocs/api-faz.rouqy-jewellery.com/vendor/symfony/console/Application.php(1117): Illuminate\\Console\\Command->run()
#39 /home/rouqy-jewellery-api-faz/htdocs/api-faz.rouqy-jewellery.com/vendor/symfony/console/Application.php(356): Symfony\\Component\\Console\\Application->doRunCommand()
#40 /home/rouqy-jewellery-api-faz/htdocs/api-faz.rouqy-jewellery.com/vendor/symfony/console/Application.php(195): Symfony\\Component\\Console\\Application->doRun()
#41 /home/rouqy-jewellery-api-faz/htdocs/api-faz.rouqy-jewellery.com/vendor/laravel/framework/src/Illuminate/Foundation/Console/Kernel.php(198): Symfony\\Component\\Console\\Application->run()
#42 /home/rouqy-jewellery-api-faz/htdocs/api-faz.rouqy-jewellery.com/vendor/laravel/framework/src/Illuminate/Foundation/Application.php(1235): Illuminate\\Foundation\\Console\\Kernel->handle()
#43 /home/rouqy-jewellery-api-faz/htdocs/api-faz.rouqy-jewellery.com/artisan(16): Illuminate\\Foundation\\Application->handleCommand()
#44 {main}
"} 
[2026-07-23 12:41:28] local.ERROR: The payload is invalid. {"exception":"[object] (Illuminate\\Contracts\\Encryption\\DecryptException(code: 0): The payload is invalid. at /home/rouqy-jewellery-api-faz/htdocs/api-faz.rouqy-jewellery.com/vendor/laravel/framework/src/Illuminate/Encryption/Encrypter.php:244)
[stacktrace]
#0 /home/rouqy-jewellery-api-faz/htdocs/api-faz.rouqy-jewellery.com/vendor/laravel/framework/src/Illuminate/Encryption/Encrypter.php(157): Illuminate\\Encryption\\Encrypter->getJsonPayload()
#1 /home/rouqy-jewellery-api-faz/htdocs/api-faz.rouqy-jewellery.com/vendor/laravel/framework/src/Illuminate/Database/Eloquent/Concerns/HasAttributes.php(1428): Illuminate\\Encryption\\Encrypter->decrypt()
#2 /home/rouqy-jewellery-api-faz/htdocs/api-faz.rouqy-jewellery.com/vendor/laravel/framework/src/Illuminate/Database/Eloquent/Concerns/HasAttributes.php(844): Illuminate\\Database\\Eloquent\\Model->fromEncryptedString()
#3 /home/rouqy-jewellery-api-faz/htdocs/api-faz.rouqy-jewellery.com/vendor/laravel/framework/src/Illuminate/Database/Eloquent/Concerns/HasAttributes.php(2403): Illuminate\\Database\\Eloquent\\Model->castAttribute()
#4 /home/rouqy-jewellery-api-faz/htdocs/api-faz.rouqy-jewellery.com/vendor/laravel/framework/src/Illuminate/Database/Eloquent/Concerns/HasAttributes.php(529): Illuminate\\Database\\Eloquent\\Model->transformModelValue()
#5 /home/rouqy-jewellery-api-faz/htdocs/api-faz.rouqy-jewellery.com/vendor/laravel/framework/src/Illuminate/Database/Eloquent/Concerns/HasAttributes.php(483): Illuminate\\Database\\Eloquent\\Model->getAttributeValue()
#6 /home/rouqy-jewellery-api-faz/htdocs/api-faz.rouqy-jewellery.com/vendor/laravel/framework/src/Illuminate/Database/Eloquent/Model.php(2427): Illuminate\\Database\\Eloquent\\Model->getAttribute()
#7 /home/rouqy-jewellery-api-faz/htdocs/api-faz.rouqy-jewellery.com/app/Services/Zatca/ZatcaInvoiceSigningService.php(35): Illuminate\\Database\\Eloquent\\Model->__get()
#8 /home/rouqy-jewellery-api-faz/htdocs/api-faz.rouqy-jewellery.com/app/Services/Zatca/ZatcaInvoiceProcessingService.php(63): App\\Services\\Zatca\\ZatcaInvoiceSigningService->sign()
#9 /home/rouqy-jewellery-api-faz/htdocs/api-faz.rouqy-jewellery.com/app/Jobs/SignInvoiceXmlJob.php(34): App\\Services\\Zatca\\ZatcaInvoiceProcessingService->signInvoice()
#10 /home/rouqy-jewellery-api-faz/htdocs/api-faz.rouqy-jewellery.com/vendor/laravel/framework/src/Illuminate/Container/BoundMethod.php(36): App\\Jobs\\SignInvoiceXmlJob->handle()
#11 /home/rouqy-jewellery-api-faz/htdocs/api-faz.rouqy-jewellery.com/vendor/laravel/framework/src/Illuminate/Container/Util.php(43): Illuminate\\Container\\BoundMethod::{closure:Illuminate\\Container\\BoundMethod::call():35}()
#12 /home/rouqy-jewellery-api-faz/htdocs/api-faz.rouqy-jewellery.com/vendor/laravel/framework/src/Illuminate/Container/BoundMethod.php(96): Illuminate\\Container\\Util::unwrapIfClosure()
#13 /home/rouqy-jewellery-api-faz/htdocs/api-faz.rouqy-jewellery.com/vendor/laravel/framework/src/Illuminate/Container/BoundMethod.php(35): Illuminate\\Container\\BoundMethod::callBoundMethod()
#14 /home/rouqy-jewellery-api-faz/htdocs/api-faz.rouqy-jewellery.com/vendor/laravel/framework/src/Illuminate/Container/Container.php(799): Illuminate\\Container\\BoundMethod::call()
#15 /home/rouqy-jewellery-api-faz/htdocs/api-faz.rouqy-jewellery.com/vendor/laravel/framework/src/Illuminate/Bus/Dispatcher.php(129): Illuminate\\Container\\Container->call()
#16 /home/rouqy-jewellery-api-faz/htdocs/api-faz.rouqy-jewellery.com/vendor/laravel/framework/src/Illuminate/Pipeline/Pipeline.php(180): Illuminate\\Bus\\Dispatcher->{closure:Illuminate\\Bus\\Dispatcher::dispatchNow():126}()
#17 /home/rouqy-jewellery-api-faz/htdocs/api-faz.rouqy-jewellery.com/vendor/laravel/framework/src/Illuminate/Pipeline/Pipeline.php(137): Illuminate\\Pipeline\\Pipeline->{closure:Illuminate\\Pipeline\\Pipeline::prepareDestination():178}()
#18 /home/rouqy-jewellery-api-faz/htdocs/api-faz.rouqy-jewellery.com/vendor/laravel/framework/src/Illuminate/Bus/Dispatcher.php(133): Illuminate\\Pipeline\\Pipeline->then()
#19 /home/rouqy-jewellery-api-faz/htdocs/api-faz.rouqy-jewellery.com/vendor/laravel/framework/src/Illuminate/Queue/CallQueuedHandler.php(136): Illuminate\\Bus\\Dispatcher->dispatchNow()
#20 /home/rouqy-jewellery-api-faz/htdocs/api-faz.rouqy-jewellery.com/vendor/laravel/framework/src/Illuminate/Pipeline/Pipeline.php(180): Illuminate\\Queue\\CallQueuedHandler->{closure:Illuminate\\Queue\\CallQueuedHandler::dispatchThroughMiddleware():129}()
#21 /home/rouqy-jewellery-api-faz/htdocs/api-faz.rouqy-jewellery.com/vendor/laravel/framework/src/Illuminate/Pipeline/Pipeline.php(137): Illuminate\\Pipeline\\Pipeline->{closure:Illuminate\\Pipeline\\Pipeline::prepareDestination():178}()
#22 /home/rouqy-jewellery-api-faz/htdocs/api-faz.rouqy-jewellery.com/vendor/laravel/framework/src/Illuminate/Queue/CallQueuedHandler.php(129): Illuminate\\Pipeline\\Pipeline->then()
#23 /home/rouqy-jewellery-api-faz/htdocs/api-faz.rouqy-jewellery.com/vendor/laravel/framework/src/Illuminate/Queue/CallQueuedHandler.php(70): Illuminate\\Queue\\CallQueuedHandler->dispatchThroughMiddleware()
#24 /home/rouqy-jewellery-api-faz/htdocs/api-faz.rouqy-jewellery.com/vendor/laravel/framework/src/Illuminate/Queue/Jobs/Job.php(102): Illuminate\\Queue\\CallQueuedHandler->call()
#25 /home/rouqy-jewellery-api-faz/htdocs/api-faz.rouqy-jewellery.com/vendor/laravel/framework/src/Illuminate/Queue/Worker.php(504): Illuminate\\Queue\\Jobs\\Job->fire()
#26 /home/rouqy-jewellery-api-faz/htdocs/api-faz.rouqy-jewellery.com/vendor/laravel/framework/src/Illuminate/Queue/Worker.php(454): Illuminate\\Queue\\Worker->process()
#27 /home/rouqy-jewellery-api-faz/htdocs/api-faz.rouqy-jewellery.com/vendor/laravel/framework/src/Illuminate/Queue/Worker.php(212): Illuminate\\Queue\\Worker->runJob()
#28 /home/rouqy-jewellery-api-faz/htdocs/api-faz.rouqy-jewellery.com/vendor/laravel/framework/src/Illuminate/Queue/Console/WorkCommand.php(149): Illuminate\\Queue\\Worker->daemon()
#29 /home/rouqy-jewellery-api-faz/htdocs/api-faz.rouqy-jewellery.com/vendor/laravel/framework/src/Illuminate/Queue/Console/WorkCommand.php(132): Illuminate\\Queue\\Console\\WorkCommand->runWorker()
#30 /home/rouqy-jewellery-api-faz/htdocs/api-faz.rouqy-jewellery.com/vendor/laravel/framework/src/Illuminate/Container/BoundMethod.php(36): Illuminate\\Queue\\Console\\WorkCommand->handle()
#31 /home/rouqy-jewellery-api-faz/htdocs/api-faz.rouqy-jewellery.com/vendor/laravel/framework/src/Illuminate/Container/Util.php(43): Illuminate\\Container\\BoundMethod::{closure:Illuminate\\Container\\BoundMethod::call():35}()
#32 /home/rouqy-jewellery-api-faz/htdocs/api-faz.rouqy-jewellery.com/vendor/laravel/framework/src/Illuminate/Container/BoundMethod.php(96): Illuminate\\Container\\Util::unwrapIfClosure()
#33 /home/rouqy-jewellery-api-faz/htdocs/api-faz.rouqy-jewellery.com/vendor/laravel/framework/src/Illuminate/Container/BoundMethod.php(35): Illuminate\\Container\\BoundMethod::callBoundMethod()
#34 /home/rouqy-jewellery-api-faz/htdocs/api-faz.rouqy-jewellery.com/vendor/laravel/framework/src/Illuminate/Container/Container.php(799): Illuminate\\Container\\BoundMethod::call()
#35 /home/rouqy-jewellery-api-faz/htdocs/api-faz.rouqy-jewellery.com/vendor/laravel/framework/src/Illuminate/Console/Command.php(211): Illuminate\\Container\\Container->call()
#36 /home/rouqy-jewellery-api-faz/htdocs/api-faz.rouqy-jewellery.com/vendor/symfony/console/Command/Command.php(341): Illuminate\\Console\\Command->execute()
#37 /home/rouqy-jewellery-api-faz/htdocs/api-faz.rouqy-jewellery.com/vendor/laravel/framework/src/Illuminate/Console/Command.php(180): Symfony\\Component\\Console\\Command\\Command->run()
#38 /home/rouqy-jewellery-api-faz/htdocs/api-faz.rouqy-jewellery.com/vendor/symfony/console/Application.php(1117): Illuminate\\Console\\Command->run()
#39 /home/rouqy-jewellery-api-faz/htdocs/api-faz.rouqy-jewellery.com/vendor/symfony/console/Application.php(356): Symfony\\Component\\Console\\Application->doRunCommand()
#40 /home/rouqy-jewellery-api-faz/htdocs/api-faz.rouqy-jewellery.com/vendor/symfony/console/Application.php(195): Symfony\\Component\\Console\\Application->doRun()
#41 /home/rouqy-jewellery-api-faz/htdocs/api-faz.rouqy-jewellery.com/vendor/laravel/framework/src/Illuminate/Foundation/Console/Kernel.php(198): Symfony\\Component\\Console\\Application->run()
#42 /home/rouqy-jewellery-api-faz/htdocs/api-faz.rouqy-jewellery.com/vendor/laravel/framework/src/Illuminate/Foundation/Application.php(1235): Illuminate\\Foundation\\Console\\Kernel->handle()
#43 /home/rouqy-jewellery-api-faz/htdocs/api-faz.rouqy-jewellery.com/artisan(16): Illuminate\\Foundation\\Application->handleCommand()
#44 {main}
"} 
[2026-07-23 12:41:28] local.ERROR: company_certificate_not_ready {"exception":"[object] (RuntimeException(code: 0): company_certificate_not_ready at /home/rouqy-jewellery-api-faz/htdocs/api-faz.rouqy-jewellery.com/app/Services/Zatca/ZatcaInvoiceSigningService.php:36)
[stacktrace]
#0 /home/rouqy-jewellery-api-faz/htdocs/api-faz.rouqy-jewellery.com/app/Services/Zatca/ZatcaInvoiceProcessingService.php(63): App\\Services\\Zatca\\ZatcaInvoiceSigningService->sign()
#1 /home/rouqy-jewellery-api-faz/htdocs/api-faz.rouqy-jewellery.com/app/Jobs/SignInvoiceXmlJob.php(34): App\\Services\\Zatca\\ZatcaInvoiceProcessingService->signInvoice()
#2 /home/rouqy-jewellery-api-faz/htdocs/api-faz.rouqy-jewellery.com/vendor/laravel/framework/src/Illuminate/Container/BoundMethod.php(36): App\\Jobs\\SignInvoiceXmlJob->handle()
#3 /home/rouqy-jewellery-api-faz/htdocs/api-faz.rouqy-jewellery.com/vendor/laravel/framework/src/Illuminate/Container/Util.php(43): Illuminate\\Container\\BoundMethod::{closure:Illuminate\\Container\\BoundMethod::call():35}()
#4 /home/rouqy-jewellery-api-faz/htdocs/api-faz.rouqy-jewellery.com/vendor/laravel/framework/src/Illuminate/Container/BoundMethod.php(96): Illuminate\\Container\\Util::unwrapIfClosure()
#5 /home/rouqy-jewellery-api-faz/htdocs/api-faz.rouqy-jewellery.com/vendor/laravel/framework/src/Illuminate/Container/BoundMethod.php(35): Illuminate\\Container\\BoundMethod::callBoundMethod()
#6 /home/rouqy-jewellery-api-faz/htdocs/api-faz.rouqy-jewellery.com/vendor/laravel/framework/src/Illuminate/Container/Container.php(799): Illuminate\\Container\\BoundMethod::call()
#7 /home/rouqy-jewellery-api-faz/htdocs/api-faz.rouqy-jewellery.com/vendor/laravel/framework/src/Illuminate/Bus/Dispatcher.php(129): Illuminate\\Container\\Container->call()
#8 /home/rouqy-jewellery-api-faz/htdocs/api-faz.rouqy-jewellery.com/vendor/laravel/framework/src/Illuminate/Pipeline/Pipeline.php(180): Illuminate\\Bus\\Dispatcher->{closure:Illuminate\\Bus\\Dispatcher::dispatchNow():126}()
#9 /home/rouqy-jewellery-api-faz/htdocs/api-faz.rouqy-jewellery.com/vendor/laravel/framework/src/Illuminate/Pipeline/Pipeline.php(137): Illuminate\\Pipeline\\Pipeline->{closure:Illuminate\\Pipeline\\Pipeline::prepareDestination():178}()
#10 /home/rouqy-jewellery-api-faz/htdocs/api-faz.rouqy-jewellery.com/vendor/laravel/framework/src/Illuminate/Bus/Dispatcher.php(133): Illuminate\\Pipeline\\Pipeline->then()
#11 /home/rouqy-jewellery-api-faz/htdocs/api-faz.rouqy-jewellery.com/vendor/laravel/framework/src/Illuminate/Queue/CallQueuedHandler.php(136): Illuminate\\Bus\\Dispatcher->dispatchNow()
#12 /home/rouqy-jewellery-api-faz/htdocs/api-faz.rouqy-jewellery.com/vendor/laravel/framework/src/Illuminate/Pipeline/Pipeline.php(180): Illuminate\\Queue\\CallQueuedHandler->{closure:Illuminate\\Queue\\CallQueuedHandler::dispatchThroughMiddleware():129}()
#13 /home/rouqy-jewellery-api-faz/htdocs/api-faz.rouqy-jewellery.com/vendor/laravel/framework/src/Illuminate/Pipeline/Pipeline.php(137): Illuminate\\Pipeline\\Pipeline->{closure:Illuminate\\Pipeline\\Pipeline::prepareDestination():178}()
#14 /home/rouqy-jewellery-api-faz/htdocs/api-faz.rouqy-jewellery.com/vendor/laravel/framework/src/Illuminate/Queue/CallQueuedHandler.php(129): Illuminate\\Pipeline\\Pipeline->then()
#15 /home/rouqy-jewellery-api-faz/htdocs/api-faz.rouqy-jewellery.com/vendor/laravel/framework/src/Illuminate/Queue/CallQueuedHandler.php(70): Illuminate\\Queue\\CallQueuedHandler->dispatchThroughMiddleware()
#16 /home/rouqy-jewellery-api-faz/htdocs/api-faz.rouqy-jewellery.com/vendor/laravel/framework/src/Illuminate/Queue/Jobs/Job.php(102): Illuminate\\Queue\\CallQueuedHandler->call()
#17 /home/rouqy-jewellery-api-faz/htdocs/api-faz.rouqy-jewellery.com/vendor/laravel/framework/src/Illuminate/Queue/Worker.php(504): Illuminate\\Queue\\Jobs\\Job->fire()
#18 /home/rouqy-jewellery-api-faz/htdocs/api-faz.rouqy-jewellery.com/vendor/laravel/framework/src/Illuminate/Queue/Worker.php(454): Illuminate\\Queue\\Worker->process()
#19 /home/rouqy-jewellery-api-faz/htdocs/api-faz.rouqy-jewellery.com/vendor/laravel/framework/src/Illuminate/Queue/Worker.php(212): Illuminate\\Queue\\Worker->runJob()
#20 /home/rouqy-jewellery-api-faz/htdocs/api-faz.rouqy-jewellery.com/vendor/laravel/framework/src/Illuminate/Queue/Console/WorkCommand.php(149): Illuminate\\Queue\\Worker->daemon()
#21 /home/rouqy-jewellery-api-faz/htdocs/api-faz.rouqy-jewellery.com/vendor/laravel/framework/src/Illuminate/Queue/Console/WorkCommand.php(132): Illuminate\\Queue\\Console\\WorkCommand->runWorker()
#22 /home/rouqy-jewellery-api-faz/htdocs/api-faz.rouqy-jewellery.com/vendor/laravel/framework/src/Illuminate/Container/BoundMethod.php(36): Illuminate\\Queue\\Console\\WorkCommand->handle()
#23 /home/rouqy-jewellery-api-faz/htdocs/api-faz.rouqy-jewellery.com/vendor/laravel/framework/src/Illuminate/Container/Util.php(43): Illuminate\\Container\\BoundMethod::{closure:Illuminate\\Container\\BoundMethod::call():35}()
#24 /home/rouqy-jewellery-api-faz/htdocs/api-faz.rouqy-jewellery.com/vendor/laravel/framework/src/Illuminate/Container/BoundMethod.php(96): Illuminate\\Container\\Util::unwrapIfClosure()
#25 /home/rouqy-jewellery-api-faz/htdocs/api-faz.rouqy-jewellery.com/vendor/laravel/framework/src/Illuminate/Container/BoundMethod.php(35): Illuminate\\Container\\BoundMethod::callBoundMethod()
#26 /home/rouqy-jewellery-api-faz/htdocs/api-faz.rouqy-jewellery.com/vendor/laravel/framework/src/Illuminate/Container/Container.php(799): Illuminate\\Container\\BoundMethod::call()
#27 /home/rouqy-jewellery-api-faz/htdocs/api-faz.rouqy-jewellery.com/vendor/laravel/framework/src/Illuminate/Console/Command.php(211): Illuminate\\Container\\Container->call()
#28 /home/rouqy-jewellery-api-faz/htdocs/api-faz.rouqy-jewellery.com/vendor/symfony/console/Command/Command.php(341): Illuminate\\Console\\Command->execute()
#29 /home/rouqy-jewellery-api-faz/htdocs/api-faz.rouqy-jewellery.com/vendor/laravel/framework/src/Illuminate/Console/Command.php(180): Symfony\\Component\\Console\\Command\\Command->run()
#30 /home/rouqy-jewellery-api-faz/htdocs/api-faz.rouqy-jewellery.com/vendor/symfony/console/Application.php(1117): Illuminate\\Console\\Command->run()
#31 /home/rouqy-jewellery-api-faz/htdocs/api-faz.rouqy-jewellery.com/vendor/symfony/console/Application.php(356): Symfony\\Component\\Console\\Application->doRunCommand()
#32 /home/rouqy-jewellery-api-faz/htdocs/api-faz.rouqy-jewellery.com/vendor/symfony/console/Application.php(195): Symfony\\Component\\Console\\Application->doRun()
#33 /home/rouqy-jewellery-api-faz/htdocs/api-faz.rouqy-jewellery.com/vendor/laravel/framework/src/Illuminate/Foundation/Console/Kernel.php(198): Symfony\\Component\\Console\\Application->run()
#34 /home/rouqy-jewellery-api-faz/htdocs/api-faz.rouqy-jewellery.com/vendor/laravel/framework/src/Illuminate/Foundation/Application.php(1235): Illuminate\\Foundation\\Console\\Kernel->handle()
#35 /home/rouqy-jewellery-api-faz/htdocs/api-faz.rouqy-jewellery.com/artisan(16): Illuminate\\Foundation\\Application->handleCommand()
#36 {main}
"} 
[2026-07-23 12:41:28] local.ERROR: company_certificate_not_ready {"exception":"[object] (RuntimeException(code: 0): company_certificate_not_ready at /home/rouqy-jewellery-api-faz/htdocs/api-faz.rouqy-jewellery.com/app/Services/Zatca/ZatcaInvoiceSigningService.php:36)
[stacktrace]
#0 /home/rouqy-jewellery-api-faz/htdocs/api-faz.rouqy-jewellery.com/app/Services/Zatca/ZatcaInvoiceProcessingService.php(63): App\\Services\\Zatca\\ZatcaInvoiceSigningService->sign()
#1 /home/rouqy-jewellery-api-faz/htdocs/api-faz.rouqy-jewellery.com/app/Jobs/SignInvoiceXmlJob.php(34): App\\Services\\Zatca\\ZatcaInvoiceProcessingService->signInvoice()
#2 /home/rouqy-jewellery-api-faz/htdocs/api-faz.rouqy-jewellery.com/vendor/laravel/framework/src/Illuminate/Container/BoundMethod.php(36): App\\Jobs\\SignInvoiceXmlJob->handle()
#3 /home/rouqy-jewellery-api-faz/htdocs/api-faz.rouqy-jewellery.com/vendor/laravel/framework/src/Illuminate/Container/Util.php(43): Illuminate\\Container\\BoundMethod::{closure:Illuminate\\Container\\BoundMethod::call():35}()
#4 /home/rouqy-jewellery-api-faz/htdocs/api-faz.rouqy-jewellery.com/vendor/laravel/framework/src/Illuminate/Container/BoundMethod.php(96): Illuminate\\Container\\Util::unwrapIfClosure()
#5 /home/rouqy-jewellery-api-faz/htdocs/api-faz.rouqy-jewellery.com/vendor/laravel/framework/src/Illuminate/Container/BoundMethod.php(35): Illuminate\\Container\\BoundMethod::callBoundMethod()
#6 /home/rouqy-jewellery-api-faz/htdocs/api-faz.rouqy-jewellery.com/vendor/laravel/framework/src/Illuminate/Container/Container.php(799): Illuminate\\Container\\BoundMethod::call()
#7 /home/rouqy-jewellery-api-faz/htdocs/api-faz.rouqy-jewellery.com/vendor/laravel/framework/src/Illuminate/Bus/Dispatcher.php(129): Illuminate\\Container\\Container->call()
#8 /home/rouqy-jewellery-api-faz/htdocs/api-faz.rouqy-jewellery.com/vendor/laravel/framework/src/Illuminate/Pipeline/Pipeline.php(180): Illuminate\\Bus\\Dispatcher->{closure:Illuminate\\Bus\\Dispatcher::dispatchNow():126}()
#9 /home/rouqy-jewellery-api-faz/htdocs/api-faz.rouqy-jewellery.com/vendor/laravel/framework/src/Illuminate/Pipeline/Pipeline.php(137): Illuminate\\Pipeline\\Pipeline->{closure:Illuminate\\Pipeline\\Pipeline::prepareDestination():178}()
#10 /home/rouqy-jewellery-api-faz/htdocs/api-faz.rouqy-jewellery.com/vendor/laravel/framework/src/Illuminate/Bus/Dispatcher.php(133): Illuminate\\Pipeline\\Pipeline->then()
#11 /home/rouqy-jewellery-api-faz/htdocs/api-faz.rouqy-jewellery.com/vendor/laravel/framework/src/Illuminate/Queue/CallQueuedHandler.php(136): Illuminate\\Bus\\Dispatcher->dispatchNow()
#12 /home/rouqy-jewellery-api-faz/htdocs/api-faz.rouqy-jewellery.com/vendor/laravel/framework/src/Illuminate/Pipeline/Pipeline.php(180): Illuminate\\Queue\\CallQueuedHandler->{closure:Illuminate\\Queue\\CallQueuedHandler::dispatchThroughMiddleware():129}()
#13 /home/rouqy-jewellery-api-faz/htdocs/api-faz.rouqy-jewellery.com/vendor/laravel/framework/src/Illuminate/Pipeline/Pipeline.php(137): Illuminate\\Pipeline\\Pipeline->{closure:Illuminate\\Pipeline\\Pipeline::prepareDestination():178}()
#14 /home/rouqy-jewellery-api-faz/htdocs/api-faz.rouqy-jewellery.com/vendor/laravel/framework/src/Illuminate/Queue/CallQueuedHandler.php(129): Illuminate\\Pipeline\\Pipeline->then()
#15 /home/rouqy-jewellery-api-faz/htdocs/api-faz.rouqy-jewellery.com/vendor/laravel/framework/src/Illuminate/Queue/CallQueuedHandler.php(70): Illuminate\\Queue\\CallQueuedHandler->dispatchThroughMiddleware()
#16 /home/rouqy-jewellery-api-faz/htdocs/api-faz.rouqy-jewellery.com/vendor/laravel/framework/src/Illuminate/Queue/Jobs/Job.php(102): Illuminate\\Queue\\CallQueuedHandler->call()
#17 /home/rouqy-jewellery-api-faz/htdocs/api-faz.rouqy-jewellery.com/vendor/laravel/framework/src/Illuminate/Queue/Worker.php(504): Illuminate\\Queue\\Jobs\\Job->fire()
#18 /home/rouqy-jewellery-api-faz/htdocs/api-faz.rouqy-jewellery.com/vendor/laravel/framework/src/Illuminate/Queue/Worker.php(454): Illuminate\\Queue\\Worker->process()
#19 /home/rouqy-jewellery-api-faz/htdocs/api-faz.rouqy-jewellery.com/vendor/laravel/framework/src/Illuminate/Queue/Worker.php(212): Illuminate\\Queue\\Worker->runJob()
#20 /home/rouqy-jewellery-api-faz/htdocs/api-faz.rouqy-jewellery.com/vendor/laravel/framework/src/Illuminate/Queue/Console/WorkCommand.php(149): Illuminate\\Queue\\Worker->daemon()
#21 /home/rouqy-jewellery-api-faz/htdocs/api-faz.rouqy-jewellery.com/vendor/laravel/framework/src/Illuminate/Queue/Console/WorkCommand.php(132): Illuminate\\Queue\\Console\\WorkCommand->runWorker()
#22 /home/rouqy-jewellery-api-faz/htdocs/api-faz.rouqy-jewellery.com/vendor/laravel/framework/src/Illuminate/Container/BoundMethod.php(36): Illuminate\\Queue\\Console\\WorkCommand->handle()
#23 /home/rouqy-jewellery-api-faz/htdocs/api-faz.rouqy-jewellery.com/vendor/laravel/framework/src/Illuminate/Container/Util.php(43): Illuminate\\Container\\BoundMethod::{closure:Illuminate\\Container\\BoundMethod::call():35}()
#24 /home/rouqy-jewellery-api-faz/htdocs/api-faz.rouqy-jewellery.com/vendor/laravel/framework/src/Illuminate/Container/BoundMethod.php(96): Illuminate\\Container\\Util::unwrapIfClosure()
#25 /home/rouqy-jewellery-api-faz/htdocs/api-faz.rouqy-jewellery.com/vendor/laravel/framework/src/Illuminate/Container/BoundMethod.php(35): Illuminate\\Container\\BoundMethod::callBoundMethod()
#26 /home/rouqy-jewellery-api-faz/htdocs/api-faz.rouqy-jewellery.com/vendor/laravel/framework/src/Illuminate/Container/Container.php(799): Illuminate\\Container\\BoundMethod::call()
#27 /home/rouqy-jewellery-api-faz/htdocs/api-faz.rouqy-jewellery.com/vendor/laravel/framework/src/Illuminate/Console/Command.php(211): Illuminate\\Container\\Container->call()
#28 /home/rouqy-jewellery-api-faz/htdocs/api-faz.rouqy-jewellery.com/vendor/symfony/console/Command/Command.php(341): Illuminate\\Console\\Command->execute()
#29 /home/rouqy-jewellery-api-faz/htdocs/api-faz.rouqy-jewellery.com/vendor/laravel/framework/src/Illuminate/Console/Command.php(180): Symfony\\Component\\Console\\Command\\Command->run()
#30 /home/rouqy-jewellery-api-faz/htdocs/api-faz.rouqy-jewellery.com/vendor/symfony/console/Application.php(1117): Illuminate\\Console\\Command->run()
#31 /home/rouqy-jewellery-api-faz/htdocs/api-faz.rouqy-jewellery.com/vendor/symfony/console/Application.php(356): Symfony\\Component\\Console\\Application->doRunCommand()
#32 /home/rouqy-jewellery-api-faz/htdocs/api-faz.rouqy-jewellery.com/vendor/symfony/console/Application.php(195): Symfony\\Component\\Console\\Application->doRun()
#33 /home/rouqy-jewellery-api-faz/htdocs/api-faz.rouqy-jewellery.com/vendor/laravel/framework/src/Illuminate/Foundation/Console/Kernel.php(198): Symfony\\Component\\Console\\Application->run()
#34 /home/rouqy-jewellery-api-faz/htdocs/api-faz.rouqy-jewellery.com/vendor/laravel/framework/src/Illuminate/Foundation/Application.php(1235): Illuminate\\Foundation\\Console\\Kernel->handle()
#35 /home/rouqy-jewellery-api-faz/htdocs/api-faz.rouqy-jewellery.com/artisan(16): Illuminate\\Foundation\\Application->handleCommand()
#36 {main}
"} 
[2026-07-23 12:41:28] local.ERROR: The payload is invalid. {"exception":"[object] (Illuminate\\Contracts\\Encryption\\DecryptException(code: 0): The payload is invalid. at /home/rouqy-jewellery-api-faz/htdocs/api-faz.rouqy-jewellery.com/vendor/laravel/framework/src/Illuminate/Encryption/Encrypter.php:244)
[stacktrace]
#0 /home/rouqy-jewellery-api-faz/htdocs/api-faz.rouqy-jewellery.com/vendor/laravel/framework/src/Illuminate/Encryption/Encrypter.php(157): Illuminate\\Encryption\\Encrypter->getJsonPayload()
#1 /home/rouqy-jewellery-api-faz/htdocs/api-faz.rouqy-jewellery.com/vendor/laravel/framework/src/Illuminate/Database/Eloquent/Concerns/HasAttributes.php(1428): Illuminate\\Encryption\\Encrypter->decrypt()
#2 /home/rouqy-jewellery-api-faz/htdocs/api-faz.rouqy-jewellery.com/vendor/laravel/framework/src/Illuminate/Database/Eloquent/Concerns/HasAttributes.php(844): Illuminate\\Database\\Eloquent\\Model->fromEncryptedString()
#3 /home/rouqy-jewellery-api-faz/htdocs/api-faz.rouqy-jewellery.com/vendor/laravel/framework/src/Illuminate/Database/Eloquent/Concerns/HasAttributes.php(2403): Illuminate\\Database\\Eloquent\\Model->castAttribute()
#4 /home/rouqy-jewellery-api-faz/htdocs/api-faz.rouqy-jewellery.com/vendor/laravel/framework/src/Illuminate/Database/Eloquent/Concerns/HasAttributes.php(529): Illuminate\\Database\\Eloquent\\Model->transformModelValue()
#5 /home/rouqy-jewellery-api-faz/htdocs/api-faz.rouqy-jewellery.com/vendor/laravel/framework/src/Illuminate/Database/Eloquent/Concerns/HasAttributes.php(483): Illuminate\\Database\\Eloquent\\Model->getAttributeValue()
#6 /home/rouqy-jewellery-api-faz/htdocs/api-faz.rouqy-jewellery.com/vendor/laravel/framework/src/Illuminate/Database/Eloquent/Model.php(2427): Illuminate\\Database\\Eloquent\\Model->getAttribute()
#7 /home/rouqy-jewellery-api-faz/htdocs/api-faz.rouqy-jewellery.com/app/Services/Zatca/ZatcaInvoiceSigningService.php(35): Illuminate\\Database\\Eloquent\\Model->__get()
#8 /home/rouqy-jewellery-api-faz/htdocs/api-faz.rouqy-jewellery.com/app/Services/Zatca/ZatcaInvoiceProcessingService.php(63): App\\Services\\Zatca\\ZatcaInvoiceSigningService->sign()
#9 /home/rouqy-jewellery-api-faz/htdocs/api-faz.rouqy-jewellery.com/app/Jobs/SignInvoiceXmlJob.php(34): App\\Services\\Zatca\\ZatcaInvoiceProcessingService->signInvoice()
#10 /home/rouqy-jewellery-api-faz/htdocs/api-faz.rouqy-jewellery.com/vendor/laravel/framework/src/Illuminate/Container/BoundMethod.php(36): App\\Jobs\\SignInvoiceXmlJob->handle()
#11 /home/rouqy-jewellery-api-faz/htdocs/api-faz.rouqy-jewellery.com/vendor/laravel/framework/src/Illuminate/Container/Util.php(43): Illuminate\\Container\\BoundMethod::{closure:Illuminate\\Container\\BoundMethod::call():35}()
#12 /home/rouqy-jewellery-api-faz/htdocs/api-faz.rouqy-jewellery.com/vendor/laravel/framework/src/Illuminate/Container/BoundMethod.php(96): Illuminate\\Container\\Util::unwrapIfClosure()
#13 /home/rouqy-jewellery-api-faz/htdocs/api-faz.rouqy-jewellery.com/vendor/laravel/framework/src/Illuminate/Container/BoundMethod.php(35): Illuminate\\Container\\BoundMethod::callBoundMethod()
#14 /home/rouqy-jewellery-api-faz/htdocs/api-faz.rouqy-jewellery.com/vendor/laravel/framework/src/Illuminate/Container/Container.php(799): Illuminate\\Container\\BoundMethod::call()
#15 /home/rouqy-jewellery-api-faz/htdocs/api-faz.rouqy-jewellery.com/vendor/laravel/framework/src/Illuminate/Bus/Dispatcher.php(129): Illuminate\\Container\\Container->call()
#16 /home/rouqy-jewellery-api-faz/htdocs/api-faz.rouqy-jewellery.com/vendor/laravel/framework/src/Illuminate/Pipeline/Pipeline.php(180): Illuminate\\Bus\\Dispatcher->{closure:Illuminate\\Bus\\Dispatcher::dispatchNow():126}()
#17 /home/rouqy-jewellery-api-faz/htdocs/api-faz.rouqy-jewellery.com/vendor/laravel/framework/src/Illuminate/Pipeline/Pipeline.php(137): Illuminate\\Pipeline\\Pipeline->{closure:Illuminate\\Pipeline\\Pipeline::prepareDestination():178}()
#18 /home/rouqy-jewellery-api-faz/htdocs/api-faz.rouqy-jewellery.com/vendor/laravel/framework/src/Illuminate/Bus/Dispatcher.php(133): Illuminate\\Pipeline\\Pipeline->then()
#19 /home/rouqy-jewellery-api-faz/htdocs/api-faz.rouqy-jewellery.com/vendor/laravel/framework/src/Illuminate/Queue/CallQueuedHandler.php(136): Illuminate\\Bus\\Dispatcher->dispatchNow()
#20 /home/rouqy-jewellery-api-faz/htdocs/api-faz.rouqy-jewellery.com/vendor/laravel/framework/src/Illuminate/Pipeline/Pipeline.php(180): Illuminate\\Queue\\CallQueuedHandler->{closure:Illuminate\\Queue\\CallQueuedHandler::dispatchThroughMiddleware():129}()
#21 /home/rouqy-jewellery-api-faz/htdocs/api-faz.rouqy-jewellery.com/vendor/laravel/framework/src/Illuminate/Pipeline/Pipeline.php(137): Illuminate\\Pipeline\\Pipeline->{closure:Illuminate\\Pipeline\\Pipeline::prepareDestination():178}()
#22 /home/rouqy-jewellery-api-faz/htdocs/api-faz.rouqy-jewellery.com/vendor/laravel/framework/src/Illuminate/Queue/CallQueuedHandler.php(129): Illuminate\\Pipeline\\Pipeline->then()
#23 /home/rouqy-jewellery-api-faz/htdocs/api-faz.rouqy-jewellery.com/vendor/laravel/framework/src/Illuminate/Queue/CallQueuedHandler.php(70): Illuminate\\Queue\\CallQueuedHandler->dispatchThroughMiddleware()
#24 /home/rouqy-jewellery-api-faz/htdocs/api-faz.rouqy-jewellery.com/vendor/laravel/framework/src/Illuminate/Queue/Jobs/Job.php(102): Illuminate\\Queue\\CallQueuedHandler->call()
#25 /home/rouqy-jewellery-api-faz/htdocs/api-faz.rouqy-jewellery.com/vendor/laravel/framework/src/Illuminate/Queue/Worker.php(504): Illuminate\\Queue\\Jobs\\Job->fire()
#26 /home/rouqy-jewellery-api-faz/htdocs/api-faz.rouqy-jewellery.com/vendor/laravel/framework/src/Illuminate/Queue/Worker.php(454): Illuminate\\Queue\\Worker->process()
#27 /home/rouqy-jewellery-api-faz/htdocs/api-faz.rouqy-jewellery.com/vendor/laravel/framework/src/Illuminate/Queue/Worker.php(212): Illuminate\\Queue\\Worker->runJob()
#28 /home/rouqy-jewellery-api-faz/htdocs/api-faz.rouqy-jewellery.com/vendor/laravel/framework/src/Illuminate/Queue/Console/WorkCommand.php(149): Illuminate\\Queue\\Worker->daemon()
#29 /home/rouqy-jewellery-api-faz/htdocs/api-faz.rouqy-jewellery.com/vendor/laravel/framework/src/Illuminate/Queue/Console/WorkCommand.php(132): Illuminate\\Queue\\Console\\WorkCommand->runWorker()
#30 /home/rouqy-jewellery-api-faz/htdocs/api-faz.rouqy-jewellery.com/vendor/laravel/framework/src/Illuminate/Container/BoundMethod.php(36): Illuminate\\Queue\\Console\\WorkCommand->handle()
#31 /home/rouqy-jewellery-api-faz/htdocs/api-faz.rouqy-jewellery.com/vendor/laravel/framework/src/Illuminate/Container/Util.php(43): Illuminate\\Container\\BoundMethod::{closure:Illuminate\\Container\\BoundMethod::call():35}()
#32 /home/rouqy-jewellery-api-faz/htdocs/api-faz.rouqy-jewellery.com/vendor/laravel/framework/src/Illuminate/Container/BoundMethod.php(96): Illuminate\\Container\\Util::unwrapIfClosure()
#33 /home/rouqy-jewellery-api-faz/htdocs/api-faz.rouqy-jewellery.com/vendor/laravel/framework/src/Illuminate/Container/BoundMethod.php(35): Illuminate\\Container\\BoundMethod::callBoundMethod()
#34 /home/rouqy-jewellery-api-faz/htdocs/api-faz.rouqy-jewellery.com/vendor/laravel/framework/src/Illuminate/Container/Container.php(799): Illuminate\\Container\\BoundMethod::call()
#35 /home/rouqy-jewellery-api-faz/htdocs/api-faz.rouqy-jewellery.com/vendor/laravel/framework/src/Illuminate/Console/Command.php(211): Illuminate\\Container\\Container->call()
#36 /home/rouqy-jewellery-api-faz/htdocs/api-faz.rouqy-jewellery.com/vendor/symfony/console/Command/Command.php(341): Illuminate\\Console\\Command->execute()
#37 /home/rouqy-jewellery-api-faz/htdocs/api-faz.rouqy-jewellery.com/vendor/laravel/framework/src/Illuminate/Console/Command.php(180): Symfony\\Component\\Console\\Command\\Command->run()
#38 /home/rouqy-jewellery-api-faz/htdocs/api-faz.rouqy-jewellery.com/vendor/symfony/console/Application.php(1117): Illuminate\\Console\\Command->run()
#39 /home/rouqy-jewellery-api-faz/htdocs/api-faz.rouqy-jewellery.com/vendor/symfony/console/Application.php(356): Symfony\\Component\\Console\\Application->doRunCommand()
#40 /home/rouqy-jewellery-api-faz/htdocs/api-faz.rouqy-jewellery.com/vendor/symfony/console/Application.php(195): Symfony\\Component\\Console\\Application->doRun()
#41 /home/rouqy-jewellery-api-faz/htdocs/api-faz.rouqy-jewellery.com/vendor/laravel/framework/src/Illuminate/Foundation/Console/Kernel.php(198): Symfony\\Component\\Console\\Application->run()
#42 /home/rouqy-jewellery-api-faz/htdocs/api-faz.rouqy-jewellery.com/vendor/laravel/framework/src/Illuminate/Foundation/Application.php(1235): Illuminate\\Foundation\\Console\\Kernel->handle()
#43 /home/rouqy-jewellery-api-faz/htdocs/api-faz.rouqy-jewellery.com/artisan(16): Illuminate\\Foundation\\Application->handleCommand()
#44 {main}
"} 
[2026-07-23 12:41:58] local.ERROR: The payload is invalid. {"exception":"[object] (Illuminate\\Contracts\\Encryption\\DecryptException(code: 0): The payload is invalid. at /home/rouqy-jewellery-api-faz/htdocs/api-faz.rouqy-jewellery.com/vendor/laravel/framework/src/Illuminate/Encryption/Encrypter.php:244)
[stacktrace]
#0 /home/rouqy-jewellery-api-faz/htdocs/api-faz.rouqy-jewellery.com/vendor/laravel/framework/src/Illuminate/Encryption/Encrypter.php(157): Illuminate\\Encryption\\Encrypter->getJsonPayload()
#1 /home/rouqy-jewellery-api-faz/htdocs/api-faz.rouqy-jewellery.com/vendor/laravel/framework/src/Illuminate/Database/Eloquent/Concerns/HasAttributes.php(1428): Illuminate\\Encryption\\Encrypter->decrypt()
#2 /home/rouqy-jewellery-api-faz/htdocs/api-faz.rouqy-jewellery.com/vendor/laravel/framework/src/Illuminate/Database/Eloquent/Concerns/HasAttributes.php(844): Illuminate\\Database\\Eloquent\\Model->fromEncryptedString()
#3 /home/rouqy-jewellery-api-faz/htdocs/api-faz.rouqy-jewellery.com/vendor/laravel/framework/src/Illuminate/Database/Eloquent/Concerns/HasAttributes.php(2403): Illuminate\\Database\\Eloquent\\Model->castAttribute()
#4 /home/rouqy-jewellery-api-faz/htdocs/api-faz.rouqy-jewellery.com/vendor/laravel/framework/src/Illuminate/Database/Eloquent/Concerns/HasAttributes.php(529): Illuminate\\Database\\Eloquent\\Model->transformModelValue()
#5 /home/rouqy-jewellery-api-faz/htdocs/api-faz.rouqy-jewellery.com/vendor/laravel/framework/src/Illuminate/Database/Eloquent/Concerns/HasAttributes.php(483): Illuminate\\Database\\Eloquent\\Model->getAttributeValue()
#6 /home/rouqy-jewellery-api-faz/htdocs/api-faz.rouqy-jewellery.com/vendor/laravel/framework/src/Illuminate/Database/Eloquent/Model.php(2427): Illuminate\\Database\\Eloquent\\Model->getAttribute()
#7 /home/rouqy-jewellery-api-faz/htdocs/api-faz.rouqy-jewellery.com/app/Services/Zatca/ZatcaInvoiceSigningService.php(35): Illuminate\\Database\\Eloquent\\Model->__get()
#8 /home/rouqy-jewellery-api-faz/htdocs/api-faz.rouqy-jewellery.com/app/Services/Zatca/ZatcaInvoiceProcessingService.php(63): App\\Services\\Zatca\\ZatcaInvoiceSigningService->sign()
#9 /home/rouqy-jewellery-api-faz/htdocs/api-faz.rouqy-jewellery.com/app/Jobs/SignInvoiceXmlJob.php(34): App\\Services\\Zatca\\ZatcaInvoiceProcessingService->signInvoice()
#10 /home/rouqy-jewellery-api-faz/htdocs/api-faz.rouqy-jewellery.com/vendor/laravel/framework/src/Illuminate/Container/BoundMethod.php(36): App\\Jobs\\SignInvoiceXmlJob->handle()
#11 /home/rouqy-jewellery-api-faz/htdocs/api-faz.rouqy-jewellery.com/vendor/laravel/framework/src/Illuminate/Container/Util.php(43): Illuminate\\Container\\BoundMethod::{closure:Illuminate\\Container\\BoundMethod::call():35}()
#12 /home/rouqy-jewellery-api-faz/htdocs/api-faz.rouqy-jewellery.com/vendor/laravel/framework/src/Illuminate/Container/BoundMethod.php(96): Illuminate\\Container\\Util::unwrapIfClosure()
#13 /home/rouqy-jewellery-api-faz/htdocs/api-faz.rouqy-jewellery.com/vendor/laravel/framework/src/Illuminate/Container/BoundMethod.php(35): Illuminate\\Container\\BoundMethod::callBoundMethod()
#14 /home/rouqy-jewellery-api-faz/htdocs/api-faz.rouqy-jewellery.com/vendor/laravel/framework/src/Illuminate/Container/Container.php(799): Illuminate\\Container\\BoundMethod::call()
#15 /home/rouqy-jewellery-api-faz/htdocs/api-faz.rouqy-jewellery.com/vendor/laravel/framework/src/Illuminate/Bus/Dispatcher.php(129): Illuminate\\Container\\Container->call()
#16 /home/rouqy-jewellery-api-faz/htdocs/api-faz.rouqy-jewellery.com/vendor/laravel/framework/src/Illuminate/Pipeline/Pipeline.php(180): Illuminate\\Bus\\Dispatcher->{closure:Illuminate\\Bus\\Dispatcher::dispatchNow():126}()
#17 /home/rouqy-jewellery-api-faz/htdocs/api-faz.rouqy-jewellery.com/vendor/laravel/framework/src/Illuminate/Pipeline/Pipeline.php(137): Illuminate\\Pipeline\\Pipeline->{closure:Illuminate\\Pipeline\\Pipeline::prepareDestination():178}()
#18 /home/rouqy-jewellery-api-faz/htdocs/api-faz.rouqy-jewellery.com/vendor/laravel/framework/src/Illuminate/Bus/Dispatcher.php(133): Illuminate\\Pipeline\\Pipeline->then()
#19 /home/rouqy-jewellery-api-faz/htdocs/api-faz.rouqy-jewellery.com/vendor/laravel/framework/src/Illuminate/Queue/CallQueuedHandler.php(136): Illuminate\\Bus\\Dispatcher->dispatchNow()
#20 /home/rouqy-jewellery-api-faz/htdocs/api-faz.rouqy-jewellery.com/vendor/laravel/framework/src/Illuminate/Pipeline/Pipeline.php(180): Illuminate\\Queue\\CallQueuedHandler->{closure:Illuminate\\Queue\\CallQueuedHandler::dispatchThroughMiddleware():129}()
#21 /home/rouqy-jewellery-api-faz/htdocs/api-faz.rouqy-jewellery.com/vendor/laravel/framework/src/Illuminate/Pipeline/Pipeline.php(137): Illuminate\\Pipeline\\Pipeline->{closure:Illuminate\\Pipeline\\Pipeline::prepareDestination():178}()
#22 /home/rouqy-jewellery-api-faz/htdocs/api-faz.rouqy-jewellery.com/vendor/laravel/framework/src/Illuminate/Queue/CallQueuedHandler.php(129): Illuminate\\Pipeline\\Pipeline->then()
#23 /home/rouqy-jewellery-api-faz/htdocs/api-faz.rouqy-jewellery.com/vendor/laravel/framework/src/Illuminate/Queue/CallQueuedHandler.php(70): Illuminate\\Queue\\CallQueuedHandler->dispatchThroughMiddleware()
#24 /home/rouqy-jewellery-api-faz/htdocs/api-faz.rouqy-jewellery.com/vendor/laravel/framework/src/Illuminate/Queue/Jobs/Job.php(102): Illuminate\\Queue\\CallQueuedHandler->call()
#25 /home/rouqy-jewellery-api-faz/htdocs/api-faz.rouqy-jewellery.com/vendor/laravel/framework/src/Illuminate/Queue/Worker.php(504): Illuminate\\Queue\\Jobs\\Job->fire()
#26 /home/rouqy-jewellery-api-faz/htdocs/api-faz.rouqy-jewellery.com/vendor/laravel/framework/src/Illuminate/Queue/Worker.php(454): Illuminate\\Queue\\Worker->process()
#27 /home/rouqy-jewellery-api-faz/htdocs/api-faz.rouqy-jewellery.com/vendor/laravel/framework/src/Illuminate/Queue/Worker.php(212): Illuminate\\Queue\\Worker->runJob()
#28 /home/rouqy-jewellery-api-faz/htdocs/api-faz.rouqy-jewellery.com/vendor/laravel/framework/src/Illuminate/Queue/Console/WorkCommand.php(149): Illuminate\\Queue\\Worker->daemon()
#29 /home/rouqy-jewellery-api-faz/htdocs/api-faz.rouqy-jewellery.com/vendor/laravel/framework/src/Illuminate/Queue/Console/WorkCommand.php(132): Illuminate\\Queue\\Console\\WorkCommand->runWorker()
#30 /home/rouqy-jewellery-api-faz/htdocs/api-faz.rouqy-jewellery.com/vendor/laravel/framework/src/Illuminate/Container/BoundMethod.php(36): Illuminate\\Queue\\Console\\WorkCommand->handle()
#31 /home/rouqy-jewellery-api-faz/htdocs/api-faz.rouqy-jewellery.com/vendor/laravel/framework/src/Illuminate/Container/Util.php(43): Illuminate\\Container\\BoundMethod::{closure:Illuminate\\Container\\BoundMethod::call():35}()
#32 /home/rouqy-jewellery-api-faz/htdocs/api-faz.rouqy-jewellery.com/vendor/laravel/framework/src/Illuminate/Container/BoundMethod.php(96): Illuminate\\Container\\Util::unwrapIfClosure()
#33 /home/rouqy-jewellery-api-faz/htdocs/api-faz.rouqy-jewellery.com/vendor/laravel/framework/src/Illuminate/Container/BoundMethod.php(35): Illuminate\\Container\\BoundMethod::callBoundMethod()
#34 /home/rouqy-jewellery-api-faz/htdocs/api-faz.rouqy-jewellery.com/vendor/laravel/framework/src/Illuminate/Container/Container.php(799): Illuminate\\Container\\BoundMethod::call()
#35 /home/rouqy-jewellery-api-faz/htdocs/api-faz.rouqy-jewellery.com/vendor/laravel/framework/src/Illuminate/Console/Command.php(211): Illuminate\\Container\\Container->call()
#36 /home/rouqy-jewellery-api-faz/htdocs/api-faz.rouqy-jewellery.com/vendor/symfony/console/Command/Command.php(341): Illuminate\\Console\\Command->execute()
#37 /home/rouqy-jewellery-api-faz/htdocs/api-faz.rouqy-jewellery.com/vendor/laravel/framework/src/Illuminate/Console/Command.php(180): Symfony\\Component\\Console\\Command\\Command->run()
#38 /home/rouqy-jewellery-api-faz/htdocs/api-faz.rouqy-jewellery.com/vendor/symfony/console/Application.php(1117): Illuminate\\Console\\Command->run()
#39 /home/rouqy-jewellery-api-faz/htdocs/api-faz.rouqy-jewellery.com/vendor/symfony/console/Application.php(356): Symfony\\Component\\Console\\Application->doRunCommand()
#40 /home/rouqy-jewellery-api-faz/htdocs/api-faz.rouqy-jewellery.com/vendor/symfony/console/Application.php(195): Symfony\\Component\\Console\\Application->doRun()
#41 /home/rouqy-jewellery-api-faz/htdocs/api-faz.rouqy-jewellery.com/vendor/laravel/framework/src/Illuminate/Foundation/Console/Kernel.php(198): Symfony\\Component\\Console\\Application->run()
#42 /home/rouqy-jewellery-api-faz/htdocs/api-faz.rouqy-jewellery.com/vendor/laravel/framework/src/Illuminate/Foundation/Application.php(1235): Illuminate\\Foundation\\Console\\Kernel->handle()
#43 /home/rouqy-jewellery-api-faz/htdocs/api-faz.rouqy-jewellery.com/artisan(16): Illuminate\\Foundation\\Application->handleCommand()
#44 {main}
"} 
[2026-07-23 12:41:58] local.ERROR: The payload is invalid. {"exception":"[object] (Illuminate\\Contracts\\Encryption\\DecryptException(code: 0): The payload is invalid. at /home/rouqy-jewellery-api-faz/htdocs/api-faz.rouqy-jewellery.com/vendor/laravel/framework/src/Illuminate/Encryption/Encrypter.php:244)
[stacktrace]
#0 /home/rouqy-jewellery-api-faz/htdocs/api-faz.rouqy-jewellery.com/vendor/laravel/framework/src/Illuminate/Encryption/Encrypter.php(157): Illuminate\\Encryption\\Encrypter->getJsonPayload()
#1 /home/rouqy-jewellery-api-faz/htdocs/api-faz.rouqy-jewellery.com/vendor/laravel/framework/src/Illuminate/Database/Eloquent/Concerns/HasAttributes.php(1428): Illuminate\\Encryption\\Encrypter->decrypt()
#2 /home/rouqy-jewellery-api-faz/htdocs/api-faz.rouqy-jewellery.com/vendor/laravel/framework/src/Illuminate/Database/Eloquent/Concerns/HasAttributes.php(844): Illuminate\\Database\\Eloquent\\Model->fromEncryptedString()
#3 /home/rouqy-jewellery-api-faz/htdocs/api-faz.rouqy-jewellery.com/vendor/laravel/framework/src/Illuminate/Database/Eloquent/Concerns/HasAttributes.php(2403): Illuminate\\Database\\Eloquent\\Model->castAttribute()
#4 /home/rouqy-jewellery-api-faz/htdocs/api-faz.rouqy-jewellery.com/vendor/laravel/framework/src/Illuminate/Database/Eloquent/Concerns/HasAttributes.php(529): Illuminate\\Database\\Eloquent\\Model->transformModelValue()
#5 /home/rouqy-jewellery-api-faz/htdocs/api-faz.rouqy-jewellery.com/vendor/laravel/framework/src/Illuminate/Database/Eloquent/Concerns/HasAttributes.php(483): Illuminate\\Database\\Eloquent\\Model->getAttributeValue()
#6 /home/rouqy-jewellery-api-faz/htdocs/api-faz.rouqy-jewellery.com/vendor/laravel/framework/src/Illuminate/Database/Eloquent/Model.php(2427): Illuminate\\Database\\Eloquent\\Model->getAttribute()
#7 /home/rouqy-jewellery-api-faz/htdocs/api-faz.rouqy-jewellery.com/app/Services/Zatca/ZatcaInvoiceSigningService.php(35): Illuminate\\Database\\Eloquent\\Model->__get()
#8 /home/rouqy-jewellery-api-faz/htdocs/api-faz.rouqy-jewellery.com/app/Services/Zatca/ZatcaInvoiceProcessingService.php(63): App\\Services\\Zatca\\ZatcaInvoiceSigningService->sign()
#9 /home/rouqy-jewellery-api-faz/htdocs/api-faz.rouqy-jewellery.com/app/Jobs/SignInvoiceXmlJob.php(34): App\\Services\\Zatca\\ZatcaInvoiceProcessingService->signInvoice()
#10 /home/rouqy-jewellery-api-faz/htdocs/api-faz.rouqy-jewellery.com/vendor/laravel/framework/src/Illuminate/Container/BoundMethod.php(36): App\\Jobs\\SignInvoiceXmlJob->handle()
#11 /home/rouqy-jewellery-api-faz/htdocs/api-faz.rouqy-jewellery.com/vendor/laravel/framework/src/Illuminate/Container/Util.php(43): Illuminate\\Container\\BoundMethod::{closure:Illuminate\\Container\\BoundMethod::call():35}()
#12 /home/rouqy-jewellery-api-faz/htdocs/api-faz.rouqy-jewellery.com/vendor/laravel/framework/src/Illuminate/Container/BoundMethod.php(96): Illuminate\\Container\\Util::unwrapIfClosure()
#13 /home/rouqy-jewellery-api-faz/htdocs/api-faz.rouqy-jewellery.com/vendor/laravel/framework/src/Illuminate/Container/BoundMethod.php(35): Illuminate\\Container\\BoundMethod::callBoundMethod()
#14 /home/rouqy-jewellery-api-faz/htdocs/api-faz.rouqy-jewellery.com/vendor/laravel/framework/src/Illuminate/Container/Container.php(799): Illuminate\\Container\\BoundMethod::call()
#15 /home/rouqy-jewellery-api-faz/htdocs/api-faz.rouqy-jewellery.com/vendor/laravel/framework/src/Illuminate/Bus/Dispatcher.php(129): Illuminate\\Container\\Container->call()
#16 /home/rouqy-jewellery-api-faz/htdocs/api-faz.rouqy-jewellery.com/vendor/laravel/framework/src/Illuminate/Pipeline/Pipeline.php(180): Illuminate\\Bus\\Dispatcher->{closure:Illuminate\\Bus\\Dispatcher::dispatchNow():126}()
#17 /home/rouqy-jewellery-api-faz/htdocs/api-faz.rouqy-jewellery.com/vendor/laravel/framework/src/Illuminate/Pipeline/Pipeline.php(137): Illuminate\\Pipeline\\Pipeline->{closure:Illuminate\\Pipeline\\Pipeline::prepareDestination():178}()
#18 /home/rouqy-jewellery-api-faz/htdocs/api-faz.rouqy-jewellery.com/vendor/laravel/framework/src/Illuminate/Bus/Dispatcher.php(133): Illuminate\\Pipeline\\Pipeline->then()
#19 /home/rouqy-jewellery-api-faz/htdocs/api-faz.rouqy-jewellery.com/vendor/laravel/framework/src/Illuminate/Queue/CallQueuedHandler.php(136): Illuminate\\Bus\\Dispatcher->dispatchNow()
#20 /home/rouqy-jewellery-api-faz/htdocs/api-faz.rouqy-jewellery.com/vendor/laravel/framework/src/Illuminate/Pipeline/Pipeline.php(180): Illuminate\\Queue\\CallQueuedHandler->{closure:Illuminate\\Queue\\CallQueuedHandler::dispatchThroughMiddleware():129}()
#21 /home/rouqy-jewellery-api-faz/htdocs/api-faz.rouqy-jewellery.com/vendor/laravel/framework/src/Illuminate/Pipeline/Pipeline.php(137): Illuminate\\Pipeline\\Pipeline->{closure:Illuminate\\Pipeline\\Pipeline::prepareDestination():178}()
#22 /home/rouqy-jewellery-api-faz/htdocs/api-faz.rouqy-jewellery.com/vendor/laravel/framework/src/Illuminate/Queue/CallQueuedHandler.php(129): Illuminate\\Pipeline\\Pipeline->then()
#23 /home/rouqy-jewellery-api-faz/htdocs/api-faz.rouqy-jewellery.com/vendor/laravel/framework/src/Illuminate/Queue/CallQueuedHandler.php(70): Illuminate\\Queue\\CallQueuedHandler->dispatchThroughMiddleware()
#24 /home/rouqy-jewellery-api-faz/htdocs/api-faz.rouqy-jewellery.com/vendor/laravel/framework/src/Illuminate/Queue/Jobs/Job.php(102): Illuminate\\Queue\\CallQueuedHandler->call()
#25 /home/rouqy-jewellery-api-faz/htdocs/api-faz.rouqy-jewellery.com/vendor/laravel/framework/src/Illuminate/Queue/Worker.php(504): Illuminate\\Queue\\Jobs\\Job->fire()
#26 /home/rouqy-jewellery-api-faz/htdocs/api-faz.rouqy-jewellery.com/vendor/laravel/framework/src/Illuminate/Queue/Worker.php(454): Illuminate\\Queue\\Worker->process()
#27 /home/rouqy-jewellery-api-faz/htdocs/api-faz.rouqy-jewellery.com/vendor/laravel/framework/src/Illuminate/Queue/Worker.php(212): Illuminate\\Queue\\Worker->runJob()
#28 /home/rouqy-jewellery-api-faz/htdocs/api-faz.rouqy-jewellery.com/vendor/laravel/framework/src/Illuminate/Queue/Console/WorkCommand.php(149): Illuminate\\Queue\\Worker->daemon()
#29 /home/rouqy-jewellery-api-faz/htdocs/api-faz.rouqy-jewellery.com/vendor/laravel/framework/src/Illuminate/Queue/Console/WorkCommand.php(132): Illuminate\\Queue\\Console\\WorkCommand->runWorker()
#30 /home/rouqy-jewellery-api-faz/htdocs/api-faz.rouqy-jewellery.com/vendor/laravel/framework/src/Illuminate/Container/BoundMethod.php(36): Illuminate\\Queue\\Console\\WorkCommand->handle()
#31 /home/rouqy-jewellery-api-faz/htdocs/api-faz.rouqy-jewellery.com/vendor/laravel/framework/src/Illuminate/Container/Util.php(43): Illuminate\\Container\\BoundMethod::{closure:Illuminate\\Container\\BoundMethod::call():35}()
#32 /home/rouqy-jewellery-api-faz/htdocs/api-faz.rouqy-jewellery.com/vendor/laravel/framework/src/Illuminate/Container/BoundMethod.php(96): Illuminate\\Container\\Util::unwrapIfClosure()
#33 /home/rouqy-jewellery-api-faz/htdocs/api-faz.rouqy-jewellery.com/vendor/laravel/framework/src/Illuminate/Container/BoundMethod.php(35): Illuminate\\Container\\BoundMethod::callBoundMethod()
#34 /home/rouqy-jewellery-api-faz/htdocs/api-faz.rouqy-jewellery.com/vendor/laravel/framework/src/Illuminate/Container/Container.php(799): Illuminate\\Container\\BoundMethod::call()
#35 /home/rouqy-jewellery-api-faz/htdocs/api-faz.rouqy-jewellery.com/vendor/laravel/framework/src/Illuminate/Console/Command.php(211): Illuminate\\Container\\Container->call()
#36 /home/rouqy-jewellery-api-faz/htdocs/api-faz.rouqy-jewellery.com/vendor/symfony/console/Command/Command.php(341): Illuminate\\Console\\Command->execute()
#37 /home/rouqy-jewellery-api-faz/htdocs/api-faz.rouqy-jewellery.com/vendor/laravel/framework/src/Illuminate/Console/Command.php(180): Symfony\\Component\\Console\\Command\\Command->run()
#38 /home/rouqy-jewellery-api-faz/htdocs/api-faz.rouqy-jewellery.com/vendor/symfony/console/Application.php(1117): Illuminate\\Console\\Command->run()
#39 /home/rouqy-jewellery-api-faz/htdocs/api-faz.rouqy-jewellery.com/vendor/symfony/console/Application.php(356): Symfony\\Component\\Console\\Application->doRunCommand()
#40 /home/rouqy-jewellery-api-faz/htdocs/api-faz.rouqy-jewellery.com/vendor/symfony/console/Application.php(195): Symfony\\Component\\Console\\Application->doRun()
#41 /home/rouqy-jewellery-api-faz/htdocs/api-faz.rouqy-jewellery.com/vendor/laravel/framework/src/Illuminate/Foundation/Console/Kernel.php(198): Symfony\\Component\\Console\\Application->run()
#42 /home/rouqy-jewellery-api-faz/htdocs/api-faz.rouqy-jewellery.com/vendor/laravel/framework/src/Illuminate/Foundation/Application.php(1235): Illuminate\\Foundation\\Console\\Kernel->handle()
#43 /home/rouqy-jewellery-api-faz/htdocs/api-faz.rouqy-jewellery.com/artisan(16): Illuminate\\Foundation\\Application->handleCommand()
#44 {main}
"} 
[2026-07-23 12:41:58] local.ERROR: company_certificate_not_ready {"exception":"[object] (RuntimeException(code: 0): company_certificate_not_ready at /home/rouqy-jewellery-api-faz/htdocs/api-faz.rouqy-jewellery.com/app/Services/Zatca/ZatcaInvoiceSigningService.php:36)
[stacktrace]
#0 /home/rouqy-jewellery-api-faz/htdocs/api-faz.rouqy-jewellery.com/app/Services/Zatca/ZatcaInvoiceProcessingService.php(63): App\\Services\\Zatca\\ZatcaInvoiceSigningService->sign()
#1 /home/rouqy-jewellery-api-faz/htdocs/api-faz.rouqy-jewellery.com/app/Jobs/SignInvoiceXmlJob.php(34): App\\Services\\Zatca\\ZatcaInvoiceProcessingService->signInvoice()
#2 /home/rouqy-jewellery-api-faz/htdocs/api-faz.rouqy-jewellery.com/vendor/laravel/framework/src/Illuminate/Container/BoundMethod.php(36): App\\Jobs\\SignInvoiceXmlJob->handle()
#3 /home/rouqy-jewellery-api-faz/htdocs/api-faz.rouqy-jewellery.com/vendor/laravel/framework/src/Illuminate/Container/Util.php(43): Illuminate\\Container\\BoundMethod::{closure:Illuminate\\Container\\BoundMethod::call():35}()
#4 /home/rouqy-jewellery-api-faz/htdocs/api-faz.rouqy-jewellery.com/vendor/laravel/framework/src/Illuminate/Container/BoundMethod.php(96): Illuminate\\Container\\Util::unwrapIfClosure()
#5 /home/rouqy-jewellery-api-faz/htdocs/api-faz.rouqy-jewellery.com/vendor/laravel/framework/src/Illuminate/Container/BoundMethod.php(35): Illuminate\\Container\\BoundMethod::callBoundMethod()
#6 /home/rouqy-jewellery-api-faz/htdocs/api-faz.rouqy-jewellery.com/vendor/laravel/framework/src/Illuminate/Container/Container.php(799): Illuminate\\Container\\BoundMethod::call()
#7 /home/rouqy-jewellery-api-faz/htdocs/api-faz.rouqy-jewellery.com/vendor/laravel/framework/src/Illuminate/Bus/Dispatcher.php(129): Illuminate\\Container\\Container->call()
#8 /home/rouqy-jewellery-api-faz/htdocs/api-faz.rouqy-jewellery.com/vendor/laravel/framework/src/Illuminate/Pipeline/Pipeline.php(180): Illuminate\\Bus\\Dispatcher->{closure:Illuminate\\Bus\\Dispatcher::dispatchNow():126}()
#9 /home/rouqy-jewellery-api-faz/htdocs/api-faz.rouqy-jewellery.com/vendor/laravel/framework/src/Illuminate/Pipeline/Pipeline.php(137): Illuminate\\Pipeline\\Pipeline->{closure:Illuminate\\Pipeline\\Pipeline::prepareDestination():178}()
#10 /home/rouqy-jewellery-api-faz/htdocs/api-faz.rouqy-jewellery.com/vendor/laravel/framework/src/Illuminate/Bus/Dispatcher.php(133): Illuminate\\Pipeline\\Pipeline->then()
#11 /home/rouqy-jewellery-api-faz/htdocs/api-faz.rouqy-jewellery.com/vendor/laravel/framework/src/Illuminate/Queue/CallQueuedHandler.php(136): Illuminate\\Bus\\Dispatcher->dispatchNow()
#12 /home/rouqy-jewellery-api-faz/htdocs/api-faz.rouqy-jewellery.com/vendor/laravel/framework/src/Illuminate/Pipeline/Pipeline.php(180): Illuminate\\Queue\\CallQueuedHandler->{closure:Illuminate\\Queue\\CallQueuedHandler::dispatchThroughMiddleware():129}()
#13 /home/rouqy-jewellery-api-faz/htdocs/api-faz.rouqy-jewellery.com/vendor/laravel/framework/src/Illuminate/Pipeline/Pipeline.php(137): Illuminate\\Pipeline\\Pipeline->{closure:Illuminate\\Pipeline\\Pipeline::prepareDestination():178}()
#14 /home/rouqy-jewellery-api-faz/htdocs/api-faz.rouqy-jewellery.com/vendor/laravel/framework/src/Illuminate/Queue/CallQueuedHandler.php(129): Illuminate\\Pipeline\\Pipeline->then()
#15 /home/rouqy-jewellery-api-faz/htdocs/api-faz.rouqy-jewellery.com/vendor/laravel/framework/src/Illuminate/Queue/CallQueuedHandler.php(70): Illuminate\\Queue\\CallQueuedHandler->dispatchThroughMiddleware()
#16 /home/rouqy-jewellery-api-faz/htdocs/api-faz.rouqy-jewellery.com/vendor/laravel/framework/src/Illuminate/Queue/Jobs/Job.php(102): Illuminate\\Queue\\CallQueuedHandler->call()
#17 /home/rouqy-jewellery-api-faz/htdocs/api-faz.rouqy-jewellery.com/vendor/laravel/framework/src/Illuminate/Queue/Worker.php(504): Illuminate\\Queue\\Jobs\\Job->fire()
#18 /home/rouqy-jewellery-api-faz/htdocs/api-faz.rouqy-jewellery.com/vendor/laravel/framework/src/Illuminate/Queue/Worker.php(454): Illuminate\\Queue\\Worker->process()
#19 /home/rouqy-jewellery-api-faz/htdocs/api-faz.rouqy-jewellery.com/vendor/laravel/framework/src/Illuminate/Queue/Worker.php(212): Illuminate\\Queue\\Worker->runJob()
#20 /home/rouqy-jewellery-api-faz/htdocs/api-faz.rouqy-jewellery.com/vendor/laravel/framework/src/Illuminate/Queue/Console/WorkCommand.php(149): Illuminate\\Queue\\Worker->daemon()
#21 /home/rouqy-jewellery-api-faz/htdocs/api-faz.rouqy-jewellery.com/vendor/laravel/framework/src/Illuminate/Queue/Console/WorkCommand.php(132): Illuminate\\Queue\\Console\\WorkCommand->runWorker()
#22 /home/rouqy-jewellery-api-faz/htdocs/api-faz.rouqy-jewellery.com/vendor/laravel/framework/src/Illuminate/Container/BoundMethod.php(36): Illuminate\\Queue\\Console\\WorkCommand->handle()
#23 /home/rouqy-jewellery-api-faz/htdocs/api-faz.rouqy-jewellery.com/vendor/laravel/framework/src/Illuminate/Container/Util.php(43): Illuminate\\Container\\BoundMethod::{closure:Illuminate\\Container\\BoundMethod::call():35}()
#24 /home/rouqy-jewellery-api-faz/htdocs/api-faz.rouqy-jewellery.com/vendor/laravel/framework/src/Illuminate/Container/BoundMethod.php(96): Illuminate\\Container\\Util::unwrapIfClosure()
#25 /home/rouqy-jewellery-api-faz/htdocs/api-faz.rouqy-jewellery.com/vendor/laravel/framework/src/Illuminate/Container/BoundMethod.php(35): Illuminate\\Container\\BoundMethod::callBoundMethod()
#26 /home/rouqy-jewellery-api-faz/htdocs/api-faz.rouqy-jewellery.com/vendor/laravel/framework/src/Illuminate/Container/Container.php(799): Illuminate\\Container\\BoundMethod::call()
#27 /home/rouqy-jewellery-api-faz/htdocs/api-faz.rouqy-jewellery.com/vendor/laravel/framework/src/Illuminate/Console/Command.php(211): Illuminate\\Container\\Container->call()
#28 /home/rouqy-jewellery-api-faz/htdocs/api-faz.rouqy-jewellery.com/vendor/symfony/console/Command/Command.php(341): Illuminate\\Console\\Command->execute()
#29 /home/rouqy-jewellery-api-faz/htdocs/api-faz.rouqy-jewellery.com/vendor/laravel/framework/src/Illuminate/Console/Command.php(180): Symfony\\Component\\Console\\Command\\Command->run()
#30 /home/rouqy-jewellery-api-faz/htdocs/api-faz.rouqy-jewellery.com/vendor/symfony/console/Application.php(1117): Illuminate\\Console\\Command->run()
#31 /home/rouqy-jewellery-api-faz/htdocs/api-faz.rouqy-jewellery.com/vendor/symfony/console/Application.php(356): Symfony\\Component\\Console\\Application->doRunCommand()
#32 /home/rouqy-jewellery-api-faz/htdocs/api-faz.rouqy-jewellery.com/vendor/symfony/console/Application.php(195): Symfony\\Component\\Console\\Application->doRun()
#33 /home/rouqy-jewellery-api-faz/htdocs/api-faz.rouqy-jewellery.com/vendor/laravel/framework/src/Illuminate/Foundation/Console/Kernel.php(198): Symfony\\Component\\Console\\Application->run()
#34 /home/rouqy-jewellery-api-faz/htdocs/api-faz.rouqy-jewellery.com/vendor/laravel/framework/src/Illuminate/Foundation/Application.php(1235): Illuminate\\Foundation\\Console\\Kernel->handle()
#35 /home/rouqy-jewellery-api-faz/htdocs/api-faz.rouqy-jewellery.com/artisan(16): Illuminate\\Foundation\\Application->handleCommand()
#36 {main}
"} 
[2026-07-23 12:41:58] local.ERROR: company_certificate_not_ready {"exception":"[object] (RuntimeException(code: 0): company_certificate_not_ready at /home/rouqy-jewellery-api-faz/htdocs/api-faz.rouqy-jewellery.com/app/Services/Zatca/ZatcaInvoiceSigningService.php:36)
[stacktrace]
#0 /home/rouqy-jewellery-api-faz/htdocs/api-faz.rouqy-jewellery.com/app/Services/Zatca/ZatcaInvoiceProcessingService.php(63): App\\Services\\Zatca\\ZatcaInvoiceSigningService->sign()
#1 /home/rouqy-jewellery-api-faz/htdocs/api-faz.rouqy-jewellery.com/app/Jobs/SignInvoiceXmlJob.php(34): App\\Services\\Zatca\\ZatcaInvoiceProcessingService->signInvoice()
#2 /home/rouqy-jewellery-api-faz/htdocs/api-faz.rouqy-jewellery.com/vendor/laravel/framework/src/Illuminate/Container/BoundMethod.php(36): App\\Jobs\\SignInvoiceXmlJob->handle()
#3 /home/rouqy-jewellery-api-faz/htdocs/api-faz.rouqy-jewellery.com/vendor/laravel/framework/src/Illuminate/Container/Util.php(43): Illuminate\\Container\\BoundMethod::{closure:Illuminate\\Container\\BoundMethod::call():35}()
#4 /home/rouqy-jewellery-api-faz/htdocs/api-faz.rouqy-jewellery.com/vendor/laravel/framework/src/Illuminate/Container/BoundMethod.php(96): Illuminate\\Container\\Util::unwrapIfClosure()
#5 /home/rouqy-jewellery-api-faz/htdocs/api-faz.rouqy-jewellery.com/vendor/laravel/framework/src/Illuminate/Container/BoundMethod.php(35): Illuminate\\Container\\BoundMethod::callBoundMethod()
#6 /home/rouqy-jewellery-api-faz/htdocs/api-faz.rouqy-jewellery.com/vendor/laravel/framework/src/Illuminate/Container/Container.php(799): Illuminate\\Container\\BoundMethod::call()
#7 /home/rouqy-jewellery-api-faz/htdocs/api-faz.rouqy-jewellery.com/vendor/laravel/framework/src/Illuminate/Bus/Dispatcher.php(129): Illuminate\\Container\\Container->call()
#8 /home/rouqy-jewellery-api-faz/htdocs/api-faz.rouqy-jewellery.com/vendor/laravel/framework/src/Illuminate/Pipeline/Pipeline.php(180): Illuminate\\Bus\\Dispatcher->{closure:Illuminate\\Bus\\Dispatcher::dispatchNow():126}()
#9 /home/rouqy-jewellery-api-faz/htdocs/api-faz.rouqy-jewellery.com/vendor/laravel/framework/src/Illuminate/Pipeline/Pipeline.php(137): Illuminate\\Pipeline\\Pipeline->{closure:Illuminate\\Pipeline\\Pipeline::prepareDestination():178}()
#10 /home/rouqy-jewellery-api-faz/htdocs/api-faz.rouqy-jewellery.com/vendor/laravel/framework/src/Illuminate/Bus/Dispatcher.php(133): Illuminate\\Pipeline\\Pipeline->then()
#11 /home/rouqy-jewellery-api-faz/htdocs/api-faz.rouqy-jewellery.com/vendor/laravel/framework/src/Illuminate/Queue/CallQueuedHandler.php(136): Illuminate\\Bus\\Dispatcher->dispatchNow()
#12 /home/rouqy-jewellery-api-faz/htdocs/api-faz.rouqy-jewellery.com/vendor/laravel/framework/src/Illuminate/Pipeline/Pipeline.php(180): Illuminate\\Queue\\CallQueuedHandler->{closure:Illuminate\\Queue\\CallQueuedHandler::dispatchThroughMiddleware():129}()
#13 /home/rouqy-jewellery-api-faz/htdocs/api-faz.rouqy-jewellery.com/vendor/laravel/framework/src/Illuminate/Pipeline/Pipeline.php(137): Illuminate\\Pipeline\\Pipeline->{closure:Illuminate\\Pipeline\\Pipeline::prepareDestination():178}()
#14 /home/rouqy-jewellery-api-faz/htdocs/api-faz.rouqy-jewellery.com/vendor/laravel/framework/src/Illuminate/Queue/CallQueuedHandler.php(129): Illuminate\\Pipeline\\Pipeline->then()
#15 /home/rouqy-jewellery-api-faz/htdocs/api-faz.rouqy-jewellery.com/vendor/laravel/framework/src/Illuminate/Queue/CallQueuedHandler.php(70): Illuminate\\Queue\\CallQueuedHandler->dispatchThroughMiddleware()
#16 /home/rouqy-jewellery-api-faz/htdocs/api-faz.rouqy-jewellery.com/vendor/laravel/framework/src/Illuminate/Queue/Jobs/Job.php(102): Illuminate\\Queue\\CallQueuedHandler->call()
#17 /home/rouqy-jewellery-api-faz/htdocs/api-faz.rouqy-jewellery.com/vendor/laravel/framework/src/Illuminate/Queue/Worker.php(504): Illuminate\\Queue\\Jobs\\Job->fire()
#18 /home/rouqy-jewellery-api-faz/htdocs/api-faz.rouqy-jewellery.com/vendor/laravel/framework/src/Illuminate/Queue/Worker.php(454): Illuminate\\Queue\\Worker->process()
#19 /home/rouqy-jewellery-api-faz/htdocs/api-faz.rouqy-jewellery.com/vendor/laravel/framework/src/Illuminate/Queue/Worker.php(212): Illuminate\\Queue\\Worker->runJob()
#20 /home/rouqy-jewellery-api-faz/htdocs/api-faz.rouqy-jewellery.com/vendor/laravel/framework/src/Illuminate/Queue/Console/WorkCommand.php(149): Illuminate\\Queue\\Worker->daemon()
#21 /home/rouqy-jewellery-api-faz/htdocs/api-faz.rouqy-jewellery.com/vendor/laravel/framework/src/Illuminate/Queue/Console/WorkCommand.php(132): Illuminate\\Queue\\Console\\WorkCommand->runWorker()
#22 /home/rouqy-jewellery-api-faz/htdocs/api-faz.rouqy-jewellery.com/vendor/laravel/framework/src/Illuminate/Container/BoundMethod.php(36): Illuminate\\Queue\\Console\\WorkCommand->handle()
#23 /home/rouqy-jewellery-api-faz/htdocs/api-faz.rouqy-jewellery.com/vendor/laravel/framework/src/Illuminate/Container/Util.php(43): Illuminate\\Container\\BoundMethod::{closure:Illuminate\\Container\\BoundMethod::call():35}()
#24 /home/rouqy-jewellery-api-faz/htdocs/api-faz.rouqy-jewellery.com/vendor/laravel/framework/src/Illuminate/Container/BoundMethod.php(96): Illuminate\\Container\\Util::unwrapIfClosure()
#25 /home/rouqy-jewellery-api-faz/htdocs/api-faz.rouqy-jewellery.com/vendor/laravel/framework/src/Illuminate/Container/BoundMethod.php(35): Illuminate\\Container\\BoundMethod::callBoundMethod()
#26 /home/rouqy-jewellery-api-faz/htdocs/api-faz.rouqy-jewellery.com/vendor/laravel/framework/src/Illuminate/Container/Container.php(799): Illuminate\\Container\\BoundMethod::call()
#27 /home/rouqy-jewellery-api-faz/htdocs/api-faz.rouqy-jewellery.com/vendor/laravel/framework/src/Illuminate/Console/Command.php(211): Illuminate\\Container\\Container->call()
#28 /home/rouqy-jewellery-api-faz/htdocs/api-faz.rouqy-jewellery.com/vendor/symfony/console/Command/Command.php(341): Illuminate\\Console\\Command->execute()
#29 /home/rouqy-jewellery-api-faz/htdocs/api-faz.rouqy-jewellery.com/vendor/laravel/framework/src/Illuminate/Console/Command.php(180): Symfony\\Component\\Console\\Command\\Command->run()
#30 /home/rouqy-jewellery-api-faz/htdocs/api-faz.rouqy-jewellery.com/vendor/symfony/console/Application.php(1117): Illuminate\\Console\\Command->run()
#31 /home/rouqy-jewellery-api-faz/htdocs/api-faz.rouqy-jewellery.com/vendor/symfony/console/Application.php(356): Symfony\\Component\\Console\\Application->doRunCommand()
#32 /home/rouqy-jewellery-api-faz/htdocs/api-faz.rouqy-jewellery.com/vendor/symfony/console/Application.php(195): Symfony\\Component\\Console\\Application->doRun()
#33 /home/rouqy-jewellery-api-faz/htdocs/api-faz.rouqy-jewellery.com/vendor/laravel/framework/src/Illuminate/Foundation/Console/Kernel.php(198): Symfony\\Component\\Console\\Application->run()
#34 /home/rouqy-jewellery-api-faz/htdocs/api-faz.rouqy-jewellery.com/vendor/laravel/framework/src/Illuminate/Foundation/Application.php(1235): Illuminate\\Foundation\\Console\\Kernel->handle()
#35 /home/rouqy-jewellery-api-faz/htdocs/api-faz.rouqy-jewellery.com/artisan(16): Illuminate\\Foundation\\Application->handleCommand()
#36 {main}
"} 
[2026-07-23 12:41:58] local.ERROR: company_certificate_not_ready {"exception":"[object] (RuntimeException(code: 0): company_certificate_not_ready at /home/rouqy-jewellery-api-faz/htdocs/api-faz.rouqy-jewellery.com/app/Services/Zatca/ZatcaInvoiceSigningService.php:36)
[stacktrace]
#0 /home/rouqy-jewellery-api-faz/htdocs/api-faz.rouqy-jewellery.com/app/Services/Zatca/ZatcaInvoiceProcessingService.php(63): App\\Services\\Zatca\\ZatcaInvoiceSigningService->sign()
#1 /home/rouqy-jewellery-api-faz/htdocs/api-faz.rouqy-jewellery.com/app/Jobs/SignInvoiceXmlJob.php(34): App\\Services\\Zatca\\ZatcaInvoiceProcessingService->signInvoice()
#2 /home/rouqy-jewellery-api-faz/htdocs/api-faz.rouqy-jewellery.com/vendor/laravel/framework/src/Illuminate/Container/BoundMethod.php(36): App\\Jobs\\SignInvoiceXmlJob->handle()
#3 /home/rouqy-jewellery-api-faz/htdocs/api-faz.rouqy-jewellery.com/vendor/laravel/framework/src/Illuminate/Container/Util.php(43): Illuminate\\Container\\BoundMethod::{closure:Illuminate\\Container\\BoundMethod::call():35}()
#4 /home/rouqy-jewellery-api-faz/htdocs/api-faz.rouqy-jewellery.com/vendor/laravel/framework/src/Illuminate/Container/BoundMethod.php(96): Illuminate\\Container\\Util::unwrapIfClosure()
#5 /home/rouqy-jewellery-api-faz/htdocs/api-faz.rouqy-jewellery.com/vendor/laravel/framework/src/Illuminate/Container/BoundMethod.php(35): Illuminate\\Container\\BoundMethod::callBoundMethod()
#6 /home/rouqy-jewellery-api-faz/htdocs/api-faz.rouqy-jewellery.com/vendor/laravel/framework/src/Illuminate/Container/Container.php(799): Illuminate\\Container\\BoundMethod::call()
#7 /home/rouqy-jewellery-api-faz/htdocs/api-faz.rouqy-jewellery.com/vendor/laravel/framework/src/Illuminate/Bus/Dispatcher.php(129): Illuminate\\Container\\Container->call()
#8 /home/rouqy-jewellery-api-faz/htdocs/api-faz.rouqy-jewellery.com/vendor/laravel/framework/src/Illuminate/Pipeline/Pipeline.php(180): Illuminate\\Bus\\Dispatcher->{closure:Illuminate\\Bus\\Dispatcher::dispatchNow():126}()
#9 /home/rouqy-jewellery-api-faz/htdocs/api-faz.rouqy-jewellery.com/vendor/laravel/framework/src/Illuminate/Pipeline/Pipeline.php(137): Illuminate\\Pipeline\\Pipeline->{closure:Illuminate\\Pipeline\\Pipeline::prepareDestination():178}()
#10 /home/rouqy-jewellery-api-faz/htdocs/api-faz.rouqy-jewellery.com/vendor/laravel/framework/src/Illuminate/Bus/Dispatcher.php(133): Illuminate\\Pipeline\\Pipeline->then()
#11 /home/rouqy-jewellery-api-faz/htdocs/api-faz.rouqy-jewellery.com/vendor/laravel/framework/src/Illuminate/Queue/CallQueuedHandler.php(136): Illuminate\\Bus\\Dispatcher->dispatchNow()
#12 /home/rouqy-jewellery-api-faz/htdocs/api-faz.rouqy-jewellery.com/vendor/laravel/framework/src/Illuminate/Pipeline/Pipeline.php(180): Illuminate\\Queue\\CallQueuedHandler->{closure:Illuminate\\Queue\\CallQueuedHandler::dispatchThroughMiddleware():129}()
#13 /home/rouqy-jewellery-api-faz/htdocs/api-faz.rouqy-jewellery.com/vendor/laravel/framework/src/Illuminate/Pipeline/Pipeline.php(137): Illuminate\\Pipeline\\Pipeline->{closure:Illuminate\\Pipeline\\Pipeline::prepareDestination():178}()
#14 /home/rouqy-jewellery-api-faz/htdocs/api-faz.rouqy-jewellery.com/vendor/laravel/framework/src/Illuminate/Queue/CallQueuedHandler.php(129): Illuminate\\Pipeline\\Pipeline->then()
#15 /home/rouqy-jewellery-api-faz/htdocs/api-faz.rouqy-jewellery.com/vendor/laravel/framework/src/Illuminate/Queue/CallQueuedHandler.php(70): Illuminate\\Queue\\CallQueuedHandler->dispatchThroughMiddleware()
#16 /home/rouqy-jewellery-api-faz/htdocs/api-faz.rouqy-jewellery.com/vendor/laravel/framework/src/Illuminate/Queue/Jobs/Job.php(102): Illuminate\\Queue\\CallQueuedHandler->call()
#17 /home/rouqy-jewellery-api-faz/htdocs/api-faz.rouqy-jewellery.com/vendor/laravel/framework/src/Illuminate/Queue/Worker.php(504): Illuminate\\Queue\\Jobs\\Job->fire()
#18 /home/rouqy-jewellery-api-faz/htdocs/api-faz.rouqy-jewellery.com/vendor/laravel/framework/src/Illuminate/Queue/Worker.php(454): Illuminate\\Queue\\Worker->process()
#19 /home/rouqy-jewellery-api-faz/htdocs/api-faz.rouqy-jewellery.com/vendor/laravel/framework/src/Illuminate/Queue/Worker.php(212): Illuminate\\Queue\\Worker->runJob()
#20 /home/rouqy-jewellery-api-faz/htdocs/api-faz.rouqy-jewellery.com/vendor/laravel/framework/src/Illuminate/Queue/Console/WorkCommand.php(149): Illuminate\\Queue\\Worker->daemon()
#21 /home/rouqy-jewellery-api-faz/htdocs/api-faz.rouqy-jewellery.com/vendor/laravel/framework/src/Illuminate/Queue/Console/WorkCommand.php(132): Illuminate\\Queue\\Console\\WorkCommand->runWorker()
#22 /home/rouqy-jewellery-api-faz/htdocs/api-faz.rouqy-jewellery.com/vendor/laravel/framework/src/Illuminate/Container/BoundMethod.php(36): Illuminate\\Queue\\Console\\WorkCommand->handle()
#23 /home/rouqy-jewellery-api-faz/htdocs/api-faz.rouqy-jewellery.com/vendor/laravel/framework/src/Illuminate/Container/Util.php(43): Illuminate\\Container\\BoundMethod::{closure:Illuminate\\Container\\BoundMethod::call():35}()
#24 /home/rouqy-jewellery-api-faz/htdocs/api-faz.rouqy-jewellery.com/vendor/laravel/framework/src/Illuminate/Container/BoundMethod.php(96): Illuminate\\Container\\Util::unwrapIfClosure()
#25 /home/rouqy-jewellery-api-faz/htdocs/api-faz.rouqy-jewellery.com/vendor/laravel/framework/src/Illuminate/Container/BoundMethod.php(35): Illuminate\\Container\\BoundMethod::callBoundMethod()
#26 /home/rouqy-jewellery-api-faz/htdocs/api-faz.rouqy-jewellery.com/vendor/laravel/framework/src/Illuminate/Container/Container.php(799): Illuminate\\Container\\BoundMethod::call()
#27 /home/rouqy-jewellery-api-faz/htdocs/api-faz.rouqy-jewellery.com/vendor/laravel/framework/src/Illuminate/Console/Command.php(211): Illuminate\\Container\\Container->call()
#28 /home/rouqy-jewellery-api-faz/htdocs/api-faz.rouqy-jewellery.com/vendor/symfony/console/Command/Command.php(341): Illuminate\\Console\\Command->execute()
#29 /home/rouqy-jewellery-api-faz/htdocs/api-faz.rouqy-jewellery.com/vendor/laravel/framework/src/Illuminate/Console/Command.php(180): Symfony\\Component\\Console\\Command\\Command->run()
#30 /home/rouqy-jewellery-api-faz/htdocs/api-faz.rouqy-jewellery.com/vendor/symfony/console/Application.php(1117): Illuminate\\Console\\Command->run()
#31 /home/rouqy-jewellery-api-faz/htdocs/api-faz.rouqy-jewellery.com/vendor/symfony/console/Application.php(356): Symfony\\Component\\Console\\Application->doRunCommand()
#32 /home/rouqy-jewellery-api-faz/htdocs/api-faz.rouqy-jewellery.com/vendor/symfony/console/Application.php(195): Symfony\\Component\\Console\\Application->doRun()
#33 /home/rouqy-jewellery-api-faz/htdocs/api-faz.rouqy-jewellery.com/vendor/laravel/framework/src/Illuminate/Foundation/Console/Kernel.php(198): Symfony\\Component\\Console\\Application->run()
#34 /home/rouqy-jewellery-api-faz/htdocs/api-faz.rouqy-jewellery.com/vendor/laravel/framework/src/Illuminate/Foundation/Application.php(1235): Illuminate\\Foundation\\Console\\Kernel->handle()
#35 /home/rouqy-jewellery-api-faz/htdocs/api-faz.rouqy-jewellery.com/artisan(16): Illuminate\\Foundation\\Application->handleCommand()
#36 {main}
"} 
[2026-07-23 12:41:58] local.ERROR: company_certificate_not_ready {"exception":"[object] (RuntimeException(code: 0): company_certificate_not_ready at /home/rouqy-jewellery-api-faz/htdocs/api-faz.rouqy-jewellery.com/app/Services/Zatca/ZatcaInvoiceSigningService.php:36)
[stacktrace]
#0 /home/rouqy-jewellery-api-faz/htdocs/api-faz.rouqy-jewellery.com/app/Services/Zatca/ZatcaInvoiceProcessingService.php(63): App\\Services\\Zatca\\ZatcaInvoiceSigningService->sign()
#1 /home/rouqy-jewellery-api-faz/htdocs/api-faz.rouqy-jewellery.com/app/Jobs/SignInvoiceXmlJob.php(34): App\\Services\\Zatca\\ZatcaInvoiceProcessingService->signInvoice()
#2 /home/rouqy-jewellery-api-faz/htdocs/api-faz.rouqy-jewellery.com/vendor/laravel/framework/src/Illuminate/Container/BoundMethod.php(36): App\\Jobs\\SignInvoiceXmlJob->handle()
#3 /home/rouqy-jewellery-api-faz/htdocs/api-faz.rouqy-jewellery.com/vendor/laravel/framework/src/Illuminate/Container/Util.php(43): Illuminate\\Container\\BoundMethod::{closure:Illuminate\\Container\\BoundMethod::call():35}()
#4 /home/rouqy-jewellery-api-faz/htdocs/api-faz.rouqy-jewellery.com/vendor/laravel/framework/src/Illuminate/Container/BoundMethod.php(96): Illuminate\\Container\\Util::unwrapIfClosure()
#5 /home/rouqy-jewellery-api-faz/htdocs/api-faz.rouqy-jewellery.com/vendor/laravel/framework/src/Illuminate/Container/BoundMethod.php(35): Illuminate\\Container\\BoundMethod::callBoundMethod()
#6 /home/rouqy-jewellery-api-faz/htdocs/api-faz.rouqy-jewellery.com/vendor/laravel/framework/src/Illuminate/Container/Container.php(799): Illuminate\\Container\\BoundMethod::call()
#7 /home/rouqy-jewellery-api-faz/htdocs/api-faz.rouqy-jewellery.com/vendor/laravel/framework/src/Illuminate/Bus/Dispatcher.php(129): Illuminate\\Container\\Container->call()
#8 /home/rouqy-jewellery-api-faz/htdocs/api-faz.rouqy-jewellery.com/vendor/laravel/framework/src/Illuminate/Pipeline/Pipeline.php(180): Illuminate\\Bus\\Dispatcher->{closure:Illuminate\\Bus\\Dispatcher::dispatchNow():126}()
#9 /home/rouqy-jewellery-api-faz/htdocs/api-faz.rouqy-jewellery.com/vendor/laravel/framework/src/Illuminate/Pipeline/Pipeline.php(137): Illuminate\\Pipeline\\Pipeline->{closure:Illuminate\\Pipeline\\Pipeline::prepareDestination():178}()
#10 /home/rouqy-jewellery-api-faz/htdocs/api-faz.rouqy-jewellery.com/vendor/laravel/framework/src/Illuminate/Bus/Dispatcher.php(133): Illuminate\\Pipeline\\Pipeline->then()
#11 /home/rouqy-jewellery-api-faz/htdocs/api-faz.rouqy-jewellery.com/vendor/laravel/framework/src/Illuminate/Queue/CallQueuedHandler.php(136): Illuminate\\Bus\\Dispatcher->dispatchNow()
#12 /home/rouqy-jewellery-api-faz/htdocs/api-faz.rouqy-jewellery.com/vendor/laravel/framework/src/Illuminate/Pipeline/Pipeline.php(180): Illuminate\\Queue\\CallQueuedHandler->{closure:Illuminate\\Queue\\CallQueuedHandler::dispatchThroughMiddleware():129}()
#13 /home/rouqy-jewellery-api-faz/htdocs/api-faz.rouqy-jewellery.com/vendor/laravel/framework/src/Illuminate/Pipeline/Pipeline.php(137): Illuminate\\Pipeline\\Pipeline->{closure:Illuminate\\Pipeline\\Pipeline::prepareDestination():178}()
#14 /home/rouqy-jewellery-api-faz/htdocs/api-faz.rouqy-jewellery.com/vendor/laravel/framework/src/Illuminate/Queue/CallQueuedHandler.php(129): Illuminate\\Pipeline\\Pipeline->then()
#15 /home/rouqy-jewellery-api-faz/htdocs/api-faz.rouqy-jewellery.com/vendor/laravel/framework/src/Illuminate/Queue/CallQueuedHandler.php(70): Illuminate\\Queue\\CallQueuedHandler->dispatchThroughMiddleware()
#16 /home/rouqy-jewellery-api-faz/htdocs/api-faz.rouqy-jewellery.com/vendor/laravel/framework/src/Illuminate/Queue/Jobs/Job.php(102): Illuminate\\Queue\\CallQueuedHandler->call()
#17 /home/rouqy-jewellery-api-faz/htdocs/api-faz.rouqy-jewellery.com/vendor/laravel/framework/src/Illuminate/Queue/Worker.php(504): Illuminate\\Queue\\Jobs\\Job->fire()
#18 /home/rouqy-jewellery-api-faz/htdocs/api-faz.rouqy-jewellery.com/vendor/laravel/framework/src/Illuminate/Queue/Worker.php(454): Illuminate\\Queue\\Worker->process()
#19 /home/rouqy-jewellery-api-faz/htdocs/api-faz.rouqy-jewellery.com/vendor/laravel/framework/src/Illuminate/Queue/Worker.php(212): Illuminate\\Queue\\Worker->runJob()
#20 /home/rouqy-jewellery-api-faz/htdocs/api-faz.rouqy-jewellery.com/vendor/laravel/framework/src/Illuminate/Queue/Console/WorkCommand.php(149): Illuminate\\Queue\\Worker->daemon()
#21 /home/rouqy-jewellery-api-faz/htdocs/api-faz.rouqy-jewellery.com/vendor/laravel/framework/src/Illuminate/Queue/Console/WorkCommand.php(132): Illuminate\\Queue\\Console\\WorkCommand->runWorker()
#22 /home/rouqy-jewellery-api-faz/htdocs/api-faz.rouqy-jewellery.com/vendor/laravel/framework/src/Illuminate/Container/BoundMethod.php(36): Illuminate\\Queue\\Console\\WorkCommand->handle()
#23 /home/rouqy-jewellery-api-faz/htdocs/api-faz.rouqy-jewellery.com/vendor/laravel/framework/src/Illuminate/Container/Util.php(43): Illuminate\\Container\\BoundMethod::{closure:Illuminate\\Container\\BoundMethod::call():35}()
#24 /home/rouqy-jewellery-api-faz/htdocs/api-faz.rouqy-jewellery.com/vendor/laravel/framework/src/Illuminate/Container/BoundMethod.php(96): Illuminate\\Container\\Util::unwrapIfClosure()
#25 /home/rouqy-jewellery-api-faz/htdocs/api-faz.rouqy-jewellery.com/vendor/laravel/framework/src/Illuminate/Container/BoundMethod.php(35): Illuminate\\Container\\BoundMethod::callBoundMethod()
#26 /home/rouqy-jewellery-api-faz/htdocs/api-faz.rouqy-jewellery.com/vendor/laravel/framework/src/Illuminate/Container/Container.php(799): Illuminate\\Container\\BoundMethod::call()
#27 /home/rouqy-jewellery-api-faz/htdocs/api-faz.rouqy-jewellery.com/vendor/laravel/framework/src/Illuminate/Console/Command.php(211): Illuminate\\Container\\Container->call()
#28 /home/rouqy-jewellery-api-faz/htdocs/api-faz.rouqy-jewellery.com/vendor/symfony/console/Command/Command.php(341): Illuminate\\Console\\Command->execute()
#29 /home/rouqy-jewellery-api-faz/htdocs/api-faz.rouqy-jewellery.com/vendor/laravel/framework/src/Illuminate/Console/Command.php(180): Symfony\\Component\\Console\\Command\\Command->run()
#30 /home/rouqy-jewellery-api-faz/htdocs/api-faz.rouqy-jewellery.com/vendor/symfony/console/Application.php(1117): Illuminate\\Console\\Command->run()
#31 /home/rouqy-jewellery-api-faz/htdocs/api-faz.rouqy-jewellery.com/vendor/symfony/console/Application.php(356): Symfony\\Component\\Console\\Application->doRunCommand()
#32 /home/rouqy-jewellery-api-faz/htdocs/api-faz.rouqy-jewellery.com/vendor/symfony/console/Application.php(195): Symfony\\Component\\Console\\Application->doRun()
#33 /home/rouqy-jewellery-api-faz/htdocs/api-faz.rouqy-jewellery.com/vendor/laravel/framework/src/Illuminate/Foundation/Console/Kernel.php(198): Symfony\\Component\\Console\\Application->run()
#34 /home/rouqy-jewellery-api-faz/htdocs/api-faz.rouqy-jewellery.com/vendor/laravel/framework/src/Illuminate/Foundation/Application.php(1235): Illuminate\\Foundation\\Console\\Kernel->handle()
#35 /home/rouqy-jewellery-api-faz/htdocs/api-faz.rouqy-jewellery.com/artisan(16): Illuminate\\Foundation\\Application->handleCommand()
#36 {main}
"} 
[2026-07-23 12:41:58] local.ERROR: The payload is invalid. {"exception":"[object] (Illuminate\\Contracts\\Encryption\\DecryptException(code: 0): The payload is invalid. at /home/rouqy-jewellery-api-faz/htdocs/api-faz.rouqy-jewellery.com/vendor/laravel/framework/src/Illuminate/Encryption/Encrypter.php:244)
[stacktrace]
#0 /home/rouqy-jewellery-api-faz/htdocs/api-faz.rouqy-jewellery.com/vendor/laravel/framework/src/Illuminate/Encryption/Encrypter.php(157): Illuminate\\Encryption\\Encrypter->getJsonPayload()
#1 /home/rouqy-jewellery-api-faz/htdocs/api-faz.rouqy-jewellery.com/vendor/laravel/framework/src/Illuminate/Database/Eloquent/Concerns/HasAttributes.php(1428): Illuminate\\Encryption\\Encrypter->decrypt()
#2 /home/rouqy-jewellery-api-faz/htdocs/api-faz.rouqy-jewellery.com/vendor/laravel/framework/src/Illuminate/Database/Eloquent/Concerns/HasAttributes.php(844): Illuminate\\Database\\Eloquent\\Model->fromEncryptedString()
#3 /home/rouqy-jewellery-api-faz/htdocs/api-faz.rouqy-jewellery.com/vendor/laravel/framework/src/Illuminate/Database/Eloquent/Concerns/HasAttributes.php(2403): Illuminate\\Database\\Eloquent\\Model->castAttribute()
#4 /home/rouqy-jewellery-api-faz/htdocs/api-faz.rouqy-jewellery.com/vendor/laravel/framework/src/Illuminate/Database/Eloquent/Concerns/HasAttributes.php(529): Illuminate\\Database\\Eloquent\\Model->transformModelValue()
#5 /home/rouqy-jewellery-api-faz/htdocs/api-faz.rouqy-jewellery.com/vendor/laravel/framework/src/Illuminate/Database/Eloquent/Concerns/HasAttributes.php(483): Illuminate\\Database\\Eloquent\\Model->getAttributeValue()
#6 /home/rouqy-jewellery-api-faz/htdocs/api-faz.rouqy-jewellery.com/vendor/laravel/framework/src/Illuminate/Database/Eloquent/Model.php(2427): Illuminate\\Database\\Eloquent\\Model->getAttribute()
#7 /home/rouqy-jewellery-api-faz/htdocs/api-faz.rouqy-jewellery.com/app/Services/Zatca/ZatcaInvoiceSigningService.php(35): Illuminate\\Database\\Eloquent\\Model->__get()
#8 /home/rouqy-jewellery-api-faz/htdocs/api-faz.rouqy-jewellery.com/app/Services/Zatca/ZatcaInvoiceProcessingService.php(63): App\\Services\\Zatca\\ZatcaInvoiceSigningService->sign()
#9 /home/rouqy-jewellery-api-faz/htdocs/api-faz.rouqy-jewellery.com/app/Jobs/SignInvoiceXmlJob.php(34): App\\Services\\Zatca\\ZatcaInvoiceProcessingService->signInvoice()
#10 /home/rouqy-jewellery-api-faz/htdocs/api-faz.rouqy-jewellery.com/vendor/laravel/framework/src/Illuminate/Container/BoundMethod.php(36): App\\Jobs\\SignInvoiceXmlJob->handle()
#11 /home/rouqy-jewellery-api-faz/htdocs/api-faz.rouqy-jewellery.com/vendor/laravel/framework/src/Illuminate/Container/Util.php(43): Illuminate\\Container\\BoundMethod::{closure:Illuminate\\Container\\BoundMethod::call():35}()
#12 /home/rouqy-jewellery-api-faz/htdocs/api-faz.rouqy-jewellery.com/vendor/laravel/framework/src/Illuminate/Container/BoundMethod.php(96): Illuminate\\Container\\Util::unwrapIfClosure()
#13 /home/rouqy-jewellery-api-faz/htdocs/api-faz.rouqy-jewellery.com/vendor/laravel/framework/src/Illuminate/Container/BoundMethod.php(35): Illuminate\\Container\\BoundMethod::callBoundMethod()
#14 /home/rouqy-jewellery-api-faz/htdocs/api-faz.rouqy-jewellery.com/vendor/laravel/framework/src/Illuminate/Container/Container.php(799): Illuminate\\Container\\BoundMethod::call()
#15 /home/rouqy-jewellery-api-faz/htdocs/api-faz.rouqy-jewellery.com/vendor/laravel/framework/src/Illuminate/Bus/Dispatcher.php(129): Illuminate\\Container\\Container->call()
#16 /home/rouqy-jewellery-api-faz/htdocs/api-faz.rouqy-jewellery.com/vendor/laravel/framework/src/Illuminate/Pipeline/Pipeline.php(180): Illuminate\\Bus\\Dispatcher->{closure:Illuminate\\Bus\\Dispatcher::dispatchNow():126}()
#17 /home/rouqy-jewellery-api-faz/htdocs/api-faz.rouqy-jewellery.com/vendor/laravel/framework/src/Illuminate/Pipeline/Pipeline.php(137): Illuminate\\Pipeline\\Pipeline->{closure:Illuminate\\Pipeline\\Pipeline::prepareDestination():178}()
#18 /home/rouqy-jewellery-api-faz/htdocs/api-faz.rouqy-jewellery.com/vendor/laravel/framework/src/Illuminate/Bus/Dispatcher.php(133): Illuminate\\Pipeline\\Pipeline->then()
#19 /home/rouqy-jewellery-api-faz/htdocs/api-faz.rouqy-jewellery.com/vendor/laravel/framework/src/Illuminate/Queue/CallQueuedHandler.php(136): Illuminate\\Bus\\Dispatcher->dispatchNow()
#20 /home/rouqy-jewellery-api-faz/htdocs/api-faz.rouqy-jewellery.com/vendor/laravel/framework/src/Illuminate/Pipeline/Pipeline.php(180): Illuminate\\Queue\\CallQueuedHandler->{closure:Illuminate\\Queue\\CallQueuedHandler::dispatchThroughMiddleware():129}()
#21 /home/rouqy-jewellery-api-faz/htdocs/api-faz.rouqy-jewellery.com/vendor/laravel/framework/src/Illuminate/Pipeline/Pipeline.php(137): Illuminate\\Pipeline\\Pipeline->{closure:Illuminate\\Pipeline\\Pipeline::prepareDestination():178}()
#22 /home/rouqy-jewellery-api-faz/htdocs/api-faz.rouqy-jewellery.com/vendor/laravel/framework/src/Illuminate/Queue/CallQueuedHandler.php(129): Illuminate\\Pipeline\\Pipeline->then()
#23 /home/rouqy-jewellery-api-faz/htdocs/api-faz.rouqy-jewellery.com/vendor/laravel/framework/src/Illuminate/Queue/CallQueuedHandler.php(70): Illuminate\\Queue\\CallQueuedHandler->dispatchThroughMiddleware()
#24 /home/rouqy-jewellery-api-faz/htdocs/api-faz.rouqy-jewellery.com/vendor/laravel/framework/src/Illuminate/Queue/Jobs/Job.php(102): Illuminate\\Queue\\CallQueuedHandler->call()
#25 /home/rouqy-jewellery-api-faz/htdocs/api-faz.rouqy-jewellery.com/vendor/laravel/framework/src/Illuminate/Queue/Worker.php(504): Illuminate\\Queue\\Jobs\\Job->fire()
#26 /home/rouqy-jewellery-api-faz/htdocs/api-faz.rouqy-jewellery.com/vendor/laravel/framework/src/Illuminate/Queue/Worker.php(454): Illuminate\\Queue\\Worker->process()
#27 /home/rouqy-jewellery-api-faz/htdocs/api-faz.rouqy-jewellery.com/vendor/laravel/framework/src/Illuminate/Queue/Worker.php(212): Illuminate\\Queue\\Worker->runJob()
#28 /home/rouqy-jewellery-api-faz/htdocs/api-faz.rouqy-jewellery.com/vendor/laravel/framework/src/Illuminate/Queue/Console/WorkCommand.php(149): Illuminate\\Queue\\Worker->daemon()
#29 /home/rouqy-jewellery-api-faz/htdocs/api-faz.rouqy-jewellery.com/vendor/laravel/framework/src/Illuminate/Queue/Console/WorkCommand.php(132): Illuminate\\Queue\\Console\\WorkCommand->runWorker()
#30 /home/rouqy-jewellery-api-faz/htdocs/api-faz.rouqy-jewellery.com/vendor/laravel/framework/src/Illuminate/Container/BoundMethod.php(36): Illuminate\\Queue\\Console\\WorkCommand->handle()
#31 /home/rouqy-jewellery-api-faz/htdocs/api-faz.rouqy-jewellery.com/vendor/laravel/framework/src/Illuminate/Container/Util.php(43): Illuminate\\Container\\BoundMethod::{closure:Illuminate\\Container\\BoundMethod::call():35}()
#32 /home/rouqy-jewellery-api-faz/htdocs/api-faz.rouqy-jewellery.com/vendor/laravel/framework/src/Illuminate/Container/BoundMethod.php(96): Illuminate\\Container\\Util::unwrapIfClosure()
#33 /home/rouqy-jewellery-api-faz/htdocs/api-faz.rouqy-jewellery.com/vendor/laravel/framework/src/Illuminate/Container/BoundMethod.php(35): Illuminate\\Container\\BoundMethod::callBoundMethod()
#34 /home/rouqy-jewellery-api-faz/htdocs/api-faz.rouqy-jewellery.com/vendor/laravel/framework/src/Illuminate/Container/Container.php(799): Illuminate\\Container\\BoundMethod::call()
#35 /home/rouqy-jewellery-api-faz/htdocs/api-faz.rouqy-jewellery.com/vendor/laravel/framework/src/Illuminate/Console/Command.php(211): Illuminate\\Container\\Container->call()
#36 /home/rouqy-jewellery-api-faz/htdocs/api-faz.rouqy-jewellery.com/vendor/symfony/console/Command/Command.php(341): Illuminate\\Console\\Command->execute()
#37 /home/rouqy-jewellery-api-faz/htdocs/api-faz.rouqy-jewellery.com/vendor/laravel/framework/src/Illuminate/Console/Command.php(180): Symfony\\Component\\Console\\Command\\Command->run()
#38 /home/rouqy-jewellery-api-faz/htdocs/api-faz.rouqy-jewellery.com/vendor/symfony/console/Application.php(1117): Illuminate\\Console\\Command->run()
#39 /home/rouqy-jewellery-api-faz/htdocs/api-faz.rouqy-jewellery.com/vendor/symfony/console/Application.php(356): Symfony\\Component\\Console\\Application->doRunCommand()
#40 /home/rouqy-jewellery-api-faz/htdocs/api-faz.rouqy-jewellery.com/vendor/symfony/console/Application.php(195): Symfony\\Component\\Console\\Application->doRun()
#41 /home/rouqy-jewellery-api-faz/htdocs/api-faz.rouqy-jewellery.com/vendor/laravel/framework/src/Illuminate/Foundation/Console/Kernel.php(198): Symfony\\Component\\Console\\Application->run()
#42 /home/rouqy-jewellery-api-faz/htdocs/api-faz.rouqy-jewellery.com/vendor/laravel/framework/src/Illuminate/Foundation/Application.php(1235): Illuminate\\Foundation\\Console\\Kernel->handle()
#43 /home/rouqy-jewellery-api-faz/htdocs/api-faz.rouqy-jewellery.com/artisan(16): Illuminate\\Foundation\\Application->handleCommand()
#44 {main}
"} 
[2026-07-23 12:41:58] local.ERROR: The payload is invalid. {"exception":"[object] (Illuminate\\Contracts\\Encryption\\DecryptException(code: 0): The payload is invalid. at /home/rouqy-jewellery-api-faz/htdocs/api-faz.rouqy-jewellery.com/vendor/laravel/framework/src/Illuminate/Encryption/Encrypter.php:244)
[stacktrace]
#0 /home/rouqy-jewellery-api-faz/htdocs/api-faz.rouqy-jewellery.com/vendor/laravel/framework/src/Illuminate/Encryption/Encrypter.php(157): Illuminate\\Encryption\\Encrypter->getJsonPayload()
#1 /home/rouqy-jewellery-api-faz/htdocs/api-faz.rouqy-jewellery.com/vendor/laravel/framework/src/Illuminate/Database/Eloquent/Concerns/HasAttributes.php(1428): Illuminate\\Encryption\\Encrypter->decrypt()
#2 /home/rouqy-jewellery-api-faz/htdocs/api-faz.rouqy-jewellery.com/vendor/laravel/framework/src/Illuminate/Database/Eloquent/Concerns/HasAttributes.php(844): Illuminate\\Database\\Eloquent\\Model->fromEncryptedString()
#3 /home/rouqy-jewellery-api-faz/htdocs/api-faz.rouqy-jewellery.com/vendor/laravel/framework/src/Illuminate/Database/Eloquent/Concerns/HasAttributes.php(2403): Illuminate\\Database\\Eloquent\\Model->castAttribute()
#4 /home/rouqy-jewellery-api-faz/htdocs/api-faz.rouqy-jewellery.com/vendor/laravel/framework/src/Illuminate/Database/Eloquent/Concerns/HasAttributes.php(529): Illuminate\\Database\\Eloquent\\Model->transformModelValue()
#5 /home/rouqy-jewellery-api-faz/htdocs/api-faz.rouqy-jewellery.com/vendor/laravel/framework/src/Illuminate/Database/Eloquent/Concerns/HasAttributes.php(483): Illuminate\\Database\\Eloquent\\Model->getAttributeValue()
#6 /home/rouqy-jewellery-api-faz/htdocs/api-faz.rouqy-jewellery.com/vendor/laravel/framework/src/Illuminate/Database/Eloquent/Model.php(2427): Illuminate\\Database\\Eloquent\\Model->getAttribute()
#7 /home/rouqy-jewellery-api-faz/htdocs/api-faz.rouqy-jewellery.com/app/Services/Zatca/ZatcaInvoiceSigningService.php(35): Illuminate\\Database\\Eloquent\\Model->__get()
#8 /home/rouqy-jewellery-api-faz/htdocs/api-faz.rouqy-jewellery.com/app/Services/Zatca/ZatcaInvoiceProcessingService.php(63): App\\Services\\Zatca\\ZatcaInvoiceSigningService->sign()
#9 /home/rouqy-jewellery-api-faz/htdocs/api-faz.rouqy-jewellery.com/app/Jobs/SignInvoiceXmlJob.php(34): App\\Services\\Zatca\\ZatcaInvoiceProcessingService->signInvoice()
#10 /home/rouqy-jewellery-api-faz/htdocs/api-faz.rouqy-jewellery.com/vendor/laravel/framework/src/Illuminate/Container/BoundMethod.php(36): App\\Jobs\\SignInvoiceXmlJob->handle()
#11 /home/rouqy-jewellery-api-faz/htdocs/api-faz.rouqy-jewellery.com/vendor/laravel/framework/src/Illuminate/Container/Util.php(43): Illuminate\\Container\\BoundMethod::{closure:Illuminate\\Container\\BoundMethod::call():35}()
#12 /home/rouqy-jewellery-api-faz/htdocs/api-faz.rouqy-jewellery.com/vendor/laravel/framework/src/Illuminate/Container/BoundMethod.php(96): Illuminate\\Container\\Util::unwrapIfClosure()
#13 /home/rouqy-jewellery-api-faz/htdocs/api-faz.rouqy-jewellery.com/vendor/laravel/framework/src/Illuminate/Container/BoundMethod.php(35): Illuminate\\Container\\BoundMethod::callBoundMethod()
#14 /home/rouqy-jewellery-api-faz/htdocs/api-faz.rouqy-jewellery.com/vendor/laravel/framework/src/Illuminate/Container/Container.php(799): Illuminate\\Container\\BoundMethod::call()
#15 /home/rouqy-jewellery-api-faz/htdocs/api-faz.rouqy-jewellery.com/vendor/laravel/framework/src/Illuminate/Bus/Dispatcher.php(129): Illuminate\\Container\\Container->call()
#16 /home/rouqy-jewellery-api-faz/htdocs/api-faz.rouqy-jewellery.com/vendor/laravel/framework/src/Illuminate/Pipeline/Pipeline.php(180): Illuminate\\Bus\\Dispatcher->{closure:Illuminate\\Bus\\Dispatcher::dispatchNow():126}()
#17 /home/rouqy-jewellery-api-faz/htdocs/api-faz.rouqy-jewellery.com/vendor/laravel/framework/src/Illuminate/Pipeline/Pipeline.php(137): Illuminate\\Pipeline\\Pipeline->{closure:Illuminate\\Pipeline\\Pipeline::prepareDestination():178}()
#18 /home/rouqy-jewellery-api-faz/htdocs/api-faz.rouqy-jewellery.com/vendor/laravel/framework/src/Illuminate/Bus/Dispatcher.php(133): Illuminate\\Pipeline\\Pipeline->then()
#19 /home/rouqy-jewellery-api-faz/htdocs/api-faz.rouqy-jewellery.com/vendor/laravel/framework/src/Illuminate/Queue/CallQueuedHandler.php(136): Illuminate\\Bus\\Dispatcher->dispatchNow()
#20 /home/rouqy-jewellery-api-faz/htdocs/api-faz.rouqy-jewellery.com/vendor/laravel/framework/src/Illuminate/Pipeline/Pipeline.php(180): Illuminate\\Queue\\CallQueuedHandler->{closure:Illuminate\\Queue\\CallQueuedHandler::dispatchThroughMiddleware():129}()
#21 /home/rouqy-jewellery-api-faz/htdocs/api-faz.rouqy-jewellery.com/vendor/laravel/framework/src/Illuminate/Pipeline/Pipeline.php(137): Illuminate\\Pipeline\\Pipeline->{closure:Illuminate\\Pipeline\\Pipeline::prepareDestination():178}()
#22 /home/rouqy-jewellery-api-faz/htdocs/api-faz.rouqy-jewellery.com/vendor/laravel/framework/src/Illuminate/Queue/CallQueuedHandler.php(129): Illuminate\\Pipeline\\Pipeline->then()
#23 /home/rouqy-jewellery-api-faz/htdocs/api-faz.rouqy-jewellery.com/vendor/laravel/framework/src/Illuminate/Queue/CallQueuedHandler.php(70): Illuminate\\Queue\\CallQueuedHandler->dispatchThroughMiddleware()
#24 /home/rouqy-jewellery-api-faz/htdocs/api-faz.rouqy-jewellery.com/vendor/laravel/framework/src/Illuminate/Queue/Jobs/Job.php(102): Illuminate\\Queue\\CallQueuedHandler->call()
#25 /home/rouqy-jewellery-api-faz/htdocs/api-faz.rouqy-jewellery.com/vendor/laravel/framework/src/Illuminate/Queue/Worker.php(504): Illuminate\\Queue\\Jobs\\Job->fire()
#26 /home/rouqy-jewellery-api-faz/htdocs/api-faz.rouqy-jewellery.com/vendor/laravel/framework/src/Illuminate/Queue/Worker.php(454): Illuminate\\Queue\\Worker->process()
#27 /home/rouqy-jewellery-api-faz/htdocs/api-faz.rouqy-jewellery.com/vendor/laravel/framework/src/Illuminate/Queue/Worker.php(212): Illuminate\\Queue\\Worker->runJob()
#28 /home/rouqy-jewellery-api-faz/htdocs/api-faz.rouqy-jewellery.com/vendor/laravel/framework/src/Illuminate/Queue/Console/WorkCommand.php(149): Illuminate\\Queue\\Worker->daemon()
#29 /home/rouqy-jewellery-api-faz/htdocs/api-faz.rouqy-jewellery.com/vendor/laravel/framework/src/Illuminate/Queue/Console/WorkCommand.php(132): Illuminate\\Queue\\Console\\WorkCommand->runWorker()
#30 /home/rouqy-jewellery-api-faz/htdocs/api-faz.rouqy-jewellery.com/vendor/laravel/framework/src/Illuminate/Container/BoundMethod.php(36): Illuminate\\Queue\\Console\\WorkCommand->handle()
#31 /home/rouqy-jewellery-api-faz/htdocs/api-faz.rouqy-jewellery.com/vendor/laravel/framework/src/Illuminate/Container/Util.php(43): Illuminate\\Container\\BoundMethod::{closure:Illuminate\\Container\\BoundMethod::call():35}()
#32 /home/rouqy-jewellery-api-faz/htdocs/api-faz.rouqy-jewellery.com/vendor/laravel/framework/src/Illuminate/Container/BoundMethod.php(96): Illuminate\\Container\\Util::unwrapIfClosure()
#33 /home/rouqy-jewellery-api-faz/htdocs/api-faz.rouqy-jewellery.com/vendor/laravel/framework/src/Illuminate/Container/BoundMethod.php(35): Illuminate\\Container\\BoundMethod::callBoundMethod()
#34 /home/rouqy-jewellery-api-faz/htdocs/api-faz.rouqy-jewellery.com/vendor/laravel/framework/src/Illuminate/Container/Container.php(799): Illuminate\\Container\\BoundMethod::call()
#35 /home/rouqy-jewellery-api-faz/htdocs/api-faz.rouqy-jewellery.com/vendor/laravel/framework/src/Illuminate/Console/Command.php(211): Illuminate\\Container\\Container->call()
#36 /home/rouqy-jewellery-api-faz/htdocs/api-faz.rouqy-jewellery.com/vendor/symfony/console/Command/Command.php(341): Illuminate\\Console\\Command->execute()
#37 /home/rouqy-jewellery-api-faz/htdocs/api-faz.rouqy-jewellery.com/vendor/laravel/framework/src/Illuminate/Console/Command.php(180): Symfony\\Component\\Console\\Command\\Command->run()
#38 /home/rouqy-jewellery-api-faz/htdocs/api-faz.rouqy-jewellery.com/vendor/symfony/console/Application.php(1117): Illuminate\\Console\\Command->run()
#39 /home/rouqy-jewellery-api-faz/htdocs/api-faz.rouqy-jewellery.com/vendor/symfony/console/Application.php(356): Symfony\\Component\\Console\\Application->doRunCommand()
#40 /home/rouqy-jewellery-api-faz/htdocs/api-faz.rouqy-jewellery.com/vendor/symfony/console/Application.php(195): Symfony\\Component\\Console\\Application->doRun()
#41 /home/rouqy-jewellery-api-faz/htdocs/api-faz.rouqy-jewellery.com/vendor/laravel/framework/src/Illuminate/Foundation/Console/Kernel.php(198): Symfony\\Component\\Console\\Application->run()
#42 /home/rouqy-jewellery-api-faz/htdocs/api-faz.rouqy-jewellery.com/vendor/laravel/framework/src/Illuminate/Foundation/Application.php(1235): Illuminate\\Foundation\\Console\\Kernel->handle()
#43 /home/rouqy-jewellery-api-faz/htdocs/api-faz.rouqy-jewellery.com/artisan(16): Illuminate\\Foundation\\Application->handleCommand()
#44 {main}
"} 
[2026-07-23 12:42:16] local.ERROR: company_certificate_not_ready {"exception":"[object] (RuntimeException(code: 0): company_certificate_not_ready at /home/rouqy-jewellery-api-faz/htdocs/api-faz.rouqy-jewellery.com/app/Services/Zatca/ZatcaSubmissionService.php:37)
[stacktrace]
#0 /home/rouqy-jewellery-api-faz/htdocs/api-faz.rouqy-jewellery.com/app/Jobs/SubmitInvoiceToZatcaJob.php(39): App\\Services\\Zatca\\ZatcaSubmissionService->submit()
#1 /home/rouqy-jewellery-api-faz/htdocs/api-faz.rouqy-jewellery.com/vendor/laravel/framework/src/Illuminate/Container/BoundMethod.php(36): App\\Jobs\\SubmitInvoiceToZatcaJob->handle()
#2 /home/rouqy-jewellery-api-faz/htdocs/api-faz.rouqy-jewellery.com/vendor/laravel/framework/src/Illuminate/Container/Util.php(43): Illuminate\\Container\\BoundMethod::{closure:Illuminate\\Container\\BoundMethod::call():35}()
#3 /home/rouqy-jewellery-api-faz/htdocs/api-faz.rouqy-jewellery.com/vendor/laravel/framework/src/Illuminate/Container/BoundMethod.php(96): Illuminate\\Container\\Util::unwrapIfClosure()
#4 /home/rouqy-jewellery-api-faz/htdocs/api-faz.rouqy-jewellery.com/vendor/laravel/framework/src/Illuminate/Container/BoundMethod.php(35): Illuminate\\Container\\BoundMethod::callBoundMethod()
#5 /home/rouqy-jewellery-api-faz/htdocs/api-faz.rouqy-jewellery.com/vendor/laravel/framework/src/Illuminate/Container/Container.php(799): Illuminate\\Container\\BoundMethod::call()
#6 /home/rouqy-jewellery-api-faz/htdocs/api-faz.rouqy-jewellery.com/vendor/laravel/framework/src/Illuminate/Bus/Dispatcher.php(129): Illuminate\\Container\\Container->call()
#7 /home/rouqy-jewellery-api-faz/htdocs/api-faz.rouqy-jewellery.com/vendor/laravel/framework/src/Illuminate/Pipeline/Pipeline.php(180): Illuminate\\Bus\\Dispatcher->{closure:Illuminate\\Bus\\Dispatcher::dispatchNow():126}()
#8 /home/rouqy-jewellery-api-faz/htdocs/api-faz.rouqy-jewellery.com/vendor/laravel/framework/src/Illuminate/Pipeline/Pipeline.php(137): Illuminate\\Pipeline\\Pipeline->{closure:Illuminate\\Pipeline\\Pipeline::prepareDestination():178}()
#9 /home/rouqy-jewellery-api-faz/htdocs/api-faz.rouqy-jewellery.com/vendor/laravel/framework/src/Illuminate/Bus/Dispatcher.php(133): Illuminate\\Pipeline\\Pipeline->then()
#10 /home/rouqy-jewellery-api-faz/htdocs/api-faz.rouqy-jewellery.com/vendor/laravel/framework/src/Illuminate/Queue/CallQueuedHandler.php(136): Illuminate\\Bus\\Dispatcher->dispatchNow()
#11 /home/rouqy-jewellery-api-faz/htdocs/api-faz.rouqy-jewellery.com/vendor/laravel/framework/src/Illuminate/Pipeline/Pipeline.php(180): Illuminate\\Queue\\CallQueuedHandler->{closure:Illuminate\\Queue\\CallQueuedHandler::dispatchThroughMiddleware():129}()
#12 /home/rouqy-jewellery-api-faz/htdocs/api-faz.rouqy-jewellery.com/vendor/laravel/framework/src/Illuminate/Pipeline/Pipeline.php(137): Illuminate\\Pipeline\\Pipeline->{closure:Illuminate\\Pipeline\\Pipeline::prepareDestination():178}()
#13 /home/rouqy-jewellery-api-faz/htdocs/api-faz.rouqy-jewellery.com/vendor/laravel/framework/src/Illuminate/Queue/CallQueuedHandler.php(129): Illuminate\\Pipeline\\Pipeline->then()
#14 /home/rouqy-jewellery-api-faz/htdocs/api-faz.rouqy-jewellery.com/vendor/laravel/framework/src/Illuminate/Queue/CallQueuedHandler.php(70): Illuminate\\Queue\\CallQueuedHandler->dispatchThroughMiddleware()
#15 /home/rouqy-jewellery-api-faz/htdocs/api-faz.rouqy-jewellery.com/vendor/laravel/framework/src/Illuminate/Queue/Jobs/Job.php(102): Illuminate\\Queue\\CallQueuedHandler->call()
#16 /home/rouqy-jewellery-api-faz/htdocs/api-faz.rouqy-jewellery.com/vendor/laravel/framework/src/Illuminate/Queue/Worker.php(504): Illuminate\\Queue\\Jobs\\Job->fire()
#17 /home/rouqy-jewellery-api-faz/htdocs/api-faz.rouqy-jewellery.com/vendor/laravel/framework/src/Illuminate/Queue/Worker.php(454): Illuminate\\Queue\\Worker->process()
#18 /home/rouqy-jewellery-api-faz/htdocs/api-faz.rouqy-jewellery.com/vendor/laravel/framework/src/Illuminate/Queue/Worker.php(212): Illuminate\\Queue\\Worker->runJob()
#19 /home/rouqy-jewellery-api-faz/htdocs/api-faz.rouqy-jewellery.com/vendor/laravel/framework/src/Illuminate/Queue/Console/WorkCommand.php(149): Illuminate\\Queue\\Worker->daemon()
#20 /home/rouqy-jewellery-api-faz/htdocs/api-faz.rouqy-jewellery.com/vendor/laravel/framework/src/Illuminate/Queue/Console/WorkCommand.php(132): Illuminate\\Queue\\Console\\WorkCommand->runWorker()
#21 /home/rouqy-jewellery-api-faz/htdocs/api-faz.rouqy-jewellery.com/vendor/laravel/framework/src/Illuminate/Container/BoundMethod.php(36): Illuminate\\Queue\\Console\\WorkCommand->handle()
#22 /home/rouqy-jewellery-api-faz/htdocs/api-faz.rouqy-jewellery.com/vendor/laravel/framework/src/Illuminate/Container/Util.php(43): Illuminate\\Container\\BoundMethod::{closure:Illuminate\\Container\\BoundMethod::call():35}()
#23 /home/rouqy-jewellery-api-faz/htdocs/api-faz.rouqy-jewellery.com/vendor/laravel/framework/src/Illuminate/Container/BoundMethod.php(96): Illuminate\\Container\\Util::unwrapIfClosure()
#24 /home/rouqy-jewellery-api-faz/htdocs/api-faz.rouqy-jewellery.com/vendor/laravel/framework/src/Illuminate/Container/BoundMethod.php(35): Illuminate\\Container\\BoundMethod::callBoundMethod()
#25 /home/rouqy-jewellery-api-faz/htdocs/api-faz.rouqy-jewellery.com/vendor/laravel/framework/src/Illuminate/Container/Container.php(799): Illuminate\\Container\\BoundMethod::call()
#26 /home/rouqy-jewellery-api-faz/htdocs/api-faz.rouqy-jewellery.com/vendor/laravel/framework/src/Illuminate/Console/Command.php(211): Illuminate\\Container\\Container->call()
#27 /home/rouqy-jewellery-api-faz/htdocs/api-faz.rouqy-jewellery.com/vendor/symfony/console/Command/Command.php(341): Illuminate\\Console\\Command->execute()
#28 /home/rouqy-jewellery-api-faz/htdocs/api-faz.rouqy-jewellery.com/vendor/laravel/framework/src/Illuminate/Console/Command.php(180): Symfony\\Component\\Console\\Command\\Command->run()
#29 /home/rouqy-jewellery-api-faz/htdocs/api-faz.rouqy-jewellery.com/vendor/symfony/console/Application.php(1117): Illuminate\\Console\\Command->run()
#30 /home/rouqy-jewellery-api-faz/htdocs/api-faz.rouqy-jewellery.com/vendor/symfony/console/Application.php(356): Symfony\\Component\\Console\\Application->doRunCommand()
#31 /home/rouqy-jewellery-api-faz/htdocs/api-faz.rouqy-jewellery.com/vendor/symfony/console/Application.php(195): Symfony\\Component\\Console\\Application->doRun()
#32 /home/rouqy-jewellery-api-faz/htdocs/api-faz.rouqy-jewellery.com/vendor/laravel/framework/src/Illuminate/Foundation/Console/Kernel.php(198): Symfony\\Component\\Console\\Application->run()
#33 /home/rouqy-jewellery-api-faz/htdocs/api-faz.rouqy-jewellery.com/vendor/laravel/framework/src/Illuminate/Foundation/Application.php(1235): Illuminate\\Foundation\\Console\\Kernel->handle()
#34 /home/rouqy-jewellery-api-faz/htdocs/api-faz.rouqy-jewellery.com/artisan(16): Illuminate\\Foundation\\Application->handleCommand()
#35 {main}
"} 
[2026-07-23 12:42:16] local.ERROR: company_certificate_not_ready {"exception":"[object] (RuntimeException(code: 0): company_certificate_not_ready at /home/rouqy-jewellery-api-faz/htdocs/api-faz.rouqy-jewellery.com/app/Services/Zatca/ZatcaSubmissionService.php:37)
[stacktrace]
#0 /home/rouqy-jewellery-api-faz/htdocs/api-faz.rouqy-jewellery.com/app/Jobs/SubmitInvoiceToZatcaJob.php(39): App\\Services\\Zatca\\ZatcaSubmissionService->submit()
#1 /home/rouqy-jewellery-api-faz/htdocs/api-faz.rouqy-jewellery.com/vendor/laravel/framework/src/Illuminate/Container/BoundMethod.php(36): App\\Jobs\\SubmitInvoiceToZatcaJob->handle()
#2 /home/rouqy-jewellery-api-faz/htdocs/api-faz.rouqy-jewellery.com/vendor/laravel/framework/src/Illuminate/Container/Util.php(43): Illuminate\\Container\\BoundMethod::{closure:Illuminate\\Container\\BoundMethod::call():35}()
#3 /home/rouqy-jewellery-api-faz/htdocs/api-faz.rouqy-jewellery.com/vendor/laravel/framework/src/Illuminate/Container/BoundMethod.php(96): Illuminate\\Container\\Util::unwrapIfClosure()
#4 /home/rouqy-jewellery-api-faz/htdocs/api-faz.rouqy-jewellery.com/vendor/laravel/framework/src/Illuminate/Container/BoundMethod.php(35): Illuminate\\Container\\BoundMethod::callBoundMethod()
#5 /home/rouqy-jewellery-api-faz/htdocs/api-faz.rouqy-jewellery.com/vendor/laravel/framework/src/Illuminate/Container/Container.php(799): Illuminate\\Container\\BoundMethod::call()
#6 /home/rouqy-jewellery-api-faz/htdocs/api-faz.rouqy-jewellery.com/vendor/laravel/framework/src/Illuminate/Bus/Dispatcher.php(129): Illuminate\\Container\\Container->call()
#7 /home/rouqy-jewellery-api-faz/htdocs/api-faz.rouqy-jewellery.com/vendor/laravel/framework/src/Illuminate/Pipeline/Pipeline.php(180): Illuminate\\Bus\\Dispatcher->{closure:Illuminate\\Bus\\Dispatcher::dispatchNow():126}()
#8 /home/rouqy-jewellery-api-faz/htdocs/api-faz.rouqy-jewellery.com/vendor/laravel/framework/src/Illuminate/Pipeline/Pipeline.php(137): Illuminate\\Pipeline\\Pipeline->{closure:Illuminate\\Pipeline\\Pipeline::prepareDestination():178}()
#9 /home/rouqy-jewellery-api-faz/htdocs/api-faz.rouqy-jewellery.com/vendor/laravel/framework/src/Illuminate/Bus/Dispatcher.php(133): Illuminate\\Pipeline\\Pipeline->then()
#10 /home/rouqy-jewellery-api-faz/htdocs/api-faz.rouqy-jewellery.com/vendor/laravel/framework/src/Illuminate/Queue/CallQueuedHandler.php(136): Illuminate\\Bus\\Dispatcher->dispatchNow()
#11 /home/rouqy-jewellery-api-faz/htdocs/api-faz.rouqy-jewellery.com/vendor/laravel/framework/src/Illuminate/Pipeline/Pipeline.php(180): Illuminate\\Queue\\CallQueuedHandler->{closure:Illuminate\\Queue\\CallQueuedHandler::dispatchThroughMiddleware():129}()
#12 /home/rouqy-jewellery-api-faz/htdocs/api-faz.rouqy-jewellery.com/vendor/laravel/framework/src/Illuminate/Pipeline/Pipeline.php(137): Illuminate\\Pipeline\\Pipeline->{closure:Illuminate\\Pipeline\\Pipeline::prepareDestination():178}()
#13 /home/rouqy-jewellery-api-faz/htdocs/api-faz.rouqy-jewellery.com/vendor/laravel/framework/src/Illuminate/Queue/CallQueuedHandler.php(129): Illuminate\\Pipeline\\Pipeline->then()
#14 /home/rouqy-jewellery-api-faz/htdocs/api-faz.rouqy-jewellery.com/vendor/laravel/framework/src/Illuminate/Queue/CallQueuedHandler.php(70): Illuminate\\Queue\\CallQueuedHandler->dispatchThroughMiddleware()
#15 /home/rouqy-jewellery-api-faz/htdocs/api-faz.rouqy-jewellery.com/vendor/laravel/framework/src/Illuminate/Queue/Jobs/Job.php(102): Illuminate\\Queue\\CallQueuedHandler->call()
#16 /home/rouqy-jewellery-api-faz/htdocs/api-faz.rouqy-jewellery.com/vendor/laravel/framework/src/Illuminate/Queue/Worker.php(504): Illuminate\\Queue\\Jobs\\Job->fire()
#17 /home/rouqy-jewellery-api-faz/htdocs/api-faz.rouqy-jewellery.com/vendor/laravel/framework/src/Illuminate/Queue/Worker.php(454): Illuminate\\Queue\\Worker->process()
#18 /home/rouqy-jewellery-api-faz/htdocs/api-faz.rouqy-jewellery.com/vendor/laravel/framework/src/Illuminate/Queue/Worker.php(212): Illuminate\\Queue\\Worker->runJob()
#19 /home/rouqy-jewellery-api-faz/htdocs/api-faz.rouqy-jewellery.com/vendor/laravel/framework/src/Illuminate/Queue/Console/WorkCommand.php(149): Illuminate\\Queue\\Worker->daemon()
#20 /home/rouqy-jewellery-api-faz/htdocs/api-faz.rouqy-jewellery.com/vendor/laravel/framework/src/Illuminate/Queue/Console/WorkCommand.php(132): Illuminate\\Queue\\Console\\WorkCommand->runWorker()
#21 /home/rouqy-jewellery-api-faz/htdocs/api-faz.rouqy-jewellery.com/vendor/laravel/framework/src/Illuminate/Container/BoundMethod.php(36): Illuminate\\Queue\\Console\\WorkCommand->handle()
#22 /home/rouqy-jewellery-api-faz/htdocs/api-faz.rouqy-jewellery.com/vendor/laravel/framework/src/Illuminate/Container/Util.php(43): Illuminate\\Container\\BoundMethod::{closure:Illuminate\\Container\\BoundMethod::call():35}()
#23 /home/rouqy-jewellery-api-faz/htdocs/api-faz.rouqy-jewellery.com/vendor/laravel/framework/src/Illuminate/Container/BoundMethod.php(96): Illuminate\\Container\\Util::unwrapIfClosure()
#24 /home/rouqy-jewellery-api-faz/htdocs/api-faz.rouqy-jewellery.com/vendor/laravel/framework/src/Illuminate/Container/BoundMethod.php(35): Illuminate\\Container\\BoundMethod::callBoundMethod()
#25 /home/rouqy-jewellery-api-faz/htdocs/api-faz.rouqy-jewellery.com/vendor/laravel/framework/src/Illuminate/Container/Container.php(799): Illuminate\\Container\\BoundMethod::call()
#26 /home/rouqy-jewellery-api-faz/htdocs/api-faz.rouqy-jewellery.com/vendor/laravel/framework/src/Illuminate/Console/Command.php(211): Illuminate\\Container\\Container->call()
#27 /home/rouqy-jewellery-api-faz/htdocs/api-faz.rouqy-jewellery.com/vendor/symfony/console/Command/Command.php(341): Illuminate\\Console\\Command->execute()
#28 /home/rouqy-jewellery-api-faz/htdocs/api-faz.rouqy-jewellery.com/vendor/laravel/framework/src/Illuminate/Console/Command.php(180): Symfony\\Component\\Console\\Command\\Command->run()
#29 /home/rouqy-jewellery-api-faz/htdocs/api-faz.rouqy-jewellery.com/vendor/symfony/console/Application.php(1117): Illuminate\\Console\\Command->run()
#30 /home/rouqy-jewellery-api-faz/htdocs/api-faz.rouqy-jewellery.com/vendor/symfony/console/Application.php(356): Symfony\\Component\\Console\\Application->doRunCommand()
#31 /home/rouqy-jewellery-api-faz/htdocs/api-faz.rouqy-jewellery.com/vendor/symfony/console/Application.php(195): Symfony\\Component\\Console\\Application->doRun()
#32 /home/rouqy-jewellery-api-faz/htdocs/api-faz.rouqy-jewellery.com/vendor/laravel/framework/src/Illuminate/Foundation/Console/Kernel.php(198): Symfony\\Component\\Console\\Application->run()
#33 /home/rouqy-jewellery-api-faz/htdocs/api-faz.rouqy-jewellery.com/vendor/laravel/framework/src/Illuminate/Foundation/Application.php(1235): Illuminate\\Foundation\\Console\\Kernel->handle()
#34 /home/rouqy-jewellery-api-faz/htdocs/api-faz.rouqy-jewellery.com/artisan(16): Illuminate\\Foundation\\Application->handleCommand()
#35 {main}
"} 
[2026-07-23 12:42:16] local.ERROR: The payload is invalid. {"exception":"[object] (Illuminate\\Contracts\\Encryption\\DecryptException(code: 0): The payload is invalid. at /home/rouqy-jewellery-api-faz/htdocs/api-faz.rouqy-jewellery.com/vendor/laravel/framework/src/Illuminate/Encryption/Encrypter.php:244)
[stacktrace]
#0 /home/rouqy-jewellery-api-faz/htdocs/api-faz.rouqy-jewellery.com/vendor/laravel/framework/src/Illuminate/Encryption/Encrypter.php(157): Illuminate\\Encryption\\Encrypter->getJsonPayload()
#1 /home/rouqy-jewellery-api-faz/htdocs/api-faz.rouqy-jewellery.com/vendor/laravel/framework/src/Illuminate/Database/Eloquent/Concerns/HasAttributes.php(1428): Illuminate\\Encryption\\Encrypter->decrypt()
#2 /home/rouqy-jewellery-api-faz/htdocs/api-faz.rouqy-jewellery.com/vendor/laravel/framework/src/Illuminate/Database/Eloquent/Concerns/HasAttributes.php(844): Illuminate\\Database\\Eloquent\\Model->fromEncryptedString()
#3 /home/rouqy-jewellery-api-faz/htdocs/api-faz.rouqy-jewellery.com/vendor/laravel/framework/src/Illuminate/Database/Eloquent/Concerns/HasAttributes.php(2403): Illuminate\\Database\\Eloquent\\Model->castAttribute()
#4 /home/rouqy-jewellery-api-faz/htdocs/api-faz.rouqy-jewellery.com/vendor/laravel/framework/src/Illuminate/Database/Eloquent/Concerns/HasAttributes.php(529): Illuminate\\Database\\Eloquent\\Model->transformModelValue()
#5 /home/rouqy-jewellery-api-faz/htdocs/api-faz.rouqy-jewellery.com/vendor/laravel/framework/src/Illuminate/Database/Eloquent/Concerns/HasAttributes.php(483): Illuminate\\Database\\Eloquent\\Model->getAttributeValue()
#6 /home/rouqy-jewellery-api-faz/htdocs/api-faz.rouqy-jewellery.com/vendor/laravel/framework/src/Illuminate/Database/Eloquent/Model.php(2427): Illuminate\\Database\\Eloquent\\Model->getAttribute()
#7 /home/rouqy-jewellery-api-faz/htdocs/api-faz.rouqy-jewellery.com/app/Services/Zatca/ZatcaSubmissionService.php(36): Illuminate\\Database\\Eloquent\\Model->__get()
#8 /home/rouqy-jewellery-api-faz/htdocs/api-faz.rouqy-jewellery.com/app/Jobs/SubmitInvoiceToZatcaJob.php(39): App\\Services\\Zatca\\ZatcaSubmissionService->submit()
#9 /home/rouqy-jewellery-api-faz/htdocs/api-faz.rouqy-jewellery.com/vendor/laravel/framework/src/Illuminate/Container/BoundMethod.php(36): App\\Jobs\\SubmitInvoiceToZatcaJob->handle()
#10 /home/rouqy-jewellery-api-faz/htdocs/api-faz.rouqy-jewellery.com/vendor/laravel/framework/src/Illuminate/Container/Util.php(43): Illuminate\\Container\\BoundMethod::{closure:Illuminate\\Container\\BoundMethod::call():35}()
#11 /home/rouqy-jewellery-api-faz/htdocs/api-faz.rouqy-jewellery.com/vendor/laravel/framework/src/Illuminate/Container/BoundMethod.php(96): Illuminate\\Container\\Util::unwrapIfClosure()
#12 /home/rouqy-jewellery-api-faz/htdocs/api-faz.rouqy-jewellery.com/vendor/laravel/framework/src/Illuminate/Container/BoundMethod.php(35): Illuminate\\Container\\BoundMethod::callBoundMethod()
#13 /home/rouqy-jewellery-api-faz/htdocs/api-faz.rouqy-jewellery.com/vendor/laravel/framework/src/Illuminate/Container/Container.php(799): Illuminate\\Container\\BoundMethod::call()
#14 /home/rouqy-jewellery-api-faz/htdocs/api-faz.rouqy-jewellery.com/vendor/laravel/framework/src/Illuminate/Bus/Dispatcher.php(129): Illuminate\\Container\\Container->call()
#15 /home/rouqy-jewellery-api-faz/htdocs/api-faz.rouqy-jewellery.com/vendor/laravel/framework/src/Illuminate/Pipeline/Pipeline.php(180): Illuminate\\Bus\\Dispatcher->{closure:Illuminate\\Bus\\Dispatcher::dispatchNow():126}()
#16 /home/rouqy-jewellery-api-faz/htdocs/api-faz.rouqy-jewellery.com/vendor/laravel/framework/src/Illuminate/Pipeline/Pipeline.php(137): Illuminate\\Pipeline\\Pipeline->{closure:Illuminate\\Pipeline\\Pipeline::prepareDestination():178}()
#17 /home/rouqy-jewellery-api-faz/htdocs/api-faz.rouqy-jewellery.com/vendor/laravel/framework/src/Illuminate/Bus/Dispatcher.php(133): Illuminate\\Pipeline\\Pipeline->then()
#18 /home/rouqy-jewellery-api-faz/htdocs/api-faz.rouqy-jewellery.com/vendor/laravel/framework/src/Illuminate/Queue/CallQueuedHandler.php(136): Illuminate\\Bus\\Dispatcher->dispatchNow()
#19 /home/rouqy-jewellery-api-faz/htdocs/api-faz.rouqy-jewellery.com/vendor/laravel/framework/src/Illuminate/Pipeline/Pipeline.php(180): Illuminate\\Queue\\CallQueuedHandler->{closure:Illuminate\\Queue\\CallQueuedHandler::dispatchThroughMiddleware():129}()
#20 /home/rouqy-jewellery-api-faz/htdocs/api-faz.rouqy-jewellery.com/vendor/laravel/framework/src/Illuminate/Pipeline/Pipeline.php(137): Illuminate\\Pipeline\\Pipeline->{closure:Illuminate\\Pipeline\\Pipeline::prepareDestination():178}()
#21 /home/rouqy-jewellery-api-faz/htdocs/api-faz.rouqy-jewellery.com/vendor/laravel/framework/src/Illuminate/Queue/CallQueuedHandler.php(129): Illuminate\\Pipeline\\Pipeline->then()
#22 /home/rouqy-jewellery-api-faz/htdocs/api-faz.rouqy-jewellery.com/vendor/laravel/framework/src/Illuminate/Queue/CallQueuedHandler.php(70): Illuminate\\Queue\\CallQueuedHandler->dispatchThroughMiddleware()
#23 /home/rouqy-jewellery-api-faz/htdocs/api-faz.rouqy-jewellery.com/vendor/laravel/framework/src/Illuminate/Queue/Jobs/Job.php(102): Illuminate\\Queue\\CallQueuedHandler->call()
#24 /home/rouqy-jewellery-api-faz/htdocs/api-faz.rouqy-jewellery.com/vendor/laravel/framework/src/Illuminate/Queue/Worker.php(504): Illuminate\\Queue\\Jobs\\Job->fire()
#25 /home/rouqy-jewellery-api-faz/htdocs/api-faz.rouqy-jewellery.com/vendor/laravel/framework/src/Illuminate/Queue/Worker.php(454): Illuminate\\Queue\\Worker->process()
#26 /home/rouqy-jewellery-api-faz/htdocs/api-faz.rouqy-jewellery.com/vendor/laravel/framework/src/Illuminate/Queue/Worker.php(212): Illuminate\\Queue\\Worker->runJob()
#27 /home/rouqy-jewellery-api-faz/htdocs/api-faz.rouqy-jewellery.com/vendor/laravel/framework/src/Illuminate/Queue/Console/WorkCommand.php(149): Illuminate\\Queue\\Worker->daemon()
#28 /home/rouqy-jewellery-api-faz/htdocs/api-faz.rouqy-jewellery.com/vendor/laravel/framework/src/Illuminate/Queue/Console/WorkCommand.php(132): Illuminate\\Queue\\Console\\WorkCommand->runWorker()
#29 /home/rouqy-jewellery-api-faz/htdocs/api-faz.rouqy-jewellery.com/vendor/laravel/framework/src/Illuminate/Container/BoundMethod.php(36): Illuminate\\Queue\\Console\\WorkCommand->handle()
#30 /home/rouqy-jewellery-api-faz/htdocs/api-faz.rouqy-jewellery.com/vendor/laravel/framework/src/Illuminate/Container/Util.php(43): Illuminate\\Container\\BoundMethod::{closure:Illuminate\\Container\\BoundMethod::call():35}()
#31 /home/rouqy-jewellery-api-faz/htdocs/api-faz.rouqy-jewellery.com/vendor/laravel/framework/src/Illuminate/Container/BoundMethod.php(96): Illuminate\\Container\\Util::unwrapIfClosure()
#32 /home/rouqy-jewellery-api-faz/htdocs/api-faz.rouqy-jewellery.com/vendor/laravel/framework/src/Illuminate/Container/BoundMethod.php(35): Illuminate\\Container\\BoundMethod::callBoundMethod()
#33 /home/rouqy-jewellery-api-faz/htdocs/api-faz.rouqy-jewellery.com/vendor/laravel/framework/src/Illuminate/Container/Container.php(799): Illuminate\\Container\\BoundMethod::call()
#34 /home/rouqy-jewellery-api-faz/htdocs/api-faz.rouqy-jewellery.com/vendor/laravel/framework/src/Illuminate/Console/Command.php(211): Illuminate\\Container\\Container->call()
#35 /home/rouqy-jewellery-api-faz/htdocs/api-faz.rouqy-jewellery.com/vendor/symfony/console/Command/Command.php(341): Illuminate\\Console\\Command->execute()
#36 /home/rouqy-jewellery-api-faz/htdocs/api-faz.rouqy-jewellery.com/vendor/laravel/framework/src/Illuminate/Console/Command.php(180): Symfony\\Component\\Console\\Command\\Command->run()
#37 /home/rouqy-jewellery-api-faz/htdocs/api-faz.rouqy-jewellery.com/vendor/symfony/console/Application.php(1117): Illuminate\\Console\\Command->run()
#38 /home/rouqy-jewellery-api-faz/htdocs/api-faz.rouqy-jewellery.com/vendor/symfony/console/Application.php(356): Symfony\\Component\\Console\\Application->doRunCommand()
#39 /home/rouqy-jewellery-api-faz/htdocs/api-faz.rouqy-jewellery.com/vendor/symfony/console/Application.php(195): Symfony\\Component\\Console\\Application->doRun()
#40 /home/rouqy-jewellery-api-faz/htdocs/api-faz.rouqy-jewellery.com/vendor/laravel/framework/src/Illuminate/Foundation/Console/Kernel.php(198): Symfony\\Component\\Console\\Application->run()
#41 /home/rouqy-jewellery-api-faz/htdocs/api-faz.rouqy-jewellery.com/vendor/laravel/framework/src/Illuminate/Foundation/Application.php(1235): Illuminate\\Foundation\\Console\\Kernel->handle()
#42 /home/rouqy-jewellery-api-faz/htdocs/api-faz.rouqy-jewellery.com/artisan(16): Illuminate\\Foundation\\Application->handleCommand()
#43 {main}
"} 
[2026-07-23 12:47:16] local.ERROR: company_certificate_not_ready {"exception":"[object] (RuntimeException(code: 0): company_certificate_not_ready at /home/rouqy-jewellery-api-faz/htdocs/api-faz.rouqy-jewellery.com/app/Services/Zatca/ZatcaSubmissionService.php:37)
[stacktrace]
#0 /home/rouqy-jewellery-api-faz/htdocs/api-faz.rouqy-jewellery.com/app/Jobs/SubmitInvoiceToZatcaJob.php(39): App\\Services\\Zatca\\ZatcaSubmissionService->submit()
#1 /home/rouqy-jewellery-api-faz/htdocs/api-faz.rouqy-jewellery.com/vendor/laravel/framework/src/Illuminate/Container/BoundMethod.php(36): App\\Jobs\\SubmitInvoiceToZatcaJob->handle()
#2 /home/rouqy-jewellery-api-faz/htdocs/api-faz.rouqy-jewellery.com/vendor/laravel/framework/src/Illuminate/Container/Util.php(43): Illuminate\\Container\\BoundMethod::{closure:Illuminate\\Container\\BoundMethod::call():35}()
#3 /home/rouqy-jewellery-api-faz/htdocs/api-faz.rouqy-jewellery.com/vendor/laravel/framework/src/Illuminate/Container/BoundMethod.php(96): Illuminate\\Container\\Util::unwrapIfClosure()
#4 /home/rouqy-jewellery-api-faz/htdocs/api-faz.rouqy-jewellery.com/vendor/laravel/framework/src/Illuminate/Container/BoundMethod.php(35): Illuminate\\Container\\BoundMethod::callBoundMethod()
#5 /home/rouqy-jewellery-api-faz/htdocs/api-faz.rouqy-jewellery.com/vendor/laravel/framework/src/Illuminate/Container/Container.php(799): Illuminate\\Container\\BoundMethod::call()
#6 /home/rouqy-jewellery-api-faz/htdocs/api-faz.rouqy-jewellery.com/vendor/laravel/framework/src/Illuminate/Bus/Dispatcher.php(129): Illuminate\\Container\\Container->call()
#7 /home/rouqy-jewellery-api-faz/htdocs/api-faz.rouqy-jewellery.com/vendor/laravel/framework/src/Illuminate/Pipeline/Pipeline.php(180): Illuminate\\Bus\\Dispatcher->{closure:Illuminate\\Bus\\Dispatcher::dispatchNow():126}()
#8 /home/rouqy-jewellery-api-faz/htdocs/api-faz.rouqy-jewellery.com/vendor/laravel/framework/src/Illuminate/Pipeline/Pipeline.php(137): Illuminate\\Pipeline\\Pipeline->{closure:Illuminate\\Pipeline\\Pipeline::prepareDestination():178}()
#9 /home/rouqy-jewellery-api-faz/htdocs/api-faz.rouqy-jewellery.com/vendor/laravel/framework/src/Illuminate/Bus/Dispatcher.php(133): Illuminate\\Pipeline\\Pipeline->then()
#10 /home/rouqy-jewellery-api-faz/htdocs/api-faz.rouqy-jewellery.com/vendor/laravel/framework/src/Illuminate/Queue/CallQueuedHandler.php(136): Illuminate\\Bus\\Dispatcher->dispatchNow()
#11 /home/rouqy-jewellery-api-faz/htdocs/api-faz.rouqy-jewellery.com/vendor/laravel/framework/src/Illuminate/Pipeline/Pipeline.php(180): Illuminate\\Queue\\CallQueuedHandler->{closure:Illuminate\\Queue\\CallQueuedHandler::dispatchThroughMiddleware():129}()
#12 /home/rouqy-jewellery-api-faz/htdocs/api-faz.rouqy-jewellery.com/vendor/laravel/framework/src/Illuminate/Pipeline/Pipeline.php(137): Illuminate\\Pipeline\\Pipeline->{closure:Illuminate\\Pipeline\\Pipeline::prepareDestination():178}()
#13 /home/rouqy-jewellery-api-faz/htdocs/api-faz.rouqy-jewellery.com/vendor/laravel/framework/src/Illuminate/Queue/CallQueuedHandler.php(129): Illuminate\\Pipeline\\Pipeline->then()
#14 /home/rouqy-jewellery-api-faz/htdocs/api-faz.rouqy-jewellery.com/vendor/laravel/framework/src/Illuminate/Queue/CallQueuedHandler.php(70): Illuminate\\Queue\\CallQueuedHandler->dispatchThroughMiddleware()
#15 /home/rouqy-jewellery-api-faz/htdocs/api-faz.rouqy-jewellery.com/vendor/laravel/framework/src/Illuminate/Queue/Jobs/Job.php(102): Illuminate\\Queue\\CallQueuedHandler->call()
#16 /home/rouqy-jewellery-api-faz/htdocs/api-faz.rouqy-jewellery.com/vendor/laravel/framework/src/Illuminate/Queue/Worker.php(504): Illuminate\\Queue\\Jobs\\Job->fire()
#17 /home/rouqy-jewellery-api-faz/htdocs/api-faz.rouqy-jewellery.com/vendor/laravel/framework/src/Illuminate/Queue/Worker.php(454): Illuminate\\Queue\\Worker->process()
#18 /home/rouqy-jewellery-api-faz/htdocs/api-faz.rouqy-jewellery.com/vendor/laravel/framework/src/Illuminate/Queue/Worker.php(212): Illuminate\\Queue\\Worker->runJob()
#19 /home/rouqy-jewellery-api-faz/htdocs/api-faz.rouqy-jewellery.com/vendor/laravel/framework/src/Illuminate/Queue/Console/WorkCommand.php(149): Illuminate\\Queue\\Worker->daemon()
#20 /home/rouqy-jewellery-api-faz/htdocs/api-faz.rouqy-jewellery.com/vendor/laravel/framework/src/Illuminate/Queue/Console/WorkCommand.php(132): Illuminate\\Queue\\Console\\WorkCommand->runWorker()
#21 /home/rouqy-jewellery-api-faz/htdocs/api-faz.rouqy-jewellery.com/vendor/laravel/framework/src/Illuminate/Container/BoundMethod.php(36): Illuminate\\Queue\\Console\\WorkCommand->handle()
#22 /home/rouqy-jewellery-api-faz/htdocs/api-faz.rouqy-jewellery.com/vendor/laravel/framework/src/Illuminate/Container/Util.php(43): Illuminate\\Container\\BoundMethod::{closure:Illuminate\\Container\\BoundMethod::call():35}()
#23 /home/rouqy-jewellery-api-faz/htdocs/api-faz.rouqy-jewellery.com/vendor/laravel/framework/src/Illuminate/Container/BoundMethod.php(96): Illuminate\\Container\\Util::unwrapIfClosure()
#24 /home/rouqy-jewellery-api-faz/htdocs/api-faz.rouqy-jewellery.com/vendor/laravel/framework/src/Illuminate/Container/BoundMethod.php(35): Illuminate\\Container\\BoundMethod::callBoundMethod()
#25 /home/rouqy-jewellery-api-faz/htdocs/api-faz.rouqy-jewellery.com/vendor/laravel/framework/src/Illuminate/Container/Container.php(799): Illuminate\\Container\\BoundMethod::call()
#26 /home/rouqy-jewellery-api-faz/htdocs/api-faz.rouqy-jewellery.com/vendor/laravel/framework/src/Illuminate/Console/Command.php(211): Illuminate\\Container\\Container->call()
#27 /home/rouqy-jewellery-api-faz/htdocs/api-faz.rouqy-jewellery.com/vendor/symfony/console/Command/Command.php(341): Illuminate\\Console\\Command->execute()
#28 /home/rouqy-jewellery-api-faz/htdocs/api-faz.rouqy-jewellery.com/vendor/laravel/framework/src/Illuminate/Console/Command.php(180): Symfony\\Component\\Console\\Command\\Command->run()
#29 /home/rouqy-jewellery-api-faz/htdocs/api-faz.rouqy-jewellery.com/vendor/symfony/console/Application.php(1117): Illuminate\\Console\\Command->run()
#30 /home/rouqy-jewellery-api-faz/htdocs/api-faz.rouqy-jewellery.com/vendor/symfony/console/Application.php(356): Symfony\\Component\\Console\\Application->doRunCommand()
#31 /home/rouqy-jewellery-api-faz/htdocs/api-faz.rouqy-jewellery.com/vendor/symfony/console/Application.php(195): Symfony\\Component\\Console\\Application->doRun()
#32 /home/rouqy-jewellery-api-faz/htdocs/api-faz.rouqy-jewellery.com/vendor/laravel/framework/src/Illuminate/Foundation/Console/Kernel.php(198): Symfony\\Component\\Console\\Application->run()
#33 /home/rouqy-jewellery-api-faz/htdocs/api-faz.rouqy-jewellery.com/vendor/laravel/framework/src/Illuminate/Foundation/Application.php(1235): Illuminate\\Foundation\\Console\\Kernel->handle()
#34 /home/rouqy-jewellery-api-faz/htdocs/api-faz.rouqy-jewellery.com/artisan(16): Illuminate\\Foundation\\Application->handleCommand()
#35 {main}
"} 
[2026-07-23 12:47:16] local.ERROR: company_certificate_not_ready {"exception":"[object] (RuntimeException(code: 0): company_certificate_not_ready at /home/rouqy-jewellery-api-faz/htdocs/api-faz.rouqy-jewellery.com/app/Services/Zatca/ZatcaSubmissionService.php:37)
[stacktrace]
#0 /home/rouqy-jewellery-api-faz/htdocs/api-faz.rouqy-jewellery.com/app/Jobs/SubmitInvoiceToZatcaJob.php(39): App\\Services\\Zatca\\ZatcaSubmissionService->submit()
#1 /home/rouqy-jewellery-api-faz/htdocs/api-faz.rouqy-jewellery.com/vendor/laravel/framework/src/Illuminate/Container/BoundMethod.php(36): App\\Jobs\\SubmitInvoiceToZatcaJob->handle()
#2 /home/rouqy-jewellery-api-faz/htdocs/api-faz.rouqy-jewellery.com/vendor/laravel/framework/src/Illuminate/Container/Util.php(43): Illuminate\\Container\\BoundMethod::{closure:Illuminate\\Container\\BoundMethod::call():35}()
#3 /home/rouqy-jewellery-api-faz/htdocs/api-faz.rouqy-jewellery.com/vendor/laravel/framework/src/Illuminate/Container/BoundMethod.php(96): Illuminate\\Container\\Util::unwrapIfClosure()
#4 /home/rouqy-jewellery-api-faz/htdocs/api-faz.rouqy-jewellery.com/vendor/laravel/framework/src/Illuminate/Container/BoundMethod.php(35): Illuminate\\Container\\BoundMethod::callBoundMethod()
#5 /home/rouqy-jewellery-api-faz/htdocs/api-faz.rouqy-jewellery.com/vendor/laravel/framework/src/Illuminate/Container/Container.php(799): Illuminate\\Container\\BoundMethod::call()
#6 /home/rouqy-jewellery-api-faz/htdocs/api-faz.rouqy-jewellery.com/vendor/laravel/framework/src/Illuminate/Bus/Dispatcher.php(129): Illuminate\\Container\\Container->call()
#7 /home/rouqy-jewellery-api-faz/htdocs/api-faz.rouqy-jewellery.com/vendor/laravel/framework/src/Illuminate/Pipeline/Pipeline.php(180): Illuminate\\Bus\\Dispatcher->{closure:Illuminate\\Bus\\Dispatcher::dispatchNow():126}()
#8 /home/rouqy-jewellery-api-faz/htdocs/api-faz.rouqy-jewellery.com/vendor/laravel/framework/src/Illuminate/Pipeline/Pipeline.php(137): Illuminate\\Pipeline\\Pipeline->{closure:Illuminate\\Pipeline\\Pipeline::prepareDestination():178}()
#9 /home/rouqy-jewellery-api-faz/htdocs/api-faz.rouqy-jewellery.com/vendor/laravel/framework/src/Illuminate/Bus/Dispatcher.php(133): Illuminate\\Pipeline\\Pipeline->then()
#10 /home/rouqy-jewellery-api-faz/htdocs/api-faz.rouqy-jewellery.com/vendor/laravel/framework/src/Illuminate/Queue/CallQueuedHandler.php(136): Illuminate\\Bus\\Dispatcher->dispatchNow()
#11 /home/rouqy-jewellery-api-faz/htdocs/api-faz.rouqy-jewellery.com/vendor/laravel/framework/src/Illuminate/Pipeline/Pipeline.php(180): Illuminate\\Queue\\CallQueuedHandler->{closure:Illuminate\\Queue\\CallQueuedHandler::dispatchThroughMiddleware():129}()
#12 /home/rouqy-jewellery-api-faz/htdocs/api-faz.rouqy-jewellery.com/vendor/laravel/framework/src/Illuminate/Pipeline/Pipeline.php(137): Illuminate\\Pipeline\\Pipeline->{closure:Illuminate\\Pipeline\\Pipeline::prepareDestination():178}()
#13 /home/rouqy-jewellery-api-faz/htdocs/api-faz.rouqy-jewellery.com/vendor/laravel/framework/src/Illuminate/Queue/CallQueuedHandler.php(129): Illuminate\\Pipeline\\Pipeline->then()
#14 /home/rouqy-jewellery-api-faz/htdocs/api-faz.rouqy-jewellery.com/vendor/laravel/framework/src/Illuminate/Queue/CallQueuedHandler.php(70): Illuminate\\Queue\\CallQueuedHandler->dispatchThroughMiddleware()
#15 /home/rouqy-jewellery-api-faz/htdocs/api-faz.rouqy-jewellery.com/vendor/laravel/framework/src/Illuminate/Queue/Jobs/Job.php(102): Illuminate\\Queue\\CallQueuedHandler->call()
#16 /home/rouqy-jewellery-api-faz/htdocs/api-faz.rouqy-jewellery.com/vendor/laravel/framework/src/Illuminate/Queue/Worker.php(504): Illuminate\\Queue\\Jobs\\Job->fire()
#17 /home/rouqy-jewellery-api-faz/htdocs/api-faz.rouqy-jewellery.com/vendor/laravel/framework/src/Illuminate/Queue/Worker.php(454): Illuminate\\Queue\\Worker->process()
#18 /home/rouqy-jewellery-api-faz/htdocs/api-faz.rouqy-jewellery.com/vendor/laravel/framework/src/Illuminate/Queue/Worker.php(212): Illuminate\\Queue\\Worker->runJob()
#19 /home/rouqy-jewellery-api-faz/htdocs/api-faz.rouqy-jewellery.com/vendor/laravel/framework/src/Illuminate/Queue/Console/WorkCommand.php(149): Illuminate\\Queue\\Worker->daemon()
#20 /home/rouqy-jewellery-api-faz/htdocs/api-faz.rouqy-jewellery.com/vendor/laravel/framework/src/Illuminate/Queue/Console/WorkCommand.php(132): Illuminate\\Queue\\Console\\WorkCommand->runWorker()
#21 /home/rouqy-jewellery-api-faz/htdocs/api-faz.rouqy-jewellery.com/vendor/laravel/framework/src/Illuminate/Container/BoundMethod.php(36): Illuminate\\Queue\\Console\\WorkCommand->handle()
#22 /home/rouqy-jewellery-api-faz/htdocs/api-faz.rouqy-jewellery.com/vendor/laravel/framework/src/Illuminate/Container/Util.php(43): Illuminate\\Container\\BoundMethod::{closure:Illuminate\\Container\\BoundMethod::call():35}()
#23 /home/rouqy-jewellery-api-faz/htdocs/api-faz.rouqy-jewellery.com/vendor/laravel/framework/src/Illuminate/Container/BoundMethod.php(96): Illuminate\\Container\\Util::unwrapIfClosure()
#24 /home/rouqy-jewellery-api-faz/htdocs/api-faz.rouqy-jewellery.com/vendor/laravel/framework/src/Illuminate/Container/BoundMethod.php(35): Illuminate\\Container\\BoundMethod::callBoundMethod()
#25 /home/rouqy-jewellery-api-faz/htdocs/api-faz.rouqy-jewellery.com/vendor/laravel/framework/src/Illuminate/Container/Container.php(799): Illuminate\\Container\\BoundMethod::call()
#26 /home/rouqy-jewellery-api-faz/htdocs/api-faz.rouqy-jewellery.com/vendor/laravel/framework/src/Illuminate/Console/Command.php(211): Illuminate\\Container\\Container->call()
#27 /home/rouqy-jewellery-api-faz/htdocs/api-faz.rouqy-jewellery.com/vendor/symfony/console/Command/Command.php(341): Illuminate\\Console\\Command->execute()
#28 /home/rouqy-jewellery-api-faz/htdocs/api-faz.rouqy-jewellery.com/vendor/laravel/framework/src/Illuminate/Console/Command.php(180): Symfony\\Component\\Console\\Command\\Command->run()
#29 /home/rouqy-jewellery-api-faz/htdocs/api-faz.rouqy-jewellery.com/vendor/symfony/console/Application.php(1117): Illuminate\\Console\\Command->run()
#30 /home/rouqy-jewellery-api-faz/htdocs/api-faz.rouqy-jewellery.com/vendor/symfony/console/Application.php(356): Symfony\\Component\\Console\\Application->doRunCommand()
#31 /home/rouqy-jewellery-api-faz/htdocs/api-faz.rouqy-jewellery.com/vendor/symfony/console/Application.php(195): Symfony\\Component\\Console\\Application->doRun()
#32 /home/rouqy-jewellery-api-faz/htdocs/api-faz.rouqy-jewellery.com/vendor/laravel/framework/src/Illuminate/Foundation/Console/Kernel.php(198): Symfony\\Component\\Console\\Application->run()
#33 /home/rouqy-jewellery-api-faz/htdocs/api-faz.rouqy-jewellery.com/vendor/laravel/framework/src/Illuminate/Foundation/Application.php(1235): Illuminate\\Foundation\\Console\\Kernel->handle()
#34 /home/rouqy-jewellery-api-faz/htdocs/api-faz.rouqy-jewellery.com/artisan(16): Illuminate\\Foundation\\Application->handleCommand()
#35 {main}
"} 
[2026-07-23 12:47:16] local.ERROR: The payload is invalid. {"exception":"[object] (Illuminate\\Contracts\\Encryption\\DecryptException(code: 0): The payload is invalid. at /home/rouqy-jewellery-api-faz/htdocs/api-faz.rouqy-jewellery.com/vendor/laravel/framework/src/Illuminate/Encryption/Encrypter.php:244)
[stacktrace]
#0 /home/rouqy-jewellery-api-faz/htdocs/api-faz.rouqy-jewellery.com/vendor/laravel/framework/src/Illuminate/Encryption/Encrypter.php(157): Illuminate\\Encryption\\Encrypter->getJsonPayload()
#1 /home/rouqy-jewellery-api-faz/htdocs/api-faz.rouqy-jewellery.com/vendor/laravel/framework/src/Illuminate/Database/Eloquent/Concerns/HasAttributes.php(1428): Illuminate\\Encryption\\Encrypter->decrypt()
#2 /home/rouqy-jewellery-api-faz/htdocs/api-faz.rouqy-jewellery.com/vendor/laravel/framework/src/Illuminate/Database/Eloquent/Concerns/HasAttributes.php(844): Illuminate\\Database\\Eloquent\\Model->fromEncryptedString()
#3 /home/rouqy-jewellery-api-faz/htdocs/api-faz.rouqy-jewellery.com/vendor/laravel/framework/src/Illuminate/Database/Eloquent/Concerns/HasAttributes.php(2403): Illuminate\\Database\\Eloquent\\Model->castAttribute()
#4 /home/rouqy-jewellery-api-faz/htdocs/api-faz.rouqy-jewellery.com/vendor/laravel/framework/src/Illuminate/Database/Eloquent/Concerns/HasAttributes.php(529): Illuminate\\Database\\Eloquent\\Model->transformModelValue()
#5 /home/rouqy-jewellery-api-faz/htdocs/api-faz.rouqy-jewellery.com/vendor/laravel/framework/src/Illuminate/Database/Eloquent/Concerns/HasAttributes.php(483): Illuminate\\Database\\Eloquent\\Model->getAttributeValue()
#6 /home/rouqy-jewellery-api-faz/htdocs/api-faz.rouqy-jewellery.com/vendor/laravel/framework/src/Illuminate/Database/Eloquent/Model.php(2427): Illuminate\\Database\\Eloquent\\Model->getAttribute()
#7 /home/rouqy-jewellery-api-faz/htdocs/api-faz.rouqy-jewellery.com/app/Services/Zatca/ZatcaSubmissionService.php(36): Illuminate\\Database\\Eloquent\\Model->__get()
#8 /home/rouqy-jewellery-api-faz/htdocs/api-faz.rouqy-jewellery.com/app/Jobs/SubmitInvoiceToZatcaJob.php(39): App\\Services\\Zatca\\ZatcaSubmissionService->submit()
#9 /home/rouqy-jewellery-api-faz/htdocs/api-faz.rouqy-jewellery.com/vendor/laravel/framework/src/Illuminate/Container/BoundMethod.php(36): App\\Jobs\\SubmitInvoiceToZatcaJob->handle()
#10 /home/rouqy-jewellery-api-faz/htdocs/api-faz.rouqy-jewellery.com/vendor/laravel/framework/src/Illuminate/Container/Util.php(43): Illuminate\\Container\\BoundMethod::{closure:Illuminate\\Container\\BoundMethod::call():35}()
#11 /home/rouqy-jewellery-api-faz/htdocs/api-faz.rouqy-jewellery.com/vendor/laravel/framework/src/Illuminate/Container/BoundMethod.php(96): Illuminate\\Container\\Util::unwrapIfClosure()
#12 /home/rouqy-jewellery-api-faz/htdocs/api-faz.rouqy-jewellery.com/vendor/laravel/framework/src/Illuminate/Container/BoundMethod.php(35): Illuminate\\Container\\BoundMethod::callBoundMethod()
#13 /home/rouqy-jewellery-api-faz/htdocs/api-faz.rouqy-jewellery.com/vendor/laravel/framework/src/Illuminate/Container/Container.php(799): Illuminate\\Container\\BoundMethod::call()
#14 /home/rouqy-jewellery-api-faz/htdocs/api-faz.rouqy-jewellery.com/vendor/laravel/framework/src/Illuminate/Bus/Dispatcher.php(129): Illuminate\\Container\\Container->call()
#15 /home/rouqy-jewellery-api-faz/htdocs/api-faz.rouqy-jewellery.com/vendor/laravel/framework/src/Illuminate/Pipeline/Pipeline.php(180): Illuminate\\Bus\\Dispatcher->{closure:Illuminate\\Bus\\Dispatcher::dispatchNow():126}()
#16 /home/rouqy-jewellery-api-faz/htdocs/api-faz.rouqy-jewellery.com/vendor/laravel/framework/src/Illuminate/Pipeline/Pipeline.php(137): Illuminate\\Pipeline\\Pipeline->{closure:Illuminate\\Pipeline\\Pipeline::prepareDestination():178}()
#17 /home/rouqy-jewellery-api-faz/htdocs/api-faz.rouqy-jewellery.com/vendor/laravel/framework/src/Illuminate/Bus/Dispatcher.php(133): Illuminate\\Pipeline\\Pipeline->then()
#18 /home/rouqy-jewellery-api-faz/htdocs/api-faz.rouqy-jewellery.com/vendor/laravel/framework/src/Illuminate/Queue/CallQueuedHandler.php(136): Illuminate\\Bus\\Dispatcher->dispatchNow()
#19 /home/rouqy-jewellery-api-faz/htdocs/api-faz.rouqy-jewellery.com/vendor/laravel/framework/src/Illuminate/Pipeline/Pipeline.php(180): Illuminate\\Queue\\CallQueuedHandler->{closure:Illuminate\\Queue\\CallQueuedHandler::dispatchThroughMiddleware():129}()
#20 /home/rouqy-jewellery-api-faz/htdocs/api-faz.rouqy-jewellery.com/vendor/laravel/framework/src/Illuminate/Pipeline/Pipeline.php(137): Illuminate\\Pipeline\\Pipeline->{closure:Illuminate\\Pipeline\\Pipeline::prepareDestination():178}()
#21 /home/rouqy-jewellery-api-faz/htdocs/api-faz.rouqy-jewellery.com/vendor/laravel/framework/src/Illuminate/Queue/CallQueuedHandler.php(129): Illuminate\\Pipeline\\Pipeline->then()
#22 /home/rouqy-jewellery-api-faz/htdocs/api-faz.rouqy-jewellery.com/vendor/laravel/framework/src/Illuminate/Queue/CallQueuedHandler.php(70): Illuminate\\Queue\\CallQueuedHandler->dispatchThroughMiddleware()
#23 /home/rouqy-jewellery-api-faz/htdocs/api-faz.rouqy-jewellery.com/vendor/laravel/framework/src/Illuminate/Queue/Jobs/Job.php(102): Illuminate\\Queue\\CallQueuedHandler->call()
#24 /home/rouqy-jewellery-api-faz/htdocs/api-faz.rouqy-jewellery.com/vendor/laravel/framework/src/Illuminate/Queue/Worker.php(504): Illuminate\\Queue\\Jobs\\Job->fire()
#25 /home/rouqy-jewellery-api-faz/htdocs/api-faz.rouqy-jewellery.com/vendor/laravel/framework/src/Illuminate/Queue/Worker.php(454): Illuminate\\Queue\\Worker->process()
#26 /home/rouqy-jewellery-api-faz/htdocs/api-faz.rouqy-jewellery.com/vendor/laravel/framework/src/Illuminate/Queue/Worker.php(212): Illuminate\\Queue\\Worker->runJob()
#27 /home/rouqy-jewellery-api-faz/htdocs/api-faz.rouqy-jewellery.com/vendor/laravel/framework/src/Illuminate/Queue/Console/WorkCommand.php(149): Illuminate\\Queue\\Worker->daemon()
#28 /home/rouqy-jewellery-api-faz/htdocs/api-faz.rouqy-jewellery.com/vendor/laravel/framework/src/Illuminate/Queue/Console/WorkCommand.php(132): Illuminate\\Queue\\Console\\WorkCommand->runWorker()
#29 /home/rouqy-jewellery-api-faz/htdocs/api-faz.rouqy-jewellery.com/vendor/laravel/framework/src/Illuminate/Container/BoundMethod.php(36): Illuminate\\Queue\\Console\\WorkCommand->handle()
#30 /home/rouqy-jewellery-api-faz/htdocs/api-faz.rouqy-jewellery.com/vendor/laravel/framework/src/Illuminate/Container/Util.php(43): Illuminate\\Container\\BoundMethod::{closure:Illuminate\\Container\\BoundMethod::call():35}()
#31 /home/rouqy-jewellery-api-faz/htdocs/api-faz.rouqy-jewellery.com/vendor/laravel/framework/src/Illuminate/Container/BoundMethod.php(96): Illuminate\\Container\\Util::unwrapIfClosure()
#32 /home/rouqy-jewellery-api-faz/htdocs/api-faz.rouqy-jewellery.com/vendor/laravel/framework/src/Illuminate/Container/BoundMethod.php(35): Illuminate\\Container\\BoundMethod::callBoundMethod()
#33 /home/rouqy-jewellery-api-faz/htdocs/api-faz.rouqy-jewellery.com/vendor/laravel/framework/src/Illuminate/Container/Container.php(799): Illuminate\\Container\\BoundMethod::call()
#34 /home/rouqy-jewellery-api-faz/htdocs/api-faz.rouqy-jewellery.com/vendor/laravel/framework/src/Illuminate/Console/Command.php(211): Illuminate\\Container\\Container->call()
#35 /home/rouqy-jewellery-api-faz/htdocs/api-faz.rouqy-jewellery.com/vendor/symfony/console/Command/Command.php(341): Illuminate\\Console\\Command->execute()
#36 /home/rouqy-jewellery-api-faz/htdocs/api-faz.rouqy-jewellery.com/vendor/laravel/framework/src/Illuminate/Console/Command.php(180): Symfony\\Component\\Console\\Command\\Command->run()
#37 /home/rouqy-jewellery-api-faz/htdocs/api-faz.rouqy-jewellery.com/vendor/symfony/console/Application.php(1117): Illuminate\\Console\\Command->run()
#38 /home/rouqy-jewellery-api-faz/htdocs/api-faz.rouqy-jewellery.com/vendor/symfony/console/Application.php(356): Symfony\\Component\\Console\\Application->doRunCommand()
#39 /home/rouqy-jewellery-api-faz/htdocs/api-faz.rouqy-jewellery.com/vendor/symfony/console/Application.php(195): Symfony\\Component\\Console\\Application->doRun()
#40 /home/rouqy-jewellery-api-faz/htdocs/api-faz.rouqy-jewellery.com/vendor/laravel/framework/src/Illuminate/Foundation/Console/Kernel.php(198): Symfony\\Component\\Console\\Application->run()
#41 /home/rouqy-jewellery-api-faz/htdocs/api-faz.rouqy-jewellery.com/vendor/laravel/framework/src/Illuminate/Foundation/Application.php(1235): Illuminate\\Foundation\\Console\\Kernel->handle()
#42 /home/rouqy-jewellery-api-faz/htdocs/api-faz.rouqy-jewellery.com/artisan(16): Illuminate\\Foundation\\Application->handleCommand()
#43 {main}
"} 
[2026-07-23 13:02:18] local.ERROR: company_certificate_not_ready {"exception":"[object] (RuntimeException(code: 0): company_certificate_not_ready at /home/rouqy-jewellery-api-faz/htdocs/api-faz.rouqy-jewellery.com/app/Services/Zatca/ZatcaSubmissionService.php:37)
[stacktrace]
#0 /home/rouqy-jewellery-api-faz/htdocs/api-faz.rouqy-jewellery.com/app/Jobs/SubmitInvoiceToZatcaJob.php(39): App\\Services\\Zatca\\ZatcaSubmissionService->submit()
#1 /home/rouqy-jewellery-api-faz/htdocs/api-faz.rouqy-jewellery.com/vendor/laravel/framework/src/Illuminate/Container/BoundMethod.php(36): App\\Jobs\\SubmitInvoiceToZatcaJob->handle()
#2 /home/rouqy-jewellery-api-faz/htdocs/api-faz.rouqy-jewellery.com/vendor/laravel/framework/src/Illuminate/Container/Util.php(43): Illuminate\\Container\\BoundMethod::{closure:Illuminate\\Container\\BoundMethod::call():35}()
#3 /home/rouqy-jewellery-api-faz/htdocs/api-faz.rouqy-jewellery.com/vendor/laravel/framework/src/Illuminate/Container/BoundMethod.php(96): Illuminate\\Container\\Util::unwrapIfClosure()
#4 /home/rouqy-jewellery-api-faz/htdocs/api-faz.rouqy-jewellery.com/vendor/laravel/framework/src/Illuminate/Container/BoundMethod.php(35): Illuminate\\Container\\BoundMethod::callBoundMethod()
#5 /home/rouqy-jewellery-api-faz/htdocs/api-faz.rouqy-jewellery.com/vendor/laravel/framework/src/Illuminate/Container/Container.php(799): Illuminate\\Container\\BoundMethod::call()
#6 /home/rouqy-jewellery-api-faz/htdocs/api-faz.rouqy-jewellery.com/vendor/laravel/framework/src/Illuminate/Bus/Dispatcher.php(129): Illuminate\\Container\\Container->call()
#7 /home/rouqy-jewellery-api-faz/htdocs/api-faz.rouqy-jewellery.com/vendor/laravel/framework/src/Illuminate/Pipeline/Pipeline.php(180): Illuminate\\Bus\\Dispatcher->{closure:Illuminate\\Bus\\Dispatcher::dispatchNow():126}()
#8 /home/rouqy-jewellery-api-faz/htdocs/api-faz.rouqy-jewellery.com/vendor/laravel/framework/src/Illuminate/Pipeline/Pipeline.php(137): Illuminate\\Pipeline\\Pipeline->{closure:Illuminate\\Pipeline\\Pipeline::prepareDestination():178}()
#9 /home/rouqy-jewellery-api-faz/htdocs/api-faz.rouqy-jewellery.com/vendor/laravel/framework/src/Illuminate/Bus/Dispatcher.php(133): Illuminate\\Pipeline\\Pipeline->then()
#10 /home/rouqy-jewellery-api-faz/htdocs/api-faz.rouqy-jewellery.com/vendor/laravel/framework/src/Illuminate/Queue/CallQueuedHandler.php(136): Illuminate\\Bus\\Dispatcher->dispatchNow()
#11 /home/rouqy-jewellery-api-faz/htdocs/api-faz.rouqy-jewellery.com/vendor/laravel/framework/src/Illuminate/Pipeline/Pipeline.php(180): Illuminate\\Queue\\CallQueuedHandler->{closure:Illuminate\\Queue\\CallQueuedHandler::dispatchThroughMiddleware():129}()
#12 /home/rouqy-jewellery-api-faz/htdocs/api-faz.rouqy-jewellery.com/vendor/laravel/framework/src/Illuminate/Pipeline/Pipeline.php(137): Illuminate\\Pipeline\\Pipeline->{closure:Illuminate\\Pipeline\\Pipeline::prepareDestination():178}()
#13 /home/rouqy-jewellery-api-faz/htdocs/api-faz.rouqy-jewellery.com/vendor/laravel/framework/src/Illuminate/Queue/CallQueuedHandler.php(129): Illuminate\\Pipeline\\Pipeline->then()
#14 /home/rouqy-jewellery-api-faz/htdocs/api-faz.rouqy-jewellery.com/vendor/laravel/framework/src/Illuminate/Queue/CallQueuedHandler.php(70): Illuminate\\Queue\\CallQueuedHandler->dispatchThroughMiddleware()
#15 /home/rouqy-jewellery-api-faz/htdocs/api-faz.rouqy-jewellery.com/vendor/laravel/framework/src/Illuminate/Queue/Jobs/Job.php(102): Illuminate\\Queue\\CallQueuedHandler->call()
#16 /home/rouqy-jewellery-api-faz/htdocs/api-faz.rouqy-jewellery.com/vendor/laravel/framework/src/Illuminate/Queue/Worker.php(504): Illuminate\\Queue\\Jobs\\Job->fire()
#17 /home/rouqy-jewellery-api-faz/htdocs/api-faz.rouqy-jewellery.com/vendor/laravel/framework/src/Illuminate/Queue/Worker.php(454): Illuminate\\Queue\\Worker->process()
#18 /home/rouqy-jewellery-api-faz/htdocs/api-faz.rouqy-jewellery.com/vendor/laravel/framework/src/Illuminate/Queue/Worker.php(212): Illuminate\\Queue\\Worker->runJob()
#19 /home/rouqy-jewellery-api-faz/htdocs/api-faz.rouqy-jewellery.com/vendor/laravel/framework/src/Illuminate/Queue/Console/WorkCommand.php(149): Illuminate\\Queue\\Worker->daemon()
#20 /home/rouqy-jewellery-api-faz/htdocs/api-faz.rouqy-jewellery.com/vendor/laravel/framework/src/Illuminate/Queue/Console/WorkCommand.php(132): Illuminate\\Queue\\Console\\WorkCommand->runWorker()
#21 /home/rouqy-jewellery-api-faz/htdocs/api-faz.rouqy-jewellery.com/vendor/laravel/framework/src/Illuminate/Container/BoundMethod.php(36): Illuminate\\Queue\\Console\\WorkCommand->handle()
#22 /home/rouqy-jewellery-api-faz/htdocs/api-faz.rouqy-jewellery.com/vendor/laravel/framework/src/Illuminate/Container/Util.php(43): Illuminate\\Container\\BoundMethod::{closure:Illuminate\\Container\\BoundMethod::call():35}()
#23 /home/rouqy-jewellery-api-faz/htdocs/api-faz.rouqy-jewellery.com/vendor/laravel/framework/src/Illuminate/Container/BoundMethod.php(96): Illuminate\\Container\\Util::unwrapIfClosure()
#24 /home/rouqy-jewellery-api-faz/htdocs/api-faz.rouqy-jewellery.com/vendor/laravel/framework/src/Illuminate/Container/BoundMethod.php(35): Illuminate\\Container\\BoundMethod::callBoundMethod()
#25 /home/rouqy-jewellery-api-faz/htdocs/api-faz.rouqy-jewellery.com/vendor/laravel/framework/src/Illuminate/Container/Container.php(799): Illuminate\\Container\\BoundMethod::call()
#26 /home/rouqy-jewellery-api-faz/htdocs/api-faz.rouqy-jewellery.com/vendor/laravel/framework/src/Illuminate/Console/Command.php(211): Illuminate\\Container\\Container->call()
#27 /home/rouqy-jewellery-api-faz/htdocs/api-faz.rouqy-jewellery.com/vendor/symfony/console/Command/Command.php(341): Illuminate\\Console\\Command->execute()
#28 /home/rouqy-jewellery-api-faz/htdocs/api-faz.rouqy-jewellery.com/vendor/laravel/framework/src/Illuminate/Console/Command.php(180): Symfony\\Component\\Console\\Command\\Command->run()
#29 /home/rouqy-jewellery-api-faz/htdocs/api-faz.rouqy-jewellery.com/vendor/symfony/console/Application.php(1117): Illuminate\\Console\\Command->run()
#30 /home/rouqy-jewellery-api-faz/htdocs/api-faz.rouqy-jewellery.com/vendor/symfony/console/Application.php(356): Symfony\\Component\\Console\\Application->doRunCommand()
#31 /home/rouqy-jewellery-api-faz/htdocs/api-faz.rouqy-jewellery.com/vendor/symfony/console/Application.php(195): Symfony\\Component\\Console\\Application->doRun()
#32 /home/rouqy-jewellery-api-faz/htdocs/api-faz.rouqy-jewellery.com/vendor/laravel/framework/src/Illuminate/Foundation/Console/Kernel.php(198): Symfony\\Component\\Console\\Application->run()
#33 /home/rouqy-jewellery-api-faz/htdocs/api-faz.rouqy-jewellery.com/vendor/laravel/framework/src/Illuminate/Foundation/Application.php(1235): Illuminate\\Foundation\\Console\\Kernel->handle()
#34 /home/rouqy-jewellery-api-faz/htdocs/api-faz.rouqy-jewellery.com/artisan(16): Illuminate\\Foundation\\Application->handleCommand()
#35 {main}
"} 
[2026-07-23 13:02:18] local.ERROR: company_certificate_not_ready {"exception":"[object] (RuntimeException(code: 0): company_certificate_not_ready at /home/rouqy-jewellery-api-faz/htdocs/api-faz.rouqy-jewellery.com/app/Services/Zatca/ZatcaSubmissionService.php:37)
[stacktrace]
#0 /home/rouqy-jewellery-api-faz/htdocs/api-faz.rouqy-jewellery.com/app/Jobs/SubmitInvoiceToZatcaJob.php(39): App\\Services\\Zatca\\ZatcaSubmissionService->submit()
#1 /home/rouqy-jewellery-api-faz/htdocs/api-faz.rouqy-jewellery.com/vendor/laravel/framework/src/Illuminate/Container/BoundMethod.php(36): App\\Jobs\\SubmitInvoiceToZatcaJob->handle()
#2 /home/rouqy-jewellery-api-faz/htdocs/api-faz.rouqy-jewellery.com/vendor/laravel/framework/src/Illuminate/Container/Util.php(43): Illuminate\\Container\\BoundMethod::{closure:Illuminate\\Container\\BoundMethod::call():35}()
#3 /home/rouqy-jewellery-api-faz/htdocs/api-faz.rouqy-jewellery.com/vendor/laravel/framework/src/Illuminate/Container/BoundMethod.php(96): Illuminate\\Container\\Util::unwrapIfClosure()
#4 /home/rouqy-jewellery-api-faz/htdocs/api-faz.rouqy-jewellery.com/vendor/laravel/framework/src/Illuminate/Container/BoundMethod.php(35): Illuminate\\Container\\BoundMethod::callBoundMethod()
#5 /home/rouqy-jewellery-api-faz/htdocs/api-faz.rouqy-jewellery.com/vendor/laravel/framework/src/Illuminate/Container/Container.php(799): Illuminate\\Container\\BoundMethod::call()
#6 /home/rouqy-jewellery-api-faz/htdocs/api-faz.rouqy-jewellery.com/vendor/laravel/framework/src/Illuminate/Bus/Dispatcher.php(129): Illuminate\\Container\\Container->call()
#7 /home/rouqy-jewellery-api-faz/htdocs/api-faz.rouqy-jewellery.com/vendor/laravel/framework/src/Illuminate/Pipeline/Pipeline.php(180): Illuminate\\Bus\\Dispatcher->{closure:Illuminate\\Bus\\Dispatcher::dispatchNow():126}()
#8 /home/rouqy-jewellery-api-faz/htdocs/api-faz.rouqy-jewellery.com/vendor/laravel/framework/src/Illuminate/Pipeline/Pipeline.php(137): Illuminate\\Pipeline\\Pipeline->{closure:Illuminate\\Pipeline\\Pipeline::prepareDestination():178}()
#9 /home/rouqy-jewellery-api-faz/htdocs/api-faz.rouqy-jewellery.com/vendor/laravel/framework/src/Illuminate/Bus/Dispatcher.php(133): Illuminate\\Pipeline\\Pipeline->then()
#10 /home/rouqy-jewellery-api-faz/htdocs/api-faz.rouqy-jewellery.com/vendor/laravel/framework/src/Illuminate/Queue/CallQueuedHandler.php(136): Illuminate\\Bus\\Dispatcher->dispatchNow()
#11 /home/rouqy-jewellery-api-faz/htdocs/api-faz.rouqy-jewellery.com/vendor/laravel/framework/src/Illuminate/Pipeline/Pipeline.php(180): Illuminate\\Queue\\CallQueuedHandler->{closure:Illuminate\\Queue\\CallQueuedHandler::dispatchThroughMiddleware():129}()
#12 /home/rouqy-jewellery-api-faz/htdocs/api-faz.rouqy-jewellery.com/vendor/laravel/framework/src/Illuminate/Pipeline/Pipeline.php(137): Illuminate\\Pipeline\\Pipeline->{closure:Illuminate\\Pipeline\\Pipeline::prepareDestination():178}()
#13 /home/rouqy-jewellery-api-faz/htdocs/api-faz.rouqy-jewellery.com/vendor/laravel/framework/src/Illuminate/Queue/CallQueuedHandler.php(129): Illuminate\\Pipeline\\Pipeline->then()
#14 /home/rouqy-jewellery-api-faz/htdocs/api-faz.rouqy-jewellery.com/vendor/laravel/framework/src/Illuminate/Queue/CallQueuedHandler.php(70): Illuminate\\Queue\\CallQueuedHandler->dispatchThroughMiddleware()
#15 /home/rouqy-jewellery-api-faz/htdocs/api-faz.rouqy-jewellery.com/vendor/laravel/framework/src/Illuminate/Queue/Jobs/Job.php(102): Illuminate\\Queue\\CallQueuedHandler->call()
#16 /home/rouqy-jewellery-api-faz/htdocs/api-faz.rouqy-jewellery.com/vendor/laravel/framework/src/Illuminate/Queue/Worker.php(504): Illuminate\\Queue\\Jobs\\Job->fire()
#17 /home/rouqy-jewellery-api-faz/htdocs/api-faz.rouqy-jewellery.com/vendor/laravel/framework/src/Illuminate/Queue/Worker.php(454): Illuminate\\Queue\\Worker->process()
#18 /home/rouqy-jewellery-api-faz/htdocs/api-faz.rouqy-jewellery.com/vendor/laravel/framework/src/Illuminate/Queue/Worker.php(212): Illuminate\\Queue\\Worker->runJob()
#19 /home/rouqy-jewellery-api-faz/htdocs/api-faz.rouqy-jewellery.com/vendor/laravel/framework/src/Illuminate/Queue/Console/WorkCommand.php(149): Illuminate\\Queue\\Worker->daemon()
#20 /home/rouqy-jewellery-api-faz/htdocs/api-faz.rouqy-jewellery.com/vendor/laravel/framework/src/Illuminate/Queue/Console/WorkCommand.php(132): Illuminate\\Queue\\Console\\WorkCommand->runWorker()
#21 /home/rouqy-jewellery-api-faz/htdocs/api-faz.rouqy-jewellery.com/vendor/laravel/framework/src/Illuminate/Container/BoundMethod.php(36): Illuminate\\Queue\\Console\\WorkCommand->handle()
#22 /home/rouqy-jewellery-api-faz/htdocs/api-faz.rouqy-jewellery.com/vendor/laravel/framework/src/Illuminate/Container/Util.php(43): Illuminate\\Container\\BoundMethod::{closure:Illuminate\\Container\\BoundMethod::call():35}()
#23 /home/rouqy-jewellery-api-faz/htdocs/api-faz.rouqy-jewellery.com/vendor/laravel/framework/src/Illuminate/Container/BoundMethod.php(96): Illuminate\\Container\\Util::unwrapIfClosure()
#24 /home/rouqy-jewellery-api-faz/htdocs/api-faz.rouqy-jewellery.com/vendor/laravel/framework/src/Illuminate/Container/BoundMethod.php(35): Illuminate\\Container\\BoundMethod::callBoundMethod()
#25 /home/rouqy-jewellery-api-faz/htdocs/api-faz.rouqy-jewellery.com/vendor/laravel/framework/src/Illuminate/Container/Container.php(799): Illuminate\\Container\\BoundMethod::call()
#26 /home/rouqy-jewellery-api-faz/htdocs/api-faz.rouqy-jewellery.com/vendor/laravel/framework/src/Illuminate/Console/Command.php(211): Illuminate\\Container\\Container->call()
#27 /home/rouqy-jewellery-api-faz/htdocs/api-faz.rouqy-jewellery.com/vendor/symfony/console/Command/Command.php(341): Illuminate\\Console\\Command->execute()
#28 /home/rouqy-jewellery-api-faz/htdocs/api-faz.rouqy-jewellery.com/vendor/laravel/framework/src/Illuminate/Console/Command.php(180): Symfony\\Component\\Console\\Command\\Command->run()
#29 /home/rouqy-jewellery-api-faz/htdocs/api-faz.rouqy-jewellery.com/vendor/symfony/console/Application.php(1117): Illuminate\\Console\\Command->run()
#30 /home/rouqy-jewellery-api-faz/htdocs/api-faz.rouqy-jewellery.com/vendor/symfony/console/Application.php(356): Symfony\\Component\\Console\\Application->doRunCommand()
#31 /home/rouqy-jewellery-api-faz/htdocs/api-faz.rouqy-jewellery.com/vendor/symfony/console/Application.php(195): Symfony\\Component\\Console\\Application->doRun()
#32 /home/rouqy-jewellery-api-faz/htdocs/api-faz.rouqy-jewellery.com/vendor/laravel/framework/src/Illuminate/Foundation/Console/Kernel.php(198): Symfony\\Component\\Console\\Application->run()
#33 /home/rouqy-jewellery-api-faz/htdocs/api-faz.rouqy-jewellery.com/vendor/laravel/framework/src/Illuminate/Foundation/Application.php(1235): Illuminate\\Foundation\\Console\\Kernel->handle()
#34 /home/rouqy-jewellery-api-faz/htdocs/api-faz.rouqy-jewellery.com/artisan(16): Illuminate\\Foundation\\Application->handleCommand()
#35 {main}
"} 
[2026-07-23 13:02:18] local.ERROR: The payload is invalid. {"exception":"[object] (Illuminate\\Contracts\\Encryption\\DecryptException(code: 0): The payload is invalid. at /home/rouqy-jewellery-api-faz/htdocs/api-faz.rouqy-jewellery.com/vendor/laravel/framework/src/Illuminate/Encryption/Encrypter.php:244)
[stacktrace]
#0 /home/rouqy-jewellery-api-faz/htdocs/api-faz.rouqy-jewellery.com/vendor/laravel/framework/src/Illuminate/Encryption/Encrypter.php(157): Illuminate\\Encryption\\Encrypter->getJsonPayload()
#1 /home/rouqy-jewellery-api-faz/htdocs/api-faz.rouqy-jewellery.com/vendor/laravel/framework/src/Illuminate/Database/Eloquent/Concerns/HasAttributes.php(1428): Illuminate\\Encryption\\Encrypter->decrypt()
#2 /home/rouqy-jewellery-api-faz/htdocs/api-faz.rouqy-jewellery.com/vendor/laravel/framework/src/Illuminate/Database/Eloquent/Concerns/HasAttributes.php(844): Illuminate\\Database\\Eloquent\\Model->fromEncryptedString()
#3 /home/rouqy-jewellery-api-faz/htdocs/api-faz.rouqy-jewellery.com/vendor/laravel/framework/src/Illuminate/Database/Eloquent/Concerns/HasAttributes.php(2403): Illuminate\\Database\\Eloquent\\Model->castAttribute()
#4 /home/rouqy-jewellery-api-faz/htdocs/api-faz.rouqy-jewellery.com/vendor/laravel/framework/src/Illuminate/Database/Eloquent/Concerns/HasAttributes.php(529): Illuminate\\Database\\Eloquent\\Model->transformModelValue()
#5 /home/rouqy-jewellery-api-faz/htdocs/api-faz.rouqy-jewellery.com/vendor/laravel/framework/src/Illuminate/Database/Eloquent/Concerns/HasAttributes.php(483): Illuminate\\Database\\Eloquent\\Model->getAttributeValue()
#6 /home/rouqy-jewellery-api-faz/htdocs/api-faz.rouqy-jewellery.com/vendor/laravel/framework/src/Illuminate/Database/Eloquent/Model.php(2427): Illuminate\\Database\\Eloquent\\Model->getAttribute()
#7 /home/rouqy-jewellery-api-faz/htdocs/api-faz.rouqy-jewellery.com/app/Services/Zatca/ZatcaSubmissionService.php(36): Illuminate\\Database\\Eloquent\\Model->__get()
#8 /home/rouqy-jewellery-api-faz/htdocs/api-faz.rouqy-jewellery.com/app/Jobs/SubmitInvoiceToZatcaJob.php(39): App\\Services\\Zatca\\ZatcaSubmissionService->submit()
#9 /home/rouqy-jewellery-api-faz/htdocs/api-faz.rouqy-jewellery.com/vendor/laravel/framework/src/Illuminate/Container/BoundMethod.php(36): App\\Jobs\\SubmitInvoiceToZatcaJob->handle()
#10 /home/rouqy-jewellery-api-faz/htdocs/api-faz.rouqy-jewellery.com/vendor/laravel/framework/src/Illuminate/Container/Util.php(43): Illuminate\\Container\\BoundMethod::{closure:Illuminate\\Container\\BoundMethod::call():35}()
#11 /home/rouqy-jewellery-api-faz/htdocs/api-faz.rouqy-jewellery.com/vendor/laravel/framework/src/Illuminate/Container/BoundMethod.php(96): Illuminate\\Container\\Util::unwrapIfClosure()
#12 /home/rouqy-jewellery-api-faz/htdocs/api-faz.rouqy-jewellery.com/vendor/laravel/framework/src/Illuminate/Container/BoundMethod.php(35): Illuminate\\Container\\BoundMethod::callBoundMethod()
#13 /home/rouqy-jewellery-api-faz/htdocs/api-faz.rouqy-jewellery.com/vendor/laravel/framework/src/Illuminate/Container/Container.php(799): Illuminate\\Container\\BoundMethod::call()
#14 /home/rouqy-jewellery-api-faz/htdocs/api-faz.rouqy-jewellery.com/vendor/laravel/framework/src/Illuminate/Bus/Dispatcher.php(129): Illuminate\\Container\\Container->call()
#15 /home/rouqy-jewellery-api-faz/htdocs/api-faz.rouqy-jewellery.com/vendor/laravel/framework/src/Illuminate/Pipeline/Pipeline.php(180): Illuminate\\Bus\\Dispatcher->{closure:Illuminate\\Bus\\Dispatcher::dispatchNow():126}()
#16 /home/rouqy-jewellery-api-faz/htdocs/api-faz.rouqy-jewellery.com/vendor/laravel/framework/src/Illuminate/Pipeline/Pipeline.php(137): Illuminate\\Pipeline\\Pipeline->{closure:Illuminate\\Pipeline\\Pipeline::prepareDestination():178}()
#17 /home/rouqy-jewellery-api-faz/htdocs/api-faz.rouqy-jewellery.com/vendor/laravel/framework/src/Illuminate/Bus/Dispatcher.php(133): Illuminate\\Pipeline\\Pipeline->then()
#18 /home/rouqy-jewellery-api-faz/htdocs/api-faz.rouqy-jewellery.com/vendor/laravel/framework/src/Illuminate/Queue/CallQueuedHandler.php(136): Illuminate\\Bus\\Dispatcher->dispatchNow()
#19 /home/rouqy-jewellery-api-faz/htdocs/api-faz.rouqy-jewellery.com/vendor/laravel/framework/src/Illuminate/Pipeline/Pipeline.php(180): Illuminate\\Queue\\CallQueuedHandler->{closure:Illuminate\\Queue\\CallQueuedHandler::dispatchThroughMiddleware():129}()
#20 /home/rouqy-jewellery-api-faz/htdocs/api-faz.rouqy-jewellery.com/vendor/laravel/framework/src/Illuminate/Pipeline/Pipeline.php(137): Illuminate\\Pipeline\\Pipeline->{closure:Illuminate\\Pipeline\\Pipeline::prepareDestination():178}()
#21 /home/rouqy-jewellery-api-faz/htdocs/api-faz.rouqy-jewellery.com/vendor/laravel/framework/src/Illuminate/Queue/CallQueuedHandler.php(129): Illuminate\\Pipeline\\Pipeline->then()
#22 /home/rouqy-jewellery-api-faz/htdocs/api-faz.rouqy-jewellery.com/vendor/laravel/framework/src/Illuminate/Queue/CallQueuedHandler.php(70): Illuminate\\Queue\\CallQueuedHandler->dispatchThroughMiddleware()
#23 /home/rouqy-jewellery-api-faz/htdocs/api-faz.rouqy-jewellery.com/vendor/laravel/framework/src/Illuminate/Queue/Jobs/Job.php(102): Illuminate\\Queue\\CallQueuedHandler->call()
#24 /home/rouqy-jewellery-api-faz/htdocs/api-faz.rouqy-jewellery.com/vendor/laravel/framework/src/Illuminate/Queue/Worker.php(504): Illuminate\\Queue\\Jobs\\Job->fire()
#25 /home/rouqy-jewellery-api-faz/htdocs/api-faz.rouqy-jewellery.com/vendor/laravel/framework/src/Illuminate/Queue/Worker.php(454): Illuminate\\Queue\\Worker->process()
#26 /home/rouqy-jewellery-api-faz/htdocs/api-faz.rouqy-jewellery.com/vendor/laravel/framework/src/Illuminate/Queue/Worker.php(212): Illuminate\\Queue\\Worker->runJob()
#27 /home/rouqy-jewellery-api-faz/htdocs/api-faz.rouqy-jewellery.com/vendor/laravel/framework/src/Illuminate/Queue/Console/WorkCommand.php(149): Illuminate\\Queue\\Worker->daemon()
#28 /home/rouqy-jewellery-api-faz/htdocs/api-faz.rouqy-jewellery.com/vendor/laravel/framework/src/Illuminate/Queue/Console/WorkCommand.php(132): Illuminate\\Queue\\Console\\WorkCommand->runWorker()
#29 /home/rouqy-jewellery-api-faz/htdocs/api-faz.rouqy-jewellery.com/vendor/laravel/framework/src/Illuminate/Container/BoundMethod.php(36): Illuminate\\Queue\\Console\\WorkCommand->handle()
#30 /home/rouqy-jewellery-api-faz/htdocs/api-faz.rouqy-jewellery.com/vendor/laravel/framework/src/Illuminate/Container/Util.php(43): Illuminate\\Container\\BoundMethod::{closure:Illuminate\\Container\\BoundMethod::call():35}()
#31 /home/rouqy-jewellery-api-faz/htdocs/api-faz.rouqy-jewellery.com/vendor/laravel/framework/src/Illuminate/Container/BoundMethod.php(96): Illuminate\\Container\\Util::unwrapIfClosure()
#32 /home/rouqy-jewellery-api-faz/htdocs/api-faz.rouqy-jewellery.com/vendor/laravel/framework/src/Illuminate/Container/BoundMethod.php(35): Illuminate\\Container\\BoundMethod::callBoundMethod()
#33 /home/rouqy-jewellery-api-faz/htdocs/api-faz.rouqy-jewellery.com/vendor/laravel/framework/src/Illuminate/Container/Container.php(799): Illuminate\\Container\\BoundMethod::call()
#34 /home/rouqy-jewellery-api-faz/htdocs/api-faz.rouqy-jewellery.com/vendor/laravel/framework/src/Illuminate/Console/Command.php(211): Illuminate\\Container\\Container->call()
#35 /home/rouqy-jewellery-api-faz/htdocs/api-faz.rouqy-jewellery.com/vendor/symfony/console/Command/Command.php(341): Illuminate\\Console\\Command->execute()
#36 /home/rouqy-jewellery-api-faz/htdocs/api-faz.rouqy-jewellery.com/vendor/laravel/framework/src/Illuminate/Console/Command.php(180): Symfony\\Component\\Console\\Command\\Command->run()
#37 /home/rouqy-jewellery-api-faz/htdocs/api-faz.rouqy-jewellery.com/vendor/symfony/console/Application.php(1117): Illuminate\\Console\\Command->run()
#38 /home/rouqy-jewellery-api-faz/htdocs/api-faz.rouqy-jewellery.com/vendor/symfony/console/Application.php(356): Symfony\\Component\\Console\\Application->doRunCommand()
#39 /home/rouqy-jewellery-api-faz/htdocs/api-faz.rouqy-jewellery.com/vendor/symfony/console/Application.php(195): Symfony\\Component\\Console\\Application->doRun()
#40 /home/rouqy-jewellery-api-faz/htdocs/api-faz.rouqy-jewellery.com/vendor/laravel/framework/src/Illuminate/Foundation/Console/Kernel.php(198): Symfony\\Component\\Console\\Application->run()
#41 /home/rouqy-jewellery-api-faz/htdocs/api-faz.rouqy-jewellery.com/vendor/laravel/framework/src/Illuminate/Foundation/Application.php(1235): Illuminate\\Foundation\\Console\\Kernel->handle()
#42 /home/rouqy-jewellery-api-faz/htdocs/api-faz.rouqy-jewellery.com/artisan(16): Illuminate\\Foundation\\Application->handleCommand()
#43 {main}
"} 
[2026-07-24 20:57:27] local.ERROR: Route [login] not defined. {"exception":"[object] (Symfony\\Component\\Routing\\Exception\\RouteNotFoundException(code: 0): Route [login] not defined. at /home/rouqy-jewellery-api-faz/htdocs/api-faz.rouqy-jewellery.com/vendor/laravel/framework/src/Illuminate/Routing/UrlGenerator.php:534)
[stacktrace]
#0 /home/rouqy-jewellery-api-faz/htdocs/api-faz.rouqy-jewellery.com/vendor/laravel/framework/src/Illuminate/Foundation/helpers.php(870): Illuminate\\Routing\\UrlGenerator->route()
#1 /home/rouqy-jewellery-api-faz/htdocs/api-faz.rouqy-jewellery.com/vendor/laravel/framework/src/Illuminate/Foundation/Configuration/ApplicationBuilder.php(278): route()
#2 [internal function]: Illuminate\\Foundation\\Configuration\\ApplicationBuilder->Illuminate\\Foundation\\Configuration\\{closure}()
#3 /home/rouqy-jewellery-api-faz/htdocs/api-faz.rouqy-jewellery.com/vendor/laravel/framework/src/Illuminate/Auth/Middleware/Authenticate.php(117): call_user_func()
#4 /home/rouqy-jewellery-api-faz/htdocs/api-faz.rouqy-jewellery.com/vendor/laravel/framework/src/Illuminate/Auth/Middleware/Authenticate.php(104): Illuminate\\Auth\\Middleware\\Authenticate->redirectTo()
#5 /home/rouqy-jewellery-api-faz/htdocs/api-faz.rouqy-jewellery.com/vendor/laravel/framework/src/Illuminate/Auth/Middleware/Authenticate.php(87): Illuminate\\Auth\\Middleware\\Authenticate->unauthenticated()
#6 /home/rouqy-jewellery-api-faz/htdocs/api-faz.rouqy-jewellery.com/vendor/laravel/framework/src/Illuminate/Auth/Middleware/Authenticate.php(61): Illuminate\\Auth\\Middleware\\Authenticate->authenticate()
#7 /home/rouqy-jewellery-api-faz/htdocs/api-faz.rouqy-jewellery.com/vendor/laravel/framework/src/Illuminate/Pipeline/Pipeline.php(219): Illuminate\\Auth\\Middleware\\Authenticate->handle()
#8 /home/rouqy-jewellery-api-faz/htdocs/api-faz.rouqy-jewellery.com/vendor/laravel/framework/src/Illuminate/Pipeline/Pipeline.php(137): Illuminate\\Pipeline\\Pipeline->Illuminate\\Pipeline\\{closure}()
#9 /home/rouqy-jewellery-api-faz/htdocs/api-faz.rouqy-jewellery.com/vendor/laravel/framework/src/Illuminate/Routing/Router.php(821): Illuminate\\Pipeline\\Pipeline->then()
#10 /home/rouqy-jewellery-api-faz/htdocs/api-faz.rouqy-jewellery.com/vendor/laravel/framework/src/Illuminate/Routing/Router.php(800): Illuminate\\Routing\\Router->runRouteWithinStack()
#11 /home/rouqy-jewellery-api-faz/htdocs/api-faz.rouqy-jewellery.com/vendor/laravel/framework/src/Illuminate/Routing/Router.php(764): Illuminate\\Routing\\Router->runRoute()
#12 /home/rouqy-jewellery-api-faz/htdocs/api-faz.rouqy-jewellery.com/vendor/laravel/framework/src/Illuminate/Routing/Router.php(753): Illuminate\\Routing\\Router->dispatchToRoute()
#13 /home/rouqy-jewellery-api-faz/htdocs/api-faz.rouqy-jewellery.com/vendor/laravel/framework/src/Illuminate/Foundation/Http/Kernel.php(200): Illuminate\\Routing\\Router->dispatch()
#14 /home/rouqy-jewellery-api-faz/htdocs/api-faz.rouqy-jewellery.com/vendor/laravel/framework/src/Illuminate/Pipeline/Pipeline.php(180): Illuminate\\Foundation\\Http\\Kernel->Illuminate\\Foundation\\Http\\{closure}()
#15 /home/rouqy-jewellery-api-faz/htdocs/api-faz.rouqy-jewellery.com/vendor/laravel/framework/src/Illuminate/Foundation/Http/Middleware/TransformsRequest.php(21): Illuminate\\Pipeline\\Pipeline->Illuminate\\Pipeline\\{closure}()
#16 /home/rouqy-jewellery-api-faz/htdocs/api-faz.rouqy-jewellery.com/vendor/laravel/framework/src/Illuminate/Foundation/Http/Middleware/ConvertEmptyStringsToNull.php(31): Illuminate\\Foundation\\Http\\Middleware\\TransformsRequest->handle()
#17 /home/rouqy-jewellery-api-faz/htdocs/api-faz.rouqy-jewellery.com/vendor/laravel/framework/src/Illuminate/Pipeline/Pipeline.php(219): Illuminate\\Foundation\\Http\\Middleware\\ConvertEmptyStringsToNull->handle()
#18 /home/rouqy-jewellery-api-faz/htdocs/api-faz.rouqy-jewellery.com/vendor/laravel/framework/src/Illuminate/Foundation/Http/Middleware/TransformsRequest.php(21): Illuminate\\Pipeline\\Pipeline->Illuminate\\Pipeline\\{closure}()
#19 /home/rouqy-jewellery-api-faz/htdocs/api-faz.rouqy-jewellery.com/vendor/laravel/framework/src/Illuminate/Foundation/Http/Middleware/TrimStrings.php(51): Illuminate\\Foundation\\Http\\Middleware\\TransformsRequest->handle()
#20 /home/rouqy-jewellery-api-faz/htdocs/api-faz.rouqy-jewellery.com/vendor/laravel/framework/src/Illuminate/Pipeline/Pipeline.php(219): Illuminate\\Foundation\\Http\\Middleware\\TrimStrings->handle()
#21 /home/rouqy-jewellery-api-faz/htdocs/api-faz.rouqy-jewellery.com/vendor/laravel/framework/src/Illuminate/Http/Middleware/ValidatePostSize.php(27): Illuminate\\Pipeline\\Pipeline->Illuminate\\Pipeline\\{closure}()
#22 /home/rouqy-jewellery-api-faz/htdocs/api-faz.rouqy-jewellery.com/vendor/laravel/framework/src/Illuminate/Pipeline/Pipeline.php(219): Illuminate\\Http\\Middleware\\ValidatePostSize->handle()
#23 /home/rouqy-jewellery-api-faz/htdocs/api-faz.rouqy-jewellery.com/vendor/laravel/framework/src/Illuminate/Foundation/Http/Middleware/PreventRequestsDuringMaintenance.php(109): Illuminate\\Pipeline\\Pipeline->Illuminate\\Pipeline\\{closure}()
#24 /home/rouqy-jewellery-api-faz/htdocs/api-faz.rouqy-jewellery.com/vendor/laravel/framework/src/Illuminate/Pipeline/Pipeline.php(219): Illuminate\\Foundation\\Http\\Middleware\\PreventRequestsDuringMaintenance->handle()
#25 /home/rouqy-jewellery-api-faz/htdocs/api-faz.rouqy-jewellery.com/vendor/laravel/framework/src/Illuminate/Http/Middleware/HandleCors.php(74): Illuminate\\Pipeline\\Pipeline->Illuminate\\Pipeline\\{closure}()
#26 /home/rouqy-jewellery-api-faz/htdocs/api-faz.rouqy-jewellery.com/vendor/laravel/framework/src/Illuminate/Pipeline/Pipeline.php(219): Illuminate\\Http\\Middleware\\HandleCors->handle()
#27 /home/rouqy-jewellery-api-faz/htdocs/api-faz.rouqy-jewellery.com/vendor/laravel/framework/src/Illuminate/Http/Middleware/TrustProxies.php(58): Illuminate\\Pipeline\\Pipeline->Illuminate\\Pipeline\\{closure}()
#28 /home/rouqy-jewellery-api-faz/htdocs/api-faz.rouqy-jewellery.com/vendor/laravel/framework/src/Illuminate/Pipeline/Pipeline.php(219): Illuminate\\Http\\Middleware\\TrustProxies->handle()
#29 /home/rouqy-jewellery-api-faz/htdocs/api-faz.rouqy-jewellery.com/vendor/laravel/framework/src/Illuminate/Foundation/Http/Middleware/InvokeDeferredCallbacks.php(22): Illuminate\\Pipeline\\Pipeline->Illuminate\\Pipeline\\{closure}()
#30 /home/rouqy-jewellery-api-faz/htdocs/api-faz.rouqy-jewellery.com/vendor/laravel/framework/src/Illuminate/Pipeline/Pipeline.php(219): Illuminate\\Foundation\\Http\\Middleware\\InvokeDeferredCallbacks->handle()
#31 /home/rouqy-jewellery-api-faz/htdocs/api-faz.rouqy-jewellery.com/vendor/laravel/framework/src/Illuminate/Http/Middleware/ValidatePathEncoding.php(26): Illuminate\\Pipeline\\Pipeline->Illuminate\\Pipeline\\{closure}()
#32 /home/rouqy-jewellery-api-faz/htdocs/api-faz.rouqy-jewellery.com/vendor/laravel/framework/src/Illuminate/Pipeline/Pipeline.php(219): Illuminate\\Http\\Middleware\\ValidatePathEncoding->handle()
#33 /home/rouqy-jewellery-api-faz/htdocs/api-faz.rouqy-jewellery.com/vendor/laravel/framework/src/Illuminate/Pipeline/Pipeline.php(137): Illuminate\\Pipeline\\Pipeline->Illuminate\\Pipeline\\{closure}()
#34 /home/rouqy-jewellery-api-faz/htdocs/api-faz.rouqy-jewellery.com/vendor/laravel/framework/src/Illuminate/Foundation/Http/Kernel.php(175): Illuminate\\Pipeline\\Pipeline->then()
#35 /home/rouqy-jewellery-api-faz/htdocs/api-faz.rouqy-jewellery.com/vendor/laravel/framework/src/Illuminate/Foundation/Http/Kernel.php(144): Illuminate\\Foundation\\Http\\Kernel->sendRequestThroughRouter()
#36 /home/rouqy-jewellery-api-faz/htdocs/api-faz.rouqy-jewellery.com/vendor/laravel/framework/src/Illuminate/Foundation/Application.php(1220): Illuminate\\Foundation\\Http\\Kernel->handle()
#37 /home/rouqy-jewellery-api-faz/htdocs/api-faz.rouqy-jewellery.com/public/index.php(20): Illuminate\\Foundation\\Application->handleRequest()
#38 {main}
"} 
[2026-07-25 09:41:50] local.ERROR: SQLSTATE[HY000]: General error: 1364 Field 'owner_name' doesn't have a default value (Connection: mysql, Host: 127.0.0.1, Port: 3306, Database: zatca-saas-app, SQL: insert into `companies` (`trade_name_ar`, `trade_name_en`, `vat_number`, `status`, `updated_at`, `created_at`) values (شركة تجريبية, Test Company, 400000000000004, active, 2026-07-25 09:41:50, 2026-07-25 09:41:50)) {"userId":3,"exception":"[object] (Illuminate\\Database\\QueryException(code: HY000): SQLSTATE[HY000]: General error: 1364 Field 'owner_name' doesn't have a default value (Connection: mysql, Host: 127.0.0.1, Port: 3306, Database: zatca-saas-app, SQL: insert into `companies` (`trade_name_ar`, `trade_name_en`, `vat_number`, `status`, `updated_at`, `created_at`) values (شركة تجريبية, Test Company, 400000000000004, active, 2026-07-25 09:41:50, 2026-07-25 09:41:50)) at /home/rouqy-jewellery-api-faz/htdocs/api-faz.rouqy-jewellery.com/vendor/laravel/framework/src/Illuminate/Database/Connection.php:838)
[stacktrace]
#0 /home/rouqy-jewellery-api-faz/htdocs/api-faz.rouqy-jewellery.com/vendor/laravel/framework/src/Illuminate/Database/Connection.php(794): Illuminate\\Database\\Connection->runQueryCallback()
#1 /home/rouqy-jewellery-api-faz/htdocs/api-faz.rouqy-jewellery.com/vendor/laravel/framework/src/Illuminate/Database/MySqlConnection.php(42): Illuminate\\Database\\Connection->run()
#2 /home/rouqy-jewellery-api-faz/htdocs/api-faz.rouqy-jewellery.com/vendor/laravel/framework/src/Illuminate/Database/Query/Processors/MySqlProcessor.php(35): Illuminate\\Database\\MySqlConnection->insert()
#3 /home/rouqy-jewellery-api-faz/htdocs/api-faz.rouqy-jewellery.com/vendor/laravel/framework/src/Illuminate/Database/Query/Builder.php(4170): Illuminate\\Database\\Query\\Processors\\MySqlProcessor->processInsertGetId()
#4 /home/rouqy-jewellery-api-faz/htdocs/api-faz.rouqy-jewellery.com/vendor/laravel/framework/src/Illuminate/Database/Eloquent/Builder.php(2237): Illuminate\\Database\\Query\\Builder->insertGetId()
#5 /home/rouqy-jewellery-api-faz/htdocs/api-faz.rouqy-jewellery.com/vendor/laravel/framework/src/Illuminate/Database/Eloquent/Model.php(1436): Illuminate\\Database\\Eloquent\\Builder->__call()
#6 /home/rouqy-jewellery-api-faz/htdocs/api-faz.rouqy-jewellery.com/vendor/laravel/framework/src/Illuminate/Database/Eloquent/Model.php(1401): Illuminate\\Database\\Eloquent\\Model->insertAndSetId()
#7 /home/rouqy-jewellery-api-faz/htdocs/api-faz.rouqy-jewellery.com/vendor/laravel/framework/src/Illuminate/Database/Eloquent/Model.php(1240): Illuminate\\Database\\Eloquent\\Model->performInsert()
#8 /home/rouqy-jewellery-api-faz/htdocs/api-faz.rouqy-jewellery.com/vendor/laravel/framework/src/Illuminate/Database/Eloquent/Builder.php(1219): Illuminate\\Database\\Eloquent\\Model->save()
#9 /home/rouqy-jewellery-api-faz/htdocs/api-faz.rouqy-jewellery.com/vendor/laravel/framework/src/Illuminate/Support/helpers.php(393): Illuminate\\Database\\Eloquent\\Builder->Illuminate\\Database\\Eloquent\\{closure}()
#10 /home/rouqy-jewellery-api-faz/htdocs/api-faz.rouqy-jewellery.com/vendor/laravel/framework/src/Illuminate/Database/Eloquent/Builder.php(1218): tap()
#11 /home/rouqy-jewellery-api-faz/htdocs/api-faz.rouqy-jewellery.com/vendor/laravel/framework/src/Illuminate/Support/Traits/ForwardsCalls.php(23): Illuminate\\Database\\Eloquent\\Builder->create()
#12 /home/rouqy-jewellery-api-faz/htdocs/api-faz.rouqy-jewellery.com/vendor/laravel/framework/src/Illuminate/Database/Eloquent/Model.php(2544): Illuminate\\Database\\Eloquent\\Model->forwardCallTo()
#13 /home/rouqy-jewellery-api-faz/htdocs/api-faz.rouqy-jewellery.com/vendor/laravel/framework/src/Illuminate/Database/Eloquent/Model.php(2560): Illuminate\\Database\\Eloquent\\Model->__call()
#14 /home/rouqy-jewellery-api-faz/htdocs/api-faz.rouqy-jewellery.com/app/Services/Admin/PlatformAdminService.php(50): Illuminate\\Database\\Eloquent\\Model::__callStatic()
#15 /home/rouqy-jewellery-api-faz/htdocs/api-faz.rouqy-jewellery.com/vendor/laravel/framework/src/Illuminate/Database/Concerns/ManagesTransactions.php(35): App\\Services\\Admin\\PlatformAdminService->App\\Services\\Admin\\{closure}()
#16 /home/rouqy-jewellery-api-faz/htdocs/api-faz.rouqy-jewellery.com/vendor/laravel/framework/src/Illuminate/Database/DatabaseManager.php(491): Illuminate\\Database\\Connection->transaction()
#17 /home/rouqy-jewellery-api-faz/htdocs/api-faz.rouqy-jewellery.com/vendor/laravel/framework/src/Illuminate/Support/Facades/Facade.php(363): Illuminate\\Database\\DatabaseManager->__call()
#18 /home/rouqy-jewellery-api-faz/htdocs/api-faz.rouqy-jewellery.com/app/Services/Admin/PlatformAdminService.php(49): Illuminate\\Support\\Facades\\Facade::__callStatic()
#19 /home/rouqy-jewellery-api-faz/htdocs/api-faz.rouqy-jewellery.com/app/Http/Controllers/Api/V1/Admin/CompanyManagementController.php(38): App\\Services\\Admin\\PlatformAdminService->createCompany()
#20 /home/rouqy-jewellery-api-faz/htdocs/api-faz.rouqy-jewellery.com/vendor/laravel/framework/src/Illuminate/Routing/ControllerDispatcher.php(46): App\\Http\\Controllers\\Api\\V1\\Admin\\CompanyManagementController->store()
#21 /home/rouqy-jewellery-api-faz/htdocs/api-faz.rouqy-jewellery.com/vendor/laravel/framework/src/Illuminate/Routing/Route.php(265): Illuminate\\Routing\\ControllerDispatcher->dispatch()
#22 /home/rouqy-jewellery-api-faz/htdocs/api-faz.rouqy-jewellery.com/vendor/laravel/framework/src/Illuminate/Routing/Route.php(211): Illuminate\\Routing\\Route->runController()
#23 /home/rouqy-jewellery-api-faz/htdocs/api-faz.rouqy-jewellery.com/vendor/laravel/framework/src/Illuminate/Routing/Router.php(822): Illuminate\\Routing\\Route->run()
#24 /home/rouqy-jewellery-api-faz/htdocs/api-faz.rouqy-jewellery.com/vendor/laravel/framework/src/Illuminate/Pipeline/Pipeline.php(180): Illuminate\\Routing\\Router->Illuminate\\Routing\\{closure}()
#25 /home/rouqy-jewellery-api-faz/htdocs/api-faz.rouqy-jewellery.com/app/Http/Middleware/RoleCheck.php(25): Illuminate\\Pipeline\\Pipeline->Illuminate\\Pipeline\\{closure}()
#26 /home/rouqy-jewellery-api-faz/htdocs/api-faz.rouqy-jewellery.com/vendor/laravel/framework/src/Illuminate/Pipeline/Pipeline.php(219): App\\Http\\Middleware\\RoleCheck->handle()
#27 /home/rouqy-jewellery-api-faz/htdocs/api-faz.rouqy-jewellery.com/app/Http/Middleware/EnsureCompanyIsActive.php(30): Illuminate\\Pipeline\\Pipeline->Illuminate\\Pipeline\\{closure}()
#28 /home/rouqy-jewellery-api-faz/htdocs/api-faz.rouqy-jewellery.com/vendor/laravel/framework/src/Illuminate/Pipeline/Pipeline.php(219): App\\Http\\Middleware\\EnsureCompanyIsActive->handle()
#29 /home/rouqy-jewellery-api-faz/htdocs/api-faz.rouqy-jewellery.com/app/Http/Middleware/SetLocale.php(19): Illuminate\\Pipeline\\Pipeline->Illuminate\\Pipeline\\{closure}()
#30 /home/rouqy-jewellery-api-faz/htdocs/api-faz.rouqy-jewellery.com/vendor/laravel/framework/src/Illuminate/Pipeline/Pipeline.php(219): App\\Http\\Middleware\\SetLocale->handle()
#31 /home/rouqy-jewellery-api-faz/htdocs/api-faz.rouqy-jewellery.com/vendor/laravel/framework/src/Illuminate/Routing/Middleware/SubstituteBindings.php(50): Illuminate\\Pipeline\\Pipeline->Illuminate\\Pipeline\\{closure}()
#32 /home/rouqy-jewellery-api-faz/htdocs/api-faz.rouqy-jewellery.com/vendor/laravel/framework/src/Illuminate/Pipeline/Pipeline.php(219): Illuminate\\Routing\\Middleware\\SubstituteBindings->handle()
#33 /home/rouqy-jewellery-api-faz/htdocs/api-faz.rouqy-jewellery.com/vendor/laravel/framework/src/Illuminate/Auth/Middleware/Authenticate.php(63): Illuminate\\Pipeline\\Pipeline->Illuminate\\Pipeline\\{closure}()
#34 /home/rouqy-jewellery-api-faz/htdocs/api-faz.rouqy-jewellery.com/vendor/laravel/framework/src/Illuminate/Pipeline/Pipeline.php(219): Illuminate\\Auth\\Middleware\\Authenticate->handle()
#35 /home/rouqy-jewellery-api-faz/htdocs/api-faz.rouqy-jewellery.com/vendor/laravel/framework/src/Illuminate/Pipeline/Pipeline.php(137): Illuminate\\Pipeline\\Pipeline->Illuminate\\Pipeline\\{closure}()
#36 /home/rouqy-jewellery-api-faz/htdocs/api-faz.rouqy-jewellery.com/vendor/laravel/framework/src/Illuminate/Routing/Router.php(821): Illuminate\\Pipeline\\Pipeline->then()
#37 /home/rouqy-jewellery-api-faz/htdocs/api-faz.rouqy-jewellery.com/vendor/laravel/framework/src/Illuminate/Routing/Router.php(800): Illuminate\\Routing\\Router->runRouteWithinStack()
#38 /home/rouqy-jewellery-api-faz/htdocs/api-faz.rouqy-jewellery.com/vendor/laravel/framework/src/Illuminate/Routing/Router.php(764): Illuminate\\Routing\\Router->runRoute()
#39 /home/rouqy-jewellery-api-faz/htdocs/api-faz.rouqy-jewellery.com/vendor/laravel/framework/src/Illuminate/Routing/Router.php(753): Illuminate\\Routing\\Router->dispatchToRoute()
#40 /home/rouqy-jewellery-api-faz/htdocs/api-faz.rouqy-jewellery.com/vendor/laravel/framework/src/Illuminate/Foundation/Http/Kernel.php(200): Illuminate\\Routing\\Router->dispatch()
#41 /home/rouqy-jewellery-api-faz/htdocs/api-faz.rouqy-jewellery.com/vendor/laravel/framework/src/Illuminate/Pipeline/Pipeline.php(180): Illuminate\\Foundation\\Http\\Kernel->Illuminate\\Foundation\\Http\\{closure}()
#42 /home/rouqy-jewellery-api-faz/htdocs/api-faz.rouqy-jewellery.com/vendor/laravel/framework/src/Illuminate/Foundation/Http/Middleware/TransformsRequest.php(21): Illuminate\\Pipeline\\Pipeline->Illuminate\\Pipeline\\{closure}()
#43 /home/rouqy-jewellery-api-faz/htdocs/api-faz.rouqy-jewellery.com/vendor/laravel/framework/src/Illuminate/Foundation/Http/Middleware/ConvertEmptyStringsToNull.php(31): Illuminate\\Foundation\\Http\\Middleware\\TransformsRequest->handle()
#44 /home/rouqy-jewellery-api-faz/htdocs/api-faz.rouqy-jewellery.com/vendor/laravel/framework/src/Illuminate/Pipeline/Pipeline.php(219): Illuminate\\Foundation\\Http\\Middleware\\ConvertEmptyStringsToNull->handle()
#45 /home/rouqy-jewellery-api-faz/htdocs/api-faz.rouqy-jewellery.com/vendor/laravel/framework/src/Illuminate/Foundation/Http/Middleware/TransformsRequest.php(21): Illuminate\\Pipeline\\Pipeline->Illuminate\\Pipeline\\{closure}()
#46 /home/rouqy-jewellery-api-faz/htdocs/api-faz.rouqy-jewellery.com/vendor/laravel/framework/src/Illuminate/Foundation/Http/Middleware/TrimStrings.php(51): Illuminate\\Foundation\\Http\\Middleware\\TransformsRequest->handle()
#47 /home/rouqy-jewellery-api-faz/htdocs/api-faz.rouqy-jewellery.com/vendor/laravel/framework/src/Illuminate/Pipeline/Pipeline.php(219): Illuminate\\Foundation\\Http\\Middleware\\TrimStrings->handle()
#48 /home/rouqy-jewellery-api-faz/htdocs/api-faz.rouqy-jewellery.com/vendor/laravel/framework/src/Illuminate/Http/Middleware/ValidatePostSize.php(27): Illuminate\\Pipeline\\Pipeline->Illuminate\\Pipeline\\{closure}()
#49 /home/rouqy-jewellery-api-faz/htdocs/api-faz.rouqy-jewellery.com/vendor/laravel/framework/src/Illuminate/Pipeline/Pipeline.php(219): Illuminate\\Http\\Middleware\\ValidatePostSize->handle()
#50 /home/rouqy-jewellery-api-faz/htdocs/api-faz.rouqy-jewellery.com/vendor/laravel/framework/src/Illuminate/Foundation/Http/Middleware/PreventRequestsDuringMaintenance.php(109): Illuminate\\Pipeline\\Pipeline->Illuminate\\Pipeline\\{closure}()
#51 /home/rouqy-jewellery-api-faz/htdocs/api-faz.rouqy-jewellery.com/vendor/laravel/framework/src/Illuminate/Pipeline/Pipeline.php(219): Illuminate\\Foundation\\Http\\Middleware\\PreventRequestsDuringMaintenance->handle()
#52 /home/rouqy-jewellery-api-faz/htdocs/api-faz.rouqy-jewellery.com/vendor/laravel/framework/src/Illuminate/Http/Middleware/HandleCors.php(74): Illuminate\\Pipeline\\Pipeline->Illuminate\\Pipeline\\{closure}()
#53 /home/rouqy-jewellery-api-faz/htdocs/api-faz.rouqy-jewellery.com/vendor/laravel/framework/src/Illuminate/Pipeline/Pipeline.php(219): Illuminate\\Http\\Middleware\\HandleCors->handle()
#54 /home/rouqy-jewellery-api-faz/htdocs/api-faz.rouqy-jewellery.com/vendor/laravel/framework/src/Illuminate/Http/Middleware/TrustProxies.php(58): Illuminate\\Pipeline\\Pipeline->Illuminate\\Pipeline\\{closure}()
#55 /home/rouqy-jewellery-api-faz/htdocs/api-faz.rouqy-jewellery.com/vendor/laravel/framework/src/Illuminate/Pipeline/Pipeline.php(219): Illuminate\\Http\\Middleware\\TrustProxies->handle()
#56 /home/rouqy-jewellery-api-faz/htdocs/api-faz.rouqy-jewellery.com/vendor/laravel/framework/src/Illuminate/Foundation/Http/Middleware/InvokeDeferredCallbacks.php(22): Illuminate\\Pipeline\\Pipeline->Illuminate\\Pipeline\\{closure}()
#57 /home/rouqy-jewellery-api-faz/htdocs/api-faz.rouqy-jewellery.com/vendor/laravel/framework/src/Illuminate/Pipeline/Pipeline.php(219): Illuminate\\Foundation\\Http\\Middleware\\InvokeDeferredCallbacks->handle()
#58 /home/rouqy-jewellery-api-faz/htdocs/api-faz.rouqy-jewellery.com/vendor/laravel/framework/src/Illuminate/Http/Middleware/ValidatePathEncoding.php(26): Illuminate\\Pipeline\\Pipeline->Illuminate\\Pipeline\\{closure}()
#59 /home/rouqy-jewellery-api-faz/htdocs/api-faz.rouqy-jewellery.com/vendor/laravel/framework/src/Illuminate/Pipeline/Pipeline.php(219): Illuminate\\Http\\Middleware\\ValidatePathEncoding->handle()
#60 /home/rouqy-jewellery-api-faz/htdocs/api-faz.rouqy-jewellery.com/vendor/laravel/framework/src/Illuminate/Pipeline/Pipeline.php(137): Illuminate\\Pipeline\\Pipeline->Illuminate\\Pipeline\\{closure}()
#61 /home/rouqy-jewellery-api-faz/htdocs/api-faz.rouqy-jewellery.com/vendor/laravel/framework/src/Illuminate/Foundation/Http/Kernel.php(175): Illuminate\\Pipeline\\Pipeline->then()
#62 /home/rouqy-jewellery-api-faz/htdocs/api-faz.rouqy-jewellery.com/vendor/laravel/framework/src/Illuminate/Foundation/Http/Kernel.php(144): Illuminate\\Foundation\\Http\\Kernel->sendRequestThroughRouter()
#63 /home/rouqy-jewellery-api-faz/htdocs/api-faz.rouqy-jewellery.com/vendor/laravel/framework/src/Illuminate/Foundation/Application.php(1220): Illuminate\\Foundation\\Http\\Kernel->handle()
#64 /home/rouqy-jewellery-api-faz/htdocs/api-faz.rouqy-jewellery.com/public/index.php(20): Illuminate\\Foundation\\Application->handleRequest()
#65 {main}

[previous exception] [object] (PDOException(code: HY000): SQLSTATE[HY000]: General error: 1364 Field 'owner_name' doesn't have a default value at /home/rouqy-jewellery-api-faz/htdocs/api-faz.rouqy-jewellery.com/vendor/laravel/framework/src/Illuminate/Database/MySqlConnection.php:53)
[stacktrace]
#0 /home/rouqy-jewellery-api-faz/htdocs/api-faz.rouqy-jewellery.com/vendor/laravel/framework/src/Illuminate/Database/MySqlConnection.php(53): PDOStatement->execute()
#1 /home/rouqy-jewellery-api-faz/htdocs/api-faz.rouqy-jewellery.com/vendor/laravel/framework/src/Illuminate/Database/Connection.php(827): Illuminate\\Database\\MySqlConnection->Illuminate\\Database\\{closure}()
#2 /home/rouqy-jewellery-api-faz/htdocs/api-faz.rouqy-jewellery.com/vendor/laravel/framework/src/Illuminate/Database/Connection.php(794): Illuminate\\Database\\Connection->runQueryCallback()
#3 /home/rouqy-jewellery-api-faz/htdocs/api-faz.rouqy-jewellery.com/vendor/laravel/framework/src/Illuminate/Database/MySqlConnection.php(42): Illuminate\\Database\\Connection->run()
#4 /home/rouqy-jewellery-api-faz/htdocs/api-faz.rouqy-jewellery.com/vendor/laravel/framework/src/Illuminate/Database/Query/Processors/MySqlProcessor.php(35): Illuminate\\Database\\MySqlConnection->insert()
#5 /home/rouqy-jewellery-api-faz/htdocs/api-faz.rouqy-jewellery.com/vendor/laravel/framework/src/Illuminate/Database/Query/Builder.php(4170): Illuminate\\Database\\Query\\Processors\\MySqlProcessor->processInsertGetId()
#6 /home/rouqy-jewellery-api-faz/htdocs/api-faz.rouqy-jewellery.com/vendor/laravel/framework/src/Illuminate/Database/Eloquent/Builder.php(2237): Illuminate\\Database\\Query\\Builder->insertGetId()
#7 /home/rouqy-jewellery-api-faz/htdocs/api-faz.rouqy-jewellery.com/vendor/laravel/framework/src/Illuminate/Database/Eloquent/Model.php(1436): Illuminate\\Database\\Eloquent\\Builder->__call()
#8 /home/rouqy-jewellery-api-faz/htdocs/api-faz.rouqy-jewellery.com/vendor/laravel/framework/src/Illuminate/Database/Eloquent/Model.php(1401): Illuminate\\Database\\Eloquent\\Model->insertAndSetId()
#9 /home/rouqy-jewellery-api-faz/htdocs/api-faz.rouqy-jewellery.com/vendor/laravel/framework/src/Illuminate/Database/Eloquent/Model.php(1240): Illuminate\\Database\\Eloquent\\Model->performInsert()
#10 /home/rouqy-jewellery-api-faz/htdocs/api-faz.rouqy-jewellery.com/vendor/laravel/framework/src/Illuminate/Database/Eloquent/Builder.php(1219): Illuminate\\Database\\Eloquent\\Model->save()
#11 /home/rouqy-jewellery-api-faz/htdocs/api-faz.rouqy-jewellery.com/vendor/laravel/framework/src/Illuminate/Support/helpers.php(393): Illuminate\\Database\\Eloquent\\Builder->Illuminate\\Database\\Eloquent\\{closure}()
#12 /home/rouqy-jewellery-api-faz/htdocs/api-faz.rouqy-jewellery.com/vendor/laravel/framework/src/Illuminate/Database/Eloquent/Builder.php(1218): tap()
#13 /home/rouqy-jewellery-api-faz/htdocs/api-faz.rouqy-jewellery.com/vendor/laravel/framework/src/Illuminate/Support/Traits/ForwardsCalls.php(23): Illuminate\\Database\\Eloquent\\Builder->create()
#14 /home/rouqy-jewellery-api-faz/htdocs/api-faz.rouqy-jewellery.com/vendor/laravel/framework/src/Illuminate/Database/Eloquent/Model.php(2544): Illuminate\\Database\\Eloquent\\Model->forwardCallTo()
#15 /home/rouqy-jewellery-api-faz/htdocs/api-faz.rouqy-jewellery.com/vendor/laravel/framework/src/Illuminate/Database/Eloquent/Model.php(2560): Illuminate\\Database\\Eloquent\\Model->__call()
#16 /home/rouqy-jewellery-api-faz/htdocs/api-faz.rouqy-jewellery.com/app/Services/Admin/PlatformAdminService.php(50): Illuminate\\Database\\Eloquent\\Model::__callStatic()
#17 /home/rouqy-jewellery-api-faz/htdocs/api-faz.rouqy-jewellery.com/vendor/laravel/framework/src/Illuminate/Database/Concerns/ManagesTransactions.php(35): App\\Services\\Admin\\PlatformAdminService->App\\Services\\Admin\\{closure}()
#18 /home/rouqy-jewellery-api-faz/htdocs/api-faz.rouqy-jewellery.com/vendor/laravel/framework/src/Illuminate/Database/DatabaseManager.php(491): Illuminate\\Database\\Connection->transaction()
#19 /home/rouqy-jewellery-api-faz/htdocs/api-faz.rouqy-jewellery.com/vendor/laravel/framework/src/Illuminate/Support/Facades/Facade.php(363): Illuminate\\Database\\DatabaseManager->__call()
#20 /home/rouqy-jewellery-api-faz/htdocs/api-faz.rouqy-jewellery.com/app/Services/Admin/PlatformAdminService.php(49): Illuminate\\Support\\Facades\\Facade::__callStatic()
#21 /home/rouqy-jewellery-api-faz/htdocs/api-faz.rouqy-jewellery.com/app/Http/Controllers/Api/V1/Admin/CompanyManagementController.php(38): App\\Services\\Admin\\PlatformAdminService->createCompany()
#22 /home/rouqy-jewellery-api-faz/htdocs/api-faz.rouqy-jewellery.com/vendor/laravel/framework/src/Illuminate/Routing/ControllerDispatcher.php(46): App\\Http\\Controllers\\Api\\V1\\Admin\\CompanyManagementController->store()
#23 /home/rouqy-jewellery-api-faz/htdocs/api-faz.rouqy-jewellery.com/vendor/laravel/framework/src/Illuminate/Routing/Route.php(265): Illuminate\\Routing\\ControllerDispatcher->dispatch()
#24 /home/rouqy-jewellery-api-faz/htdocs/api-faz.rouqy-jewellery.com/vendor/laravel/framework/src/Illuminate/Routing/Route.php(211): Illuminate\\Routing\\Route->runController()
#25 /home/rouqy-jewellery-api-faz/htdocs/api-faz.rouqy-jewellery.com/vendor/laravel/framework/src/Illuminate/Routing/Router.php(822): Illuminate\\Routing\\Route->run()
#26 /home/rouqy-jewellery-api-faz/htdocs/api-faz.rouqy-jewellery.com/vendor/laravel/framework/src/Illuminate/Pipeline/Pipeline.php(180): Illuminate\\Routing\\Router->Illuminate\\Routing\\{closure}()
#27 /home/rouqy-jewellery-api-faz/htdocs/api-faz.rouqy-jewellery.com/app/Http/Middleware/RoleCheck.php(25): Illuminate\\Pipeline\\Pipeline->Illuminate\\Pipeline\\{closure}()
#28 /home/rouqy-jewellery-api-faz/htdocs/api-faz.rouqy-jewellery.com/vendor/laravel/framework/src/Illuminate/Pipeline/Pipeline.php(219): App\\Http\\Middleware\\RoleCheck->handle()
#29 /home/rouqy-jewellery-api-faz/htdocs/api-faz.rouqy-jewellery.com/app/Http/Middleware/EnsureCompanyIsActive.php(30): Illuminate\\Pipeline\\Pipeline->Illuminate\\Pipeline\\{closure}()
#30 /home/rouqy-jewellery-api-faz/htdocs/api-faz.rouqy-jewellery.com/vendor/laravel/framework/src/Illuminate/Pipeline/Pipeline.php(219): App\\Http\\Middleware\\EnsureCompanyIsActive->handle()
#31 /home/rouqy-jewellery-api-faz/htdocs/api-faz.rouqy-jewellery.com/app/Http/Middleware/SetLocale.php(19): Illuminate\\Pipeline\\Pipeline->Illuminate\\Pipeline\\{closure}()
#32 /home/rouqy-jewellery-api-faz/htdocs/api-faz.rouqy-jewellery.com/vendor/laravel/framework/src/Illuminate/Pipeline/Pipeline.php(219): App\\Http\\Middleware\\SetLocale->handle()
#33 /home/rouqy-jewellery-api-faz/htdocs/api-faz.rouqy-jewellery.com/vendor/laravel/framework/src/Illuminate/Routing/Middleware/SubstituteBindings.php(50): Illuminate\\Pipeline\\Pipeline->Illuminate\\Pipeline\\{closure}()
#34 /home/rouqy-jewellery-api-faz/htdocs/api-faz.rouqy-jewellery.com/vendor/laravel/framework/src/Illuminate/Pipeline/Pipeline.php(219): Illuminate\\Routing\\Middleware\\SubstituteBindings->handle()
#35 /home/rouqy-jewellery-api-faz/htdocs/api-faz.rouqy-jewellery.com/vendor/laravel/framework/src/Illuminate/Auth/Middleware/Authenticate.php(63): Illuminate\\Pipeline\\Pipeline->Illuminate\\Pipeline\\{closure}()
#36 /home/rouqy-jewellery-api-faz/htdocs/api-faz.rouqy-jewellery.com/vendor/laravel/framework/src/Illuminate/Pipeline/Pipeline.php(219): Illuminate\\Auth\\Middleware\\Authenticate->handle()
#37 /home/rouqy-jewellery-api-faz/htdocs/api-faz.rouqy-jewellery.com/vendor/laravel/framework/src/Illuminate/Pipeline/Pipeline.php(137): Illuminate\\Pipeline\\Pipeline->Illuminate\\Pipeline\\{closure}()
#38 /home/rouqy-jewellery-api-faz/htdocs/api-faz.rouqy-jewellery.com/vendor/laravel/framework/src/Illuminate/Routing/Router.php(821): Illuminate\\Pipeline\\Pipeline->then()
#39 /home/rouqy-jewellery-api-faz/htdocs/api-faz.rouqy-jewellery.com/vendor/laravel/framework/src/Illuminate/Routing/Router.php(800): Illuminate\\Routing\\Router->runRouteWithinStack()
#40 /home/rouqy-jewellery-api-faz/htdocs/api-faz.rouqy-jewellery.com/vendor/laravel/framework/src/Illuminate/Routing/Router.php(764): Illuminate\\Routing\\Router->runRoute()
#41 /home/rouqy-jewellery-api-faz/htdocs/api-faz.rouqy-jewellery.com/vendor/laravel/framework/src/Illuminate/Routing/Router.php(753): Illuminate\\Routing\\Router->dispatchToRoute()
#42 /home/rouqy-jewellery-api-faz/htdocs/api-faz.rouqy-jewellery.com/vendor/laravel/framework/src/Illuminate/Foundation/Http/Kernel.php(200): Illuminate\\Routing\\Router->dispatch()
#43 /home/rouqy-jewellery-api-faz/htdocs/api-faz.rouqy-jewellery.com/vendor/laravel/framework/src/Illuminate/Pipeline/Pipeline.php(180): Illuminate\\Foundation\\Http\\Kernel->Illuminate\\Foundation\\Http\\{closure}()
#44 /home/rouqy-jewellery-api-faz/htdocs/api-faz.rouqy-jewellery.com/vendor/laravel/framework/src/Illuminate/Foundation/Http/Middleware/TransformsRequest.php(21): Illuminate\\Pipeline\\Pipeline->Illuminate\\Pipeline\\{closure}()
#45 /home/rouqy-jewellery-api-faz/htdocs/api-faz.rouqy-jewellery.com/vendor/laravel/framework/src/Illuminate/Foundation/Http/Middleware/ConvertEmptyStringsToNull.php(31): Illuminate\\Foundation\\Http\\Middleware\\TransformsRequest->handle()
#46 /home/rouqy-jewellery-api-faz/htdocs/api-faz.rouqy-jewellery.com/vendor/laravel/framework/src/Illuminate/Pipeline/Pipeline.php(219): Illuminate\\Foundation\\Http\\Middleware\\ConvertEmptyStringsToNull->handle()
#47 /home/rouqy-jewellery-api-faz/htdocs/api-faz.rouqy-jewellery.com/vendor/laravel/framework/src/Illuminate/Foundation/Http/Middleware/TransformsRequest.php(21): Illuminate\\Pipeline\\Pipeline->Illuminate\\Pipeline\\{closure}()
#48 /home/rouqy-jewellery-api-faz/htdocs/api-faz.rouqy-jewellery.com/vendor/laravel/framework/src/Illuminate/Foundation/Http/Middleware/TrimStrings.php(51): Illuminate\\Foundation\\Http\\Middleware\\TransformsRequest->handle()
#49 /home/rouqy-jewellery-api-faz/htdocs/api-faz.rouqy-jewellery.com/vendor/laravel/framework/src/Illuminate/Pipeline/Pipeline.php(219): Illuminate\\Foundation\\Http\\Middleware\\TrimStrings->handle()
#50 /home/rouqy-jewellery-api-faz/htdocs/api-faz.rouqy-jewellery.com/vendor/laravel/framework/src/Illuminate/Http/Middleware/ValidatePostSize.php(27): Illuminate\\Pipeline\\Pipeline->Illuminate\\Pipeline\\{closure}()
#51 /home/rouqy-jewellery-api-faz/htdocs/api-faz.rouqy-jewellery.com/vendor/laravel/framework/src/Illuminate/Pipeline/Pipeline.php(219): Illuminate\\Http\\Middleware\\ValidatePostSize->handle()
#52 /home/rouqy-jewellery-api-faz/htdocs/api-faz.rouqy-jewellery.com/vendor/laravel/framework/src/Illuminate/Foundation/Http/Middleware/PreventRequestsDuringMaintenance.php(109): Illuminate\\Pipeline\\Pipeline->Illuminate\\Pipeline\\{closure}()
#53 /home/rouqy-jewellery-api-faz/htdocs/api-faz.rouqy-jewellery.com/vendor/laravel/framework/src/Illuminate/Pipeline/Pipeline.php(219): Illuminate\\Foundation\\Http\\Middleware\\PreventRequestsDuringMaintenance->handle()
#54 /home/rouqy-jewellery-api-faz/htdocs/api-faz.rouqy-jewellery.com/vendor/laravel/framework/src/Illuminate/Http/Middleware/HandleCors.php(74): Illuminate\\Pipeline\\Pipeline->Illuminate\\Pipeline\\{closure}()
#55 /home/rouqy-jewellery-api-faz/htdocs/api-faz.rouqy-jewellery.com/vendor/laravel/framework/src/Illuminate/Pipeline/Pipeline.php(219): Illuminate\\Http\\Middleware\\HandleCors->handle()
#56 /home/rouqy-jewellery-api-faz/htdocs/api-faz.rouqy-jewellery.com/vendor/laravel/framework/src/Illuminate/Http/Middleware/TrustProxies.php(58): Illuminate\\Pipeline\\Pipeline->Illuminate\\Pipeline\\{closure}()
#57 /home/rouqy-jewellery-api-faz/htdocs/api-faz.rouqy-jewellery.com/vendor/laravel/framework/src/Illuminate/Pipeline/Pipeline.php(219): Illuminate\\Http\\Middleware\\TrustProxies->handle()
#58 /home/rouqy-jewellery-api-faz/htdocs/api-faz.rouqy-jewellery.com/vendor/laravel/framework/src/Illuminate/Foundation/Http/Middleware/InvokeDeferredCallbacks.php(22): Illuminate\\Pipeline\\Pipeline->Illuminate\\Pipeline\\{closure}()
#59 /home/rouqy-jewellery-api-faz/htdocs/api-faz.rouqy-jewellery.com/vendor/laravel/framework/src/Illuminate/Pipeline/Pipeline.php(219): Illuminate\\Foundation\\Http\\Middleware\\InvokeDeferredCallbacks->handle()
#60 /home/rouqy-jewellery-api-faz/htdocs/api-faz.rouqy-jewellery.com/vendor/laravel/framework/src/Illuminate/Http/Middleware/ValidatePathEncoding.php(26): Illuminate\\Pipeline\\Pipeline->Illuminate\\Pipeline\\{closure}()
#61 /home/rouqy-jewellery-api-faz/htdocs/api-faz.rouqy-jewellery.com/vendor/laravel/framework/src/Illuminate/Pipeline/Pipeline.php(219): Illuminate\\Http\\Middleware\\ValidatePathEncoding->handle()
#62 /home/rouqy-jewellery-api-faz/htdocs/api-faz.rouqy-jewellery.com/vendor/laravel/framework/src/Illuminate/Pipeline/Pipeline.php(137): Illuminate\\Pipeline\\Pipeline->Illuminate\\Pipeline\\{closure}()
#63 /home/rouqy-jewellery-api-faz/htdocs/api-faz.rouqy-jewellery.com/vendor/laravel/framework/src/Illuminate/Foundation/Http/Kernel.php(175): Illuminate\\Pipeline\\Pipeline->then()
#64 /home/rouqy-jewellery-api-faz/htdocs/api-faz.rouqy-jewellery.com/vendor/laravel/framework/src/Illuminate/Foundation/Http/Kernel.php(144): Illuminate\\Foundation\\Http\\Kernel->sendRequestThroughRouter()
#65 /home/rouqy-jewellery-api-faz/htdocs/api-faz.rouqy-jewellery.com/vendor/laravel/framework/src/Illuminate/Foundation/Application.php(1220): Illuminate\\Foundation\\Http\\Kernel->handle()
#66 /home/rouqy-jewellery-api-faz/htdocs/api-faz.rouqy-jewellery.com/public/index.php(20): Illuminate\\Foundation\\Application->handleRequest()
#67 {main}
"} 
[2026-07-25 09:42:13] local.ERROR: SQLSTATE[HY000]: General error: 1364 Field 'owner_name' doesn't have a default value (Connection: mysql, Host: 127.0.0.1, Port: 3306, Database: zatca-saas-app, SQL: insert into `companies` (`trade_name_ar`, `trade_name_en`, `vat_number`, `status`, `updated_at`, `created_at`) values (شركة تجريبية, Test Company, 400000000000004, active, 2026-07-25 09:42:13, 2026-07-25 09:42:13)) {"userId":3,"exception":"[object] (Illuminate\\Database\\QueryException(code: HY000): SQLSTATE[HY000]: General error: 1364 Field 'owner_name' doesn't have a default value (Connection: mysql, Host: 127.0.0.1, Port: 3306, Database: zatca-saas-app, SQL: insert into `companies` (`trade_name_ar`, `trade_name_en`, `vat_number`, `status`, `updated_at`, `created_at`) values (شركة تجريبية, Test Company, 400000000000004, active, 2026-07-25 09:42:13, 2026-07-25 09:42:13)) at /home/rouqy-jewellery-api-faz/htdocs/api-faz.rouqy-jewellery.com/vendor/laravel/framework/src/Illuminate/Database/Connection.php:838)
[stacktrace]
#0 /home/rouqy-jewellery-api-faz/htdocs/api-faz.rouqy-jewellery.com/vendor/laravel/framework/src/Illuminate/Database/Connection.php(794): Illuminate\\Database\\Connection->runQueryCallback()
#1 /home/rouqy-jewellery-api-faz/htdocs/api-faz.rouqy-jewellery.com/vendor/laravel/framework/src/Illuminate/Database/MySqlConnection.php(42): Illuminate\\Database\\Connection->run()
#2 /home/rouqy-jewellery-api-faz/htdocs/api-faz.rouqy-jewellery.com/vendor/laravel/framework/src/Illuminate/Database/Query/Processors/MySqlProcessor.php(35): Illuminate\\Database\\MySqlConnection->insert()
#3 /home/rouqy-jewellery-api-faz/htdocs/api-faz.rouqy-jewellery.com/vendor/laravel/framework/src/Illuminate/Database/Query/Builder.php(4170): Illuminate\\Database\\Query\\Processors\\MySqlProcessor->processInsertGetId()
#4 /home/rouqy-jewellery-api-faz/htdocs/api-faz.rouqy-jewellery.com/vendor/laravel/framework/src/Illuminate/Database/Eloquent/Builder.php(2237): Illuminate\\Database\\Query\\Builder->insertGetId()
#5 /home/rouqy-jewellery-api-faz/htdocs/api-faz.rouqy-jewellery.com/vendor/laravel/framework/src/Illuminate/Database/Eloquent/Model.php(1436): Illuminate\\Database\\Eloquent\\Builder->__call()
#6 /home/rouqy-jewellery-api-faz/htdocs/api-faz.rouqy-jewellery.com/vendor/laravel/framework/src/Illuminate/Database/Eloquent/Model.php(1401): Illuminate\\Database\\Eloquent\\Model->insertAndSetId()
#7 /home/rouqy-jewellery-api-faz/htdocs/api-faz.rouqy-jewellery.com/vendor/laravel/framework/src/Illuminate/Database/Eloquent/Model.php(1240): Illuminate\\Database\\Eloquent\\Model->performInsert()
#8 /home/rouqy-jewellery-api-faz/htdocs/api-faz.rouqy-jewellery.com/vendor/laravel/framework/src/Illuminate/Database/Eloquent/Builder.php(1219): Illuminate\\Database\\Eloquent\\Model->save()
#9 /home/rouqy-jewellery-api-faz/htdocs/api-faz.rouqy-jewellery.com/vendor/laravel/framework/src/Illuminate/Support/helpers.php(393): Illuminate\\Database\\Eloquent\\Builder->Illuminate\\Database\\Eloquent\\{closure}()
#10 /home/rouqy-jewellery-api-faz/htdocs/api-faz.rouqy-jewellery.com/vendor/laravel/framework/src/Illuminate/Database/Eloquent/Builder.php(1218): tap()
#11 /home/rouqy-jewellery-api-faz/htdocs/api-faz.rouqy-jewellery.com/vendor/laravel/framework/src/Illuminate/Support/Traits/ForwardsCalls.php(23): Illuminate\\Database\\Eloquent\\Builder->create()
#12 /home/rouqy-jewellery-api-faz/htdocs/api-faz.rouqy-jewellery.com/vendor/laravel/framework/src/Illuminate/Database/Eloquent/Model.php(2544): Illuminate\\Database\\Eloquent\\Model->forwardCallTo()
#13 /home/rouqy-jewellery-api-faz/htdocs/api-faz.rouqy-jewellery.com/vendor/laravel/framework/src/Illuminate/Database/Eloquent/Model.php(2560): Illuminate\\Database\\Eloquent\\Model->__call()
#14 /home/rouqy-jewellery-api-faz/htdocs/api-faz.rouqy-jewellery.com/app/Services/Admin/PlatformAdminService.php(50): Illuminate\\Database\\Eloquent\\Model::__callStatic()
#15 /home/rouqy-jewellery-api-faz/htdocs/api-faz.rouqy-jewellery.com/vendor/laravel/framework/src/Illuminate/Database/Concerns/ManagesTransactions.php(35): App\\Services\\Admin\\PlatformAdminService->App\\Services\\Admin\\{closure}()
#16 /home/rouqy-jewellery-api-faz/htdocs/api-faz.rouqy-jewellery.com/vendor/laravel/framework/src/Illuminate/Database/DatabaseManager.php(491): Illuminate\\Database\\Connection->transaction()
#17 /home/rouqy-jewellery-api-faz/htdocs/api-faz.rouqy-jewellery.com/vendor/laravel/framework/src/Illuminate/Support/Facades/Facade.php(363): Illuminate\\Database\\DatabaseManager->__call()
#18 /home/rouqy-jewellery-api-faz/htdocs/api-faz.rouqy-jewellery.com/app/Services/Admin/PlatformAdminService.php(49): Illuminate\\Support\\Facades\\Facade::__callStatic()
#19 /home/rouqy-jewellery-api-faz/htdocs/api-faz.rouqy-jewellery.com/app/Http/Controllers/Api/V1/Admin/CompanyManagementController.php(38): App\\Services\\Admin\\PlatformAdminService->createCompany()
#20 /home/rouqy-jewellery-api-faz/htdocs/api-faz.rouqy-jewellery.com/vendor/laravel/framework/src/Illuminate/Routing/ControllerDispatcher.php(46): App\\Http\\Controllers\\Api\\V1\\Admin\\CompanyManagementController->store()
#21 /home/rouqy-jewellery-api-faz/htdocs/api-faz.rouqy-jewellery.com/vendor/laravel/framework/src/Illuminate/Routing/Route.php(265): Illuminate\\Routing\\ControllerDispatcher->dispatch()
#22 /home/rouqy-jewellery-api-faz/htdocs/api-faz.rouqy-jewellery.com/vendor/laravel/framework/src/Illuminate/Routing/Route.php(211): Illuminate\\Routing\\Route->runController()
#23 /home/rouqy-jewellery-api-faz/htdocs/api-faz.rouqy-jewellery.com/vendor/laravel/framework/src/Illuminate/Routing/Router.php(822): Illuminate\\Routing\\Route->run()
#24 /home/rouqy-jewellery-api-faz/htdocs/api-faz.rouqy-jewellery.com/vendor/laravel/framework/src/Illuminate/Pipeline/Pipeline.php(180): Illuminate\\Routing\\Router->Illuminate\\Routing\\{closure}()
#25 /home/rouqy-jewellery-api-faz/htdocs/api-faz.rouqy-jewellery.com/app/Http/Middleware/RoleCheck.php(25): Illuminate\\Pipeline\\Pipeline->Illuminate\\Pipeline\\{closure}()
#26 /home/rouqy-jewellery-api-faz/htdocs/api-faz.rouqy-jewellery.com/vendor/laravel/framework/src/Illuminate/Pipeline/Pipeline.php(219): App\\Http\\Middleware\\RoleCheck->handle()
#27 /home/rouqy-jewellery-api-faz/htdocs/api-faz.rouqy-jewellery.com/app/Http/Middleware/EnsureCompanyIsActive.php(30): Illuminate\\Pipeline\\Pipeline->Illuminate\\Pipeline\\{closure}()
#28 /home/rouqy-jewellery-api-faz/htdocs/api-faz.rouqy-jewellery.com/vendor/laravel/framework/src/Illuminate/Pipeline/Pipeline.php(219): App\\Http\\Middleware\\EnsureCompanyIsActive->handle()
#29 /home/rouqy-jewellery-api-faz/htdocs/api-faz.rouqy-jewellery.com/app/Http/Middleware/SetLocale.php(19): Illuminate\\Pipeline\\Pipeline->Illuminate\\Pipeline\\{closure}()
#30 /home/rouqy-jewellery-api-faz/htdocs/api-faz.rouqy-jewellery.com/vendor/laravel/framework/src/Illuminate/Pipeline/Pipeline.php(219): App\\Http\\Middleware\\SetLocale->handle()
#31 /home/rouqy-jewellery-api-faz/htdocs/api-faz.rouqy-jewellery.com/vendor/laravel/framework/src/Illuminate/Routing/Middleware/SubstituteBindings.php(50): Illuminate\\Pipeline\\Pipeline->Illuminate\\Pipeline\\{closure}()
#32 /home/rouqy-jewellery-api-faz/htdocs/api-faz.rouqy-jewellery.com/vendor/laravel/framework/src/Illuminate/Pipeline/Pipeline.php(219): Illuminate\\Routing\\Middleware\\SubstituteBindings->handle()
#33 /home/rouqy-jewellery-api-faz/htdocs/api-faz.rouqy-jewellery.com/vendor/laravel/framework/src/Illuminate/Auth/Middleware/Authenticate.php(63): Illuminate\\Pipeline\\Pipeline->Illuminate\\Pipeline\\{closure}()
#34 /home/rouqy-jewellery-api-faz/htdocs/api-faz.rouqy-jewellery.com/vendor/laravel/framework/src/Illuminate/Pipeline/Pipeline.php(219): Illuminate\\Auth\\Middleware\\Authenticate->handle()
#35 /home/rouqy-jewellery-api-faz/htdocs/api-faz.rouqy-jewellery.com/vendor/laravel/framework/src/Illuminate/Pipeline/Pipeline.php(137): Illuminate\\Pipeline\\Pipeline->Illuminate\\Pipeline\\{closure}()
#36 /home/rouqy-jewellery-api-faz/htdocs/api-faz.rouqy-jewellery.com/vendor/laravel/framework/src/Illuminate/Routing/Router.php(821): Illuminate\\Pipeline\\Pipeline->then()
#37 /home/rouqy-jewellery-api-faz/htdocs/api-faz.rouqy-jewellery.com/vendor/laravel/framework/src/Illuminate/Routing/Router.php(800): Illuminate\\Routing\\Router->runRouteWithinStack()
#38 /home/rouqy-jewellery-api-faz/htdocs/api-faz.rouqy-jewellery.com/vendor/laravel/framework/src/Illuminate/Routing/Router.php(764): Illuminate\\Routing\\Router->runRoute()
#39 /home/rouqy-jewellery-api-faz/htdocs/api-faz.rouqy-jewellery.com/vendor/laravel/framework/src/Illuminate/Routing/Router.php(753): Illuminate\\Routing\\Router->dispatchToRoute()
#40 /home/rouqy-jewellery-api-faz/htdocs/api-faz.rouqy-jewellery.com/vendor/laravel/framework/src/Illuminate/Foundation/Http/Kernel.php(200): Illuminate\\Routing\\Router->dispatch()
#41 /home/rouqy-jewellery-api-faz/htdocs/api-faz.rouqy-jewellery.com/vendor/laravel/framework/src/Illuminate/Pipeline/Pipeline.php(180): Illuminate\\Foundation\\Http\\Kernel->Illuminate\\Foundation\\Http\\{closure}()
#42 /home/rouqy-jewellery-api-faz/htdocs/api-faz.rouqy-jewellery.com/vendor/laravel/framework/src/Illuminate/Foundation/Http/Middleware/TransformsRequest.php(21): Illuminate\\Pipeline\\Pipeline->Illuminate\\Pipeline\\{closure}()
#43 /home/rouqy-jewellery-api-faz/htdocs/api-faz.rouqy-jewellery.com/vendor/laravel/framework/src/Illuminate/Foundation/Http/Middleware/ConvertEmptyStringsToNull.php(31): Illuminate\\Foundation\\Http\\Middleware\\TransformsRequest->handle()
#44 /home/rouqy-jewellery-api-faz/htdocs/api-faz.rouqy-jewellery.com/vendor/laravel/framework/src/Illuminate/Pipeline/Pipeline.php(219): Illuminate\\Foundation\\Http\\Middleware\\ConvertEmptyStringsToNull->handle()
#45 /home/rouqy-jewellery-api-faz/htdocs/api-faz.rouqy-jewellery.com/vendor/laravel/framework/src/Illuminate/Foundation/Http/Middleware/TransformsRequest.php(21): Illuminate\\Pipeline\\Pipeline->Illuminate\\Pipeline\\{closure}()
#46 /home/rouqy-jewellery-api-faz/htdocs/api-faz.rouqy-jewellery.com/vendor/laravel/framework/src/Illuminate/Foundation/Http/Middleware/TrimStrings.php(51): Illuminate\\Foundation\\Http\\Middleware\\TransformsRequest->handle()
#47 /home/rouqy-jewellery-api-faz/htdocs/api-faz.rouqy-jewellery.com/vendor/laravel/framework/src/Illuminate/Pipeline/Pipeline.php(219): Illuminate\\Foundation\\Http\\Middleware\\TrimStrings->handle()
#48 /home/rouqy-jewellery-api-faz/htdocs/api-faz.rouqy-jewellery.com/vendor/laravel/framework/src/Illuminate/Http/Middleware/ValidatePostSize.php(27): Illuminate\\Pipeline\\Pipeline->Illuminate\\Pipeline\\{closure}()
#49 /home/rouqy-jewellery-api-faz/htdocs/api-faz.rouqy-jewellery.com/vendor/laravel/framework/src/Illuminate/Pipeline/Pipeline.php(219): Illuminate\\Http\\Middleware\\ValidatePostSize->handle()
#50 /home/rouqy-jewellery-api-faz/htdocs/api-faz.rouqy-jewellery.com/vendor/laravel/framework/src/Illuminate/Foundation/Http/Middleware/PreventRequestsDuringMaintenance.php(109): Illuminate\\Pipeline\\Pipeline->Illuminate\\Pipeline\\{closure}()
#51 /home/rouqy-jewellery-api-faz/htdocs/api-faz.rouqy-jewellery.com/vendor/laravel/framework/src/Illuminate/Pipeline/Pipeline.php(219): Illuminate\\Foundation\\Http\\Middleware\\PreventRequestsDuringMaintenance->handle()
#52 /home/rouqy-jewellery-api-faz/htdocs/api-faz.rouqy-jewellery.com/vendor/laravel/framework/src/Illuminate/Http/Middleware/HandleCors.php(74): Illuminate\\Pipeline\\Pipeline->Illuminate\\Pipeline\\{closure}()
#53 /home/rouqy-jewellery-api-faz/htdocs/api-faz.rouqy-jewellery.com/vendor/laravel/framework/src/Illuminate/Pipeline/Pipeline.php(219): Illuminate\\Http\\Middleware\\HandleCors->handle()
#54 /home/rouqy-jewellery-api-faz/htdocs/api-faz.rouqy-jewellery.com/vendor/laravel/framework/src/Illuminate/Http/Middleware/TrustProxies.php(58): Illuminate\\Pipeline\\Pipeline->Illuminate\\Pipeline\\{closure}()
#55 /home/rouqy-jewellery-api-faz/htdocs/api-faz.rouqy-jewellery.com/vendor/laravel/framework/src/Illuminate/Pipeline/Pipeline.php(219): Illuminate\\Http\\Middleware\\TrustProxies->handle()
#56 /home/rouqy-jewellery-api-faz/htdocs/api-faz.rouqy-jewellery.com/vendor/laravel/framework/src/Illuminate/Foundation/Http/Middleware/InvokeDeferredCallbacks.php(22): Illuminate\\Pipeline\\Pipeline->Illuminate\\Pipeline\\{closure}()
#57 /home/rouqy-jewellery-api-faz/htdocs/api-faz.rouqy-jewellery.com/vendor/laravel/framework/src/Illuminate/Pipeline/Pipeline.php(219): Illuminate\\Foundation\\Http\\Middleware\\InvokeDeferredCallbacks->handle()
#58 /home/rouqy-jewellery-api-faz/htdocs/api-faz.rouqy-jewellery.com/vendor/laravel/framework/src/Illuminate/Http/Middleware/ValidatePathEncoding.php(26): Illuminate\\Pipeline\\Pipeline->Illuminate\\Pipeline\\{closure}()
#59 /home/rouqy-jewellery-api-faz/htdocs/api-faz.rouqy-jewellery.com/vendor/laravel/framework/src/Illuminate/Pipeline/Pipeline.php(219): Illuminate\\Http\\Middleware\\ValidatePathEncoding->handle()
#60 /home/rouqy-jewellery-api-faz/htdocs/api-faz.rouqy-jewellery.com/vendor/laravel/framework/src/Illuminate/Pipeline/Pipeline.php(137): Illuminate\\Pipeline\\Pipeline->Illuminate\\Pipeline\\{closure}()
#61 /home/rouqy-jewellery-api-faz/htdocs/api-faz.rouqy-jewellery.com/vendor/laravel/framework/src/Illuminate/Foundation/Http/Kernel.php(175): Illuminate\\Pipeline\\Pipeline->then()
#62 /home/rouqy-jewellery-api-faz/htdocs/api-faz.rouqy-jewellery.com/vendor/laravel/framework/src/Illuminate/Foundation/Http/Kernel.php(144): Illuminate\\Foundation\\Http\\Kernel->sendRequestThroughRouter()
#63 /home/rouqy-jewellery-api-faz/htdocs/api-faz.rouqy-jewellery.com/vendor/laravel/framework/src/Illuminate/Foundation/Application.php(1220): Illuminate\\Foundation\\Http\\Kernel->handle()
#64 /home/rouqy-jewellery-api-faz/htdocs/api-faz.rouqy-jewellery.com/public/index.php(20): Illuminate\\Foundation\\Application->handleRequest()
#65 {main}

[previous exception] [object] (PDOException(code: HY000): SQLSTATE[HY000]: General error: 1364 Field 'owner_name' doesn't have a default value at /home/rouqy-jewellery-api-faz/htdocs/api-faz.rouqy-jewellery.com/vendor/laravel/framework/src/Illuminate/Database/MySqlConnection.php:53)
[stacktrace]
#0 /home/rouqy-jewellery-api-faz/htdocs/api-faz.rouqy-jewellery.com/vendor/laravel/framework/src/Illuminate/Database/MySqlConnection.php(53): PDOStatement->execute()
#1 /home/rouqy-jewellery-api-faz/htdocs/api-faz.rouqy-jewellery.com/vendor/laravel/framework/src/Illuminate/Database/Connection.php(827): Illuminate\\Database\\MySqlConnection->Illuminate\\Database\\{closure}()
#2 /home/rouqy-jewellery-api-faz/htdocs/api-faz.rouqy-jewellery.com/vendor/laravel/framework/src/Illuminate/Database/Connection.php(794): Illuminate\\Database\\Connection->runQueryCallback()
#3 /home/rouqy-jewellery-api-faz/htdocs/api-faz.rouqy-jewellery.com/vendor/laravel/framework/src/Illuminate/Database/MySqlConnection.php(42): Illuminate\\Database\\Connection->run()
#4 /home/rouqy-jewellery-api-faz/htdocs/api-faz.rouqy-jewellery.com/vendor/laravel/framework/src/Illuminate/Database/Query/Processors/MySqlProcessor.php(35): Illuminate\\Database\\MySqlConnection->insert()
#5 /home/rouqy-jewellery-api-faz/htdocs/api-faz.rouqy-jewellery.com/vendor/laravel/framework/src/Illuminate/Database/Query/Builder.php(4170): Illuminate\\Database\\Query\\Processors\\MySqlProcessor->processInsertGetId()
#6 /home/rouqy-jewellery-api-faz/htdocs/api-faz.rouqy-jewellery.com/vendor/laravel/framework/src/Illuminate/Database/Eloquent/Builder.php(2237): Illuminate\\Database\\Query\\Builder->insertGetId()
#7 /home/rouqy-jewellery-api-faz/htdocs/api-faz.rouqy-jewellery.com/vendor/laravel/framework/src/Illuminate/Database/Eloquent/Model.php(1436): Illuminate\\Database\\Eloquent\\Builder->__call()
#8 /home/rouqy-jewellery-api-faz/htdocs/api-faz.rouqy-jewellery.com/vendor/laravel/framework/src/Illuminate/Database/Eloquent/Model.php(1401): Illuminate\\Database\\Eloquent\\Model->insertAndSetId()
#9 /home/rouqy-jewellery-api-faz/htdocs/api-faz.rouqy-jewellery.com/vendor/laravel/framework/src/Illuminate/Database/Eloquent/Model.php(1240): Illuminate\\Database\\Eloquent\\Model->performInsert()
#10 /home/rouqy-jewellery-api-faz/htdocs/api-faz.rouqy-jewellery.com/vendor/laravel/framework/src/Illuminate/Database/Eloquent/Builder.php(1219): Illuminate\\Database\\Eloquent\\Model->save()
#11 /home/rouqy-jewellery-api-faz/htdocs/api-faz.rouqy-jewellery.com/vendor/laravel/framework/src/Illuminate/Support/helpers.php(393): Illuminate\\Database\\Eloquent\\Builder->Illuminate\\Database\\Eloquent\\{closure}()
#12 /home/rouqy-jewellery-api-faz/htdocs/api-faz.rouqy-jewellery.com/vendor/laravel/framework/src/Illuminate/Database/Eloquent/Builder.php(1218): tap()
#13 /home/rouqy-jewellery-api-faz/htdocs/api-faz.rouqy-jewellery.com/vendor/laravel/framework/src/Illuminate/Support/Traits/ForwardsCalls.php(23): Illuminate\\Database\\Eloquent\\Builder->create()
#14 /home/rouqy-jewellery-api-faz/htdocs/api-faz.rouqy-jewellery.com/vendor/laravel/framework/src/Illuminate/Database/Eloquent/Model.php(2544): Illuminate\\Database\\Eloquent\\Model->forwardCallTo()
#15 /home/rouqy-jewellery-api-faz/htdocs/api-faz.rouqy-jewellery.com/vendor/laravel/framework/src/Illuminate/Database/Eloquent/Model.php(2560): Illuminate\\Database\\Eloquent\\Model->__call()
#16 /home/rouqy-jewellery-api-faz/htdocs/api-faz.rouqy-jewellery.com/app/Services/Admin/PlatformAdminService.php(50): Illuminate\\Database\\Eloquent\\Model::__callStatic()
#17 /home/rouqy-jewellery-api-faz/htdocs/api-faz.rouqy-jewellery.com/vendor/laravel/framework/src/Illuminate/Database/Concerns/ManagesTransactions.php(35): App\\Services\\Admin\\PlatformAdminService->App\\Services\\Admin\\{closure}()
#18 /home/rouqy-jewellery-api-faz/htdocs/api-faz.rouqy-jewellery.com/vendor/laravel/framework/src/Illuminate/Database/DatabaseManager.php(491): Illuminate\\Database\\Connection->transaction()
#19 /home/rouqy-jewellery-api-faz/htdocs/api-faz.rouqy-jewellery.com/vendor/laravel/framework/src/Illuminate/Support/Facades/Facade.php(363): Illuminate\\Database\\DatabaseManager->__call()
#20 /home/rouqy-jewellery-api-faz/htdocs/api-faz.rouqy-jewellery.com/app/Services/Admin/PlatformAdminService.php(49): Illuminate\\Support\\Facades\\Facade::__callStatic()
#21 /home/rouqy-jewellery-api-faz/htdocs/api-faz.rouqy-jewellery.com/app/Http/Controllers/Api/V1/Admin/CompanyManagementController.php(38): App\\Services\\Admin\\PlatformAdminService->createCompany()
#22 /home/rouqy-jewellery-api-faz/htdocs/api-faz.rouqy-jewellery.com/vendor/laravel/framework/src/Illuminate/Routing/ControllerDispatcher.php(46): App\\Http\\Controllers\\Api\\V1\\Admin\\CompanyManagementController->store()
#23 /home/rouqy-jewellery-api-faz/htdocs/api-faz.rouqy-jewellery.com/vendor/laravel/framework/src/Illuminate/Routing/Route.php(265): Illuminate\\Routing\\ControllerDispatcher->dispatch()
#24 /home/rouqy-jewellery-api-faz/htdocs/api-faz.rouqy-jewellery.com/vendor/laravel/framework/src/Illuminate/Routing/Route.php(211): Illuminate\\Routing\\Route->runController()
#25 /home/rouqy-jewellery-api-faz/htdocs/api-faz.rouqy-jewellery.com/vendor/laravel/framework/src/Illuminate/Routing/Router.php(822): Illuminate\\Routing\\Route->run()
#26 /home/rouqy-jewellery-api-faz/htdocs/api-faz.rouqy-jewellery.com/vendor/laravel/framework/src/Illuminate/Pipeline/Pipeline.php(180): Illuminate\\Routing\\Router->Illuminate\\Routing\\{closure}()
#27 /home/rouqy-jewellery-api-faz/htdocs/api-faz.rouqy-jewellery.com/app/Http/Middleware/RoleCheck.php(25): Illuminate\\Pipeline\\Pipeline->Illuminate\\Pipeline\\{closure}()
#28 /home/rouqy-jewellery-api-faz/htdocs/api-faz.rouqy-jewellery.com/vendor/laravel/framework/src/Illuminate/Pipeline/Pipeline.php(219): App\\Http\\Middleware\\RoleCheck->handle()
#29 /home/rouqy-jewellery-api-faz/htdocs/api-faz.rouqy-jewellery.com/app/Http/Middleware/EnsureCompanyIsActive.php(30): Illuminate\\Pipeline\\Pipeline->Illuminate\\Pipeline\\{closure}()
#30 /home/rouqy-jewellery-api-faz/htdocs/api-faz.rouqy-jewellery.com/vendor/laravel/framework/src/Illuminate/Pipeline/Pipeline.php(219): App\\Http\\Middleware\\EnsureCompanyIsActive->handle()
#31 /home/rouqy-jewellery-api-faz/htdocs/api-faz.rouqy-jewellery.com/app/Http/Middleware/SetLocale.php(19): Illuminate\\Pipeline\\Pipeline->Illuminate\\Pipeline\\{closure}()
#32 /home/rouqy-jewellery-api-faz/htdocs/api-faz.rouqy-jewellery.com/vendor/laravel/framework/src/Illuminate/Pipeline/Pipeline.php(219): App\\Http\\Middleware\\SetLocale->handle()
#33 /home/rouqy-jewellery-api-faz/htdocs/api-faz.rouqy-jewellery.com/vendor/laravel/framework/src/Illuminate/Routing/Middleware/SubstituteBindings.php(50): Illuminate\\Pipeline\\Pipeline->Illuminate\\Pipeline\\{closure}()
#34 /home/rouqy-jewellery-api-faz/htdocs/api-faz.rouqy-jewellery.com/vendor/laravel/framework/src/Illuminate/Pipeline/Pipeline.php(219): Illuminate\\Routing\\Middleware\\SubstituteBindings->handle()
#35 /home/rouqy-jewellery-api-faz/htdocs/api-faz.rouqy-jewellery.com/vendor/laravel/framework/src/Illuminate/Auth/Middleware/Authenticate.php(63): Illuminate\\Pipeline\\Pipeline->Illuminate\\Pipeline\\{closure}()
#36 /home/rouqy-jewellery-api-faz/htdocs/api-faz.rouqy-jewellery.com/vendor/laravel/framework/src/Illuminate/Pipeline/Pipeline.php(219): Illuminate\\Auth\\Middleware\\Authenticate->handle()
#37 /home/rouqy-jewellery-api-faz/htdocs/api-faz.rouqy-jewellery.com/vendor/laravel/framework/src/Illuminate/Pipeline/Pipeline.php(137): Illuminate\\Pipeline\\Pipeline->Illuminate\\Pipeline\\{closure}()
#38 /home/rouqy-jewellery-api-faz/htdocs/api-faz.rouqy-jewellery.com/vendor/laravel/framework/src/Illuminate/Routing/Router.php(821): Illuminate\\Pipeline\\Pipeline->then()
#39 /home/rouqy-jewellery-api-faz/htdocs/api-faz.rouqy-jewellery.com/vendor/laravel/framework/src/Illuminate/Routing/Router.php(800): Illuminate\\Routing\\Router->runRouteWithinStack()
#40 /home/rouqy-jewellery-api-faz/htdocs/api-faz.rouqy-jewellery.com/vendor/laravel/framework/src/Illuminate/Routing/Router.php(764): Illuminate\\Routing\\Router->runRoute()
#41 /home/rouqy-jewellery-api-faz/htdocs/api-faz.rouqy-jewellery.com/vendor/laravel/framework/src/Illuminate/Routing/Router.php(753): Illuminate\\Routing\\Router->dispatchToRoute()
#42 /home/rouqy-jewellery-api-faz/htdocs/api-faz.rouqy-jewellery.com/vendor/laravel/framework/src/Illuminate/Foundation/Http/Kernel.php(200): Illuminate\\Routing\\Router->dispatch()
#43 /home/rouqy-jewellery-api-faz/htdocs/api-faz.rouqy-jewellery.com/vendor/laravel/framework/src/Illuminate/Pipeline/Pipeline.php(180): Illuminate\\Foundation\\Http\\Kernel->Illuminate\\Foundation\\Http\\{closure}()
#44 /home/rouqy-jewellery-api-faz/htdocs/api-faz.rouqy-jewellery.com/vendor/laravel/framework/src/Illuminate/Foundation/Http/Middleware/TransformsRequest.php(21): Illuminate\\Pipeline\\Pipeline->Illuminate\\Pipeline\\{closure}()
#45 /home/rouqy-jewellery-api-faz/htdocs/api-faz.rouqy-jewellery.com/vendor/laravel/framework/src/Illuminate/Foundation/Http/Middleware/ConvertEmptyStringsToNull.php(31): Illuminate\\Foundation\\Http\\Middleware\\TransformsRequest->handle()
#46 /home/rouqy-jewellery-api-faz/htdocs/api-faz.rouqy-jewellery.com/vendor/laravel/framework/src/Illuminate/Pipeline/Pipeline.php(219): Illuminate\\Foundation\\Http\\Middleware\\ConvertEmptyStringsToNull->handle()
#47 /home/rouqy-jewellery-api-faz/htdocs/api-faz.rouqy-jewellery.com/vendor/laravel/framework/src/Illuminate/Foundation/Http/Middleware/TransformsRequest.php(21): Illuminate\\Pipeline\\Pipeline->Illuminate\\Pipeline\\{closure}()
#48 /home/rouqy-jewellery-api-faz/htdocs/api-faz.rouqy-jewellery.com/vendor/laravel/framework/src/Illuminate/Foundation/Http/Middleware/TrimStrings.php(51): Illuminate\\Foundation\\Http\\Middleware\\TransformsRequest->handle()
#49 /home/rouqy-jewellery-api-faz/htdocs/api-faz.rouqy-jewellery.com/vendor/laravel/framework/src/Illuminate/Pipeline/Pipeline.php(219): Illuminate\\Foundation\\Http\\Middleware\\TrimStrings->handle()
#50 /home/rouqy-jewellery-api-faz/htdocs/api-faz.rouqy-jewellery.com/vendor/laravel/framework/src/Illuminate/Http/Middleware/ValidatePostSize.php(27): Illuminate\\Pipeline\\Pipeline->Illuminate\\Pipeline\\{closure}()
#51 /home/rouqy-jewellery-api-faz/htdocs/api-faz.rouqy-jewellery.com/vendor/laravel/framework/src/Illuminate/Pipeline/Pipeline.php(219): Illuminate\\Http\\Middleware\\ValidatePostSize->handle()
#52 /home/rouqy-jewellery-api-faz/htdocs/api-faz.rouqy-jewellery.com/vendor/laravel/framework/src/Illuminate/Foundation/Http/Middleware/PreventRequestsDuringMaintenance.php(109): Illuminate\\Pipeline\\Pipeline->Illuminate\\Pipeline\\{closure}()
#53 /home/rouqy-jewellery-api-faz/htdocs/api-faz.rouqy-jewellery.com/vendor/laravel/framework/src/Illuminate/Pipeline/Pipeline.php(219): Illuminate\\Foundation\\Http\\Middleware\\PreventRequestsDuringMaintenance->handle()
#54 /home/rouqy-jewellery-api-faz/htdocs/api-faz.rouqy-jewellery.com/vendor/laravel/framework/src/Illuminate/Http/Middleware/HandleCors.php(74): Illuminate\\Pipeline\\Pipeline->Illuminate\\Pipeline\\{closure}()
#55 /home/rouqy-jewellery-api-faz/htdocs/api-faz.rouqy-jewellery.com/vendor/laravel/framework/src/Illuminate/Pipeline/Pipeline.php(219): Illuminate\\Http\\Middleware\\HandleCors->handle()
#56 /home/rouqy-jewellery-api-faz/htdocs/api-faz.rouqy-jewellery.com/vendor/laravel/framework/src/Illuminate/Http/Middleware/TrustProxies.php(58): Illuminate\\Pipeline\\Pipeline->Illuminate\\Pipeline\\{closure}()
#57 /home/rouqy-jewellery-api-faz/htdocs/api-faz.rouqy-jewellery.com/vendor/laravel/framework/src/Illuminate/Pipeline/Pipeline.php(219): Illuminate\\Http\\Middleware\\TrustProxies->handle()
#58 /home/rouqy-jewellery-api-faz/htdocs/api-faz.rouqy-jewellery.com/vendor/laravel/framework/src/Illuminate/Foundation/Http/Middleware/InvokeDeferredCallbacks.php(22): Illuminate\\Pipeline\\Pipeline->Illuminate\\Pipeline\\{closure}()
#59 /home/rouqy-jewellery-api-faz/htdocs/api-faz.rouqy-jewellery.com/vendor/laravel/framework/src/Illuminate/Pipeline/Pipeline.php(219): Illuminate\\Foundation\\Http\\Middleware\\InvokeDeferredCallbacks->handle()
#60 /home/rouqy-jewellery-api-faz/htdocs/api-faz.rouqy-jewellery.com/vendor/laravel/framework/src/Illuminate/Http/Middleware/ValidatePathEncoding.php(26): Illuminate\\Pipeline\\Pipeline->Illuminate\\Pipeline\\{closure}()
#61 /home/rouqy-jewellery-api-faz/htdocs/api-faz.rouqy-jewellery.com/vendor/laravel/framework/src/Illuminate/Pipeline/Pipeline.php(219): Illuminate\\Http\\Middleware\\ValidatePathEncoding->handle()
#62 /home/rouqy-jewellery-api-faz/htdocs/api-faz.rouqy-jewellery.com/vendor/laravel/framework/src/Illuminate/Pipeline/Pipeline.php(137): Illuminate\\Pipeline\\Pipeline->Illuminate\\Pipeline\\{closure}()
#63 /home/rouqy-jewellery-api-faz/htdocs/api-faz.rouqy-jewellery.com/vendor/laravel/framework/src/Illuminate/Foundation/Http/Kernel.php(175): Illuminate\\Pipeline\\Pipeline->then()
#64 /home/rouqy-jewellery-api-faz/htdocs/api-faz.rouqy-jewellery.com/vendor/laravel/framework/src/Illuminate/Foundation/Http/Kernel.php(144): Illuminate\\Foundation\\Http\\Kernel->sendRequestThroughRouter()
#65 /home/rouqy-jewellery-api-faz/htdocs/api-faz.rouqy-jewellery.com/vendor/laravel/framework/src/Illuminate/Foundation/Application.php(1220): Illuminate\\Foundation\\Http\\Kernel->handle()
#66 /home/rouqy-jewellery-api-faz/htdocs/api-faz.rouqy-jewellery.com/public/index.php(20): Illuminate\\Foundation\\Application->handleRequest()
#67 {main}
"} 
[2026-07-25 09:42:19] local.ERROR: SQLSTATE[HY000]: General error: 1364 Field 'owner_name' doesn't have a default value (Connection: mysql, Host: 127.0.0.1, Port: 3306, Database: zatca-saas-app, SQL: insert into `companies` (`trade_name_ar`, `trade_name_en`, `vat_number`, `status`, `updated_at`, `created_at`) values (شركة تجريبية, Test Company, 400000000000004, active, 2026-07-25 09:42:19, 2026-07-25 09:42:19)) {"userId":3,"exception":"[object] (Illuminate\\Database\\QueryException(code: HY000): SQLSTATE[HY000]: General error: 1364 Field 'owner_name' doesn't have a default value (Connection: mysql, Host: 127.0.0.1, Port: 3306, Database: zatca-saas-app, SQL: insert into `companies` (`trade_name_ar`, `trade_name_en`, `vat_number`, `status`, `updated_at`, `created_at`) values (شركة تجريبية, Test Company, 400000000000004, active, 2026-07-25 09:42:19, 2026-07-25 09:42:19)) at /home/rouqy-jewellery-api-faz/htdocs/api-faz.rouqy-jewellery.com/vendor/laravel/framework/src/Illuminate/Database/Connection.php:838)
[stacktrace]
#0 /home/rouqy-jewellery-api-faz/htdocs/api-faz.rouqy-jewellery.com/vendor/laravel/framework/src/Illuminate/Database/Connection.php(794): Illuminate\\Database\\Connection->runQueryCallback()
#1 /home/rouqy-jewellery-api-faz/htdocs/api-faz.rouqy-jewellery.com/vendor/laravel/framework/src/Illuminate/Database/MySqlConnection.php(42): Illuminate\\Database\\Connection->run()
#2 /home/rouqy-jewellery-api-faz/htdocs/api-faz.rouqy-jewellery.com/vendor/laravel/framework/src/Illuminate/Database/Query/Processors/MySqlProcessor.php(35): Illuminate\\Database\\MySqlConnection->insert()
#3 /home/rouqy-jewellery-api-faz/htdocs/api-faz.rouqy-jewellery.com/vendor/laravel/framework/src/Illuminate/Database/Query/Builder.php(4170): Illuminate\\Database\\Query\\Processors\\MySqlProcessor->processInsertGetId()
#4 /home/rouqy-jewellery-api-faz/htdocs/api-faz.rouqy-jewellery.com/vendor/laravel/framework/src/Illuminate/Database/Eloquent/Builder.php(2237): Illuminate\\Database\\Query\\Builder->insertGetId()
#5 /home/rouqy-jewellery-api-faz/htdocs/api-faz.rouqy-jewellery.com/vendor/laravel/framework/src/Illuminate/Database/Eloquent/Model.php(1436): Illuminate\\Database\\Eloquent\\Builder->__call()
#6 /home/rouqy-jewellery-api-faz/htdocs/api-faz.rouqy-jewellery.com/vendor/laravel/framework/src/Illuminate/Database/Eloquent/Model.php(1401): Illuminate\\Database\\Eloquent\\Model->insertAndSetId()
#7 /home/rouqy-jewellery-api-faz/htdocs/api-faz.rouqy-jewellery.com/vendor/laravel/framework/src/Illuminate/Database/Eloquent/Model.php(1240): Illuminate\\Database\\Eloquent\\Model->performInsert()
#8 /home/rouqy-jewellery-api-faz/htdocs/api-faz.rouqy-jewellery.com/vendor/laravel/framework/src/Illuminate/Database/Eloquent/Builder.php(1219): Illuminate\\Database\\Eloquent\\Model->save()
#9 /home/rouqy-jewellery-api-faz/htdocs/api-faz.rouqy-jewellery.com/vendor/laravel/framework/src/Illuminate/Support/helpers.php(393): Illuminate\\Database\\Eloquent\\Builder->Illuminate\\Database\\Eloquent\\{closure}()
#10 /home/rouqy-jewellery-api-faz/htdocs/api-faz.rouqy-jewellery.com/vendor/laravel/framework/src/Illuminate/Database/Eloquent/Builder.php(1218): tap()
#11 /home/rouqy-jewellery-api-faz/htdocs/api-faz.rouqy-jewellery.com/vendor/laravel/framework/src/Illuminate/Support/Traits/ForwardsCalls.php(23): Illuminate\\Database\\Eloquent\\Builder->create()
#12 /home/rouqy-jewellery-api-faz/htdocs/api-faz.rouqy-jewellery.com/vendor/laravel/framework/src/Illuminate/Database/Eloquent/Model.php(2544): Illuminate\\Database\\Eloquent\\Model->forwardCallTo()
#13 /home/rouqy-jewellery-api-faz/htdocs/api-faz.rouqy-jewellery.com/vendor/laravel/framework/src/Illuminate/Database/Eloquent/Model.php(2560): Illuminate\\Database\\Eloquent\\Model->__call()
#14 /home/rouqy-jewellery-api-faz/htdocs/api-faz.rouqy-jewellery.com/app/Services/Admin/PlatformAdminService.php(50): Illuminate\\Database\\Eloquent\\Model::__callStatic()
#15 /home/rouqy-jewellery-api-faz/htdocs/api-faz.rouqy-jewellery.com/vendor/laravel/framework/src/Illuminate/Database/Concerns/ManagesTransactions.php(35): App\\Services\\Admin\\PlatformAdminService->App\\Services\\Admin\\{closure}()
#16 /home/rouqy-jewellery-api-faz/htdocs/api-faz.rouqy-jewellery.com/vendor/laravel/framework/src/Illuminate/Database/DatabaseManager.php(491): Illuminate\\Database\\Connection->transaction()
#17 /home/rouqy-jewellery-api-faz/htdocs/api-faz.rouqy-jewellery.com/vendor/laravel/framework/src/Illuminate/Support/Facades/Facade.php(363): Illuminate\\Database\\DatabaseManager->__call()
#18 /home/rouqy-jewellery-api-faz/htdocs/api-faz.rouqy-jewellery.com/app/Services/Admin/PlatformAdminService.php(49): Illuminate\\Support\\Facades\\Facade::__callStatic()
#19 /home/rouqy-jewellery-api-faz/htdocs/api-faz.rouqy-jewellery.com/app/Http/Controllers/Api/V1/Admin/CompanyManagementController.php(38): App\\Services\\Admin\\PlatformAdminService->createCompany()
#20 /home/rouqy-jewellery-api-faz/htdocs/api-faz.rouqy-jewellery.com/vendor/laravel/framework/src/Illuminate/Routing/ControllerDispatcher.php(46): App\\Http\\Controllers\\Api\\V1\\Admin\\CompanyManagementController->store()
#21 /home/rouqy-jewellery-api-faz/htdocs/api-faz.rouqy-jewellery.com/vendor/laravel/framework/src/Illuminate/Routing/Route.php(265): Illuminate\\Routing\\ControllerDispatcher->dispatch()
#22 /home/rouqy-jewellery-api-faz/htdocs/api-faz.rouqy-jewellery.com/vendor/laravel/framework/src/Illuminate/Routing/Route.php(211): Illuminate\\Routing\\Route->runController()
#23 /home/rouqy-jewellery-api-faz/htdocs/api-faz.rouqy-jewellery.com/vendor/laravel/framework/src/Illuminate/Routing/Router.php(822): Illuminate\\Routing\\Route->run()
#24 /home/rouqy-jewellery-api-faz/htdocs/api-faz.rouqy-jewellery.com/vendor/laravel/framework/src/Illuminate/Pipeline/Pipeline.php(180): Illuminate\\Routing\\Router->Illuminate\\Routing\\{closure}()
#25 /home/rouqy-jewellery-api-faz/htdocs/api-faz.rouqy-jewellery.com/app/Http/Middleware/RoleCheck.php(25): Illuminate\\Pipeline\\Pipeline->Illuminate\\Pipeline\\{closure}()
#26 /home/rouqy-jewellery-api-faz/htdocs/api-faz.rouqy-jewellery.com/vendor/laravel/framework/src/Illuminate/Pipeline/Pipeline.php(219): App\\Http\\Middleware\\RoleCheck->handle()
#27 /home/rouqy-jewellery-api-faz/htdocs/api-faz.rouqy-jewellery.com/app/Http/Middleware/EnsureCompanyIsActive.php(30): Illuminate\\Pipeline\\Pipeline->Illuminate\\Pipeline\\{closure}()
#28 /home/rouqy-jewellery-api-faz/htdocs/api-faz.rouqy-jewellery.com/vendor/laravel/framework/src/Illuminate/Pipeline/Pipeline.php(219): App\\Http\\Middleware\\EnsureCompanyIsActive->handle()
#29 /home/rouqy-jewellery-api-faz/htdocs/api-faz.rouqy-jewellery.com/app/Http/Middleware/SetLocale.php(19): Illuminate\\Pipeline\\Pipeline->Illuminate\\Pipeline\\{closure}()
#30 /home/rouqy-jewellery-api-faz/htdocs/api-faz.rouqy-jewellery.com/vendor/laravel/framework/src/Illuminate/Pipeline/Pipeline.php(219): App\\Http\\Middleware\\SetLocale->handle()
#31 /home/rouqy-jewellery-api-faz/htdocs/api-faz.rouqy-jewellery.com/vendor/laravel/framework/src/Illuminate/Routing/Middleware/SubstituteBindings.php(50): Illuminate\\Pipeline\\Pipeline->Illuminate\\Pipeline\\{closure}()
#32 /home/rouqy-jewellery-api-faz/htdocs/api-faz.rouqy-jewellery.com/vendor/laravel/framework/src/Illuminate/Pipeline/Pipeline.php(219): Illuminate\\Routing\\Middleware\\SubstituteBindings->handle()
#33 /home/rouqy-jewellery-api-faz/htdocs/api-faz.rouqy-jewellery.com/vendor/laravel/framework/src/Illuminate/Auth/Middleware/Authenticate.php(63): Illuminate\\Pipeline\\Pipeline->Illuminate\\Pipeline\\{closure}()
#34 /home/rouqy-jewellery-api-faz/htdocs/api-faz.rouqy-jewellery.com/vendor/laravel/framework/src/Illuminate/Pipeline/Pipeline.php(219): Illuminate\\Auth\\Middleware\\Authenticate->handle()
#35 /home/rouqy-jewellery-api-faz/htdocs/api-faz.rouqy-jewellery.com/vendor/laravel/framework/src/Illuminate/Pipeline/Pipeline.php(137): Illuminate\\Pipeline\\Pipeline->Illuminate\\Pipeline\\{closure}()
#36 /home/rouqy-jewellery-api-faz/htdocs/api-faz.rouqy-jewellery.com/vendor/laravel/framework/src/Illuminate/Routing/Router.php(821): Illuminate\\Pipeline\\Pipeline->then()
#37 /home/rouqy-jewellery-api-faz/htdocs/api-faz.rouqy-jewellery.com/vendor/laravel/framework/src/Illuminate/Routing/Router.php(800): Illuminate\\Routing\\Router->runRouteWithinStack()
#38 /home/rouqy-jewellery-api-faz/htdocs/api-faz.rouqy-jewellery.com/vendor/laravel/framework/src/Illuminate/Routing/Router.php(764): Illuminate\\Routing\\Router->runRoute()
#39 /home/rouqy-jewellery-api-faz/htdocs/api-faz.rouqy-jewellery.com/vendor/laravel/framework/src/Illuminate/Routing/Router.php(753): Illuminate\\Routing\\Router->dispatchToRoute()
#40 /home/rouqy-jewellery-api-faz/htdocs/api-faz.rouqy-jewellery.com/vendor/laravel/framework/src/Illuminate/Foundation/Http/Kernel.php(200): Illuminate\\Routing\\Router->dispatch()
#41 /home/rouqy-jewellery-api-faz/htdocs/api-faz.rouqy-jewellery.com/vendor/laravel/framework/src/Illuminate/Pipeline/Pipeline.php(180): Illuminate\\Foundation\\Http\\Kernel->Illuminate\\Foundation\\Http\\{closure}()
#42 /home/rouqy-jewellery-api-faz/htdocs/api-faz.rouqy-jewellery.com/vendor/laravel/framework/src/Illuminate/Foundation/Http/Middleware/TransformsRequest.php(21): Illuminate\\Pipeline\\Pipeline->Illuminate\\Pipeline\\{closure}()
#43 /home/rouqy-jewellery-api-faz/htdocs/api-faz.rouqy-jewellery.com/vendor/laravel/framework/src/Illuminate/Foundation/Http/Middleware/ConvertEmptyStringsToNull.php(31): Illuminate\\Foundation\\Http\\Middleware\\TransformsRequest->handle()
#44 /home/rouqy-jewellery-api-faz/htdocs/api-faz.rouqy-jewellery.com/vendor/laravel/framework/src/Illuminate/Pipeline/Pipeline.php(219): Illuminate\\Foundation\\Http\\Middleware\\ConvertEmptyStringsToNull->handle()
#45 /home/rouqy-jewellery-api-faz/htdocs/api-faz.rouqy-jewellery.com/vendor/laravel/framework/src/Illuminate/Foundation/Http/Middleware/TransformsRequest.php(21): Illuminate\\Pipeline\\Pipeline->Illuminate\\Pipeline\\{closure}()
#46 /home/rouqy-jewellery-api-faz/htdocs/api-faz.rouqy-jewellery.com/vendor/laravel/framework/src/Illuminate/Foundation/Http/Middleware/TrimStrings.php(51): Illuminate\\Foundation\\Http\\Middleware\\TransformsRequest->handle()
#47 /home/rouqy-jewellery-api-faz/htdocs/api-faz.rouqy-jewellery.com/vendor/laravel/framework/src/Illuminate/Pipeline/Pipeline.php(219): Illuminate\\Foundation\\Http\\Middleware\\TrimStrings->handle()
#48 /home/rouqy-jewellery-api-faz/htdocs/api-faz.rouqy-jewellery.com/vendor/laravel/framework/src/Illuminate/Http/Middleware/ValidatePostSize.php(27): Illuminate\\Pipeline\\Pipeline->Illuminate\\Pipeline\\{closure}()
#49 /home/rouqy-jewellery-api-faz/htdocs/api-faz.rouqy-jewellery.com/vendor/laravel/framework/src/Illuminate/Pipeline/Pipeline.php(219): Illuminate\\Http\\Middleware\\ValidatePostSize->handle()
#50 /home/rouqy-jewellery-api-faz/htdocs/api-faz.rouqy-jewellery.com/vendor/laravel/framework/src/Illuminate/Foundation/Http/Middleware/PreventRequestsDuringMaintenance.php(109): Illuminate\\Pipeline\\Pipeline->Illuminate\\Pipeline\\{closure}()
#51 /home/rouqy-jewellery-api-faz/htdocs/api-faz.rouqy-jewellery.com/vendor/laravel/framework/src/Illuminate/Pipeline/Pipeline.php(219): Illuminate\\Foundation\\Http\\Middleware\\PreventRequestsDuringMaintenance->handle()
#52 /home/rouqy-jewellery-api-faz/htdocs/api-faz.rouqy-jewellery.com/vendor/laravel/framework/src/Illuminate/Http/Middleware/HandleCors.php(74): Illuminate\\Pipeline\\Pipeline->Illuminate\\Pipeline\\{closure}()
#53 /home/rouqy-jewellery-api-faz/htdocs/api-faz.rouqy-jewellery.com/vendor/laravel/framework/src/Illuminate/Pipeline/Pipeline.php(219): Illuminate\\Http\\Middleware\\HandleCors->handle()
#54 /home/rouqy-jewellery-api-faz/htdocs/api-faz.rouqy-jewellery.com/vendor/laravel/framework/src/Illuminate/Http/Middleware/TrustProxies.php(58): Illuminate\\Pipeline\\Pipeline->Illuminate\\Pipeline\\{closure}()
#55 /home/rouqy-jewellery-api-faz/htdocs/api-faz.rouqy-jewellery.com/vendor/laravel/framework/src/Illuminate/Pipeline/Pipeline.php(219): Illuminate\\Http\\Middleware\\TrustProxies->handle()
#56 /home/rouqy-jewellery-api-faz/htdocs/api-faz.rouqy-jewellery.com/vendor/laravel/framework/src/Illuminate/Foundation/Http/Middleware/InvokeDeferredCallbacks.php(22): Illuminate\\Pipeline\\Pipeline->Illuminate\\Pipeline\\{closure}()
#57 /home/rouqy-jewellery-api-faz/htdocs/api-faz.rouqy-jewellery.com/vendor/laravel/framework/src/Illuminate/Pipeline/Pipeline.php(219): Illuminate\\Foundation\\Http\\Middleware\\InvokeDeferredCallbacks->handle()
#58 /home/rouqy-jewellery-api-faz/htdocs/api-faz.rouqy-jewellery.com/vendor/laravel/framework/src/Illuminate/Http/Middleware/ValidatePathEncoding.php(26): Illuminate\\Pipeline\\Pipeline->Illuminate\\Pipeline\\{closure}()
#59 /home/rouqy-jewellery-api-faz/htdocs/api-faz.rouqy-jewellery.com/vendor/laravel/framework/src/Illuminate/Pipeline/Pipeline.php(219): Illuminate\\Http\\Middleware\\ValidatePathEncoding->handle()
#60 /home/rouqy-jewellery-api-faz/htdocs/api-faz.rouqy-jewellery.com/vendor/laravel/framework/src/Illuminate/Pipeline/Pipeline.php(137): Illuminate\\Pipeline\\Pipeline->Illuminate\\Pipeline\\{closure}()
#61 /home/rouqy-jewellery-api-faz/htdocs/api-faz.rouqy-jewellery.com/vendor/laravel/framework/src/Illuminate/Foundation/Http/Kernel.php(175): Illuminate\\Pipeline\\Pipeline->then()
#62 /home/rouqy-jewellery-api-faz/htdocs/api-faz.rouqy-jewellery.com/vendor/laravel/framework/src/Illuminate/Foundation/Http/Kernel.php(144): Illuminate\\Foundation\\Http\\Kernel->sendRequestThroughRouter()
#63 /home/rouqy-jewellery-api-faz/htdocs/api-faz.rouqy-jewellery.com/vendor/laravel/framework/src/Illuminate/Foundation/Application.php(1220): Illuminate\\Foundation\\Http\\Kernel->handle()
#64 /home/rouqy-jewellery-api-faz/htdocs/api-faz.rouqy-jewellery.com/public/index.php(20): Illuminate\\Foundation\\Application->handleRequest()
#65 {main}

[previous exception] [object] (PDOException(code: HY000): SQLSTATE[HY000]: General error: 1364 Field 'owner_name' doesn't have a default value at /home/rouqy-jewellery-api-faz/htdocs/api-faz.rouqy-jewellery.com/vendor/laravel/framework/src/Illuminate/Database/MySqlConnection.php:53)
[stacktrace]
#0 /home/rouqy-jewellery-api-faz/htdocs/api-faz.rouqy-jewellery.com/vendor/laravel/framework/src/Illuminate/Database/MySqlConnection.php(53): PDOStatement->execute()
#1 /home/rouqy-jewellery-api-faz/htdocs/api-faz.rouqy-jewellery.com/vendor/laravel/framework/src/Illuminate/Database/Connection.php(827): Illuminate\\Database\\MySqlConnection->Illuminate\\Database\\{closure}()
#2 /home/rouqy-jewellery-api-faz/htdocs/api-faz.rouqy-jewellery.com/vendor/laravel/framework/src/Illuminate/Database/Connection.php(794): Illuminate\\Database\\Connection->runQueryCallback()
#3 /home/rouqy-jewellery-api-faz/htdocs/api-faz.rouqy-jewellery.com/vendor/laravel/framework/src/Illuminate/Database/MySqlConnection.php(42): Illuminate\\Database\\Connection->run()
#4 /home/rouqy-jewellery-api-faz/htdocs/api-faz.rouqy-jewellery.com/vendor/laravel/framework/src/Illuminate/Database/Query/Processors/MySqlProcessor.php(35): Illuminate\\Database\\MySqlConnection->insert()
#5 /home/rouqy-jewellery-api-faz/htdocs/api-faz.rouqy-jewellery.com/vendor/laravel/framework/src/Illuminate/Database/Query/Builder.php(4170): Illuminate\\Database\\Query\\Processors\\MySqlProcessor->processInsertGetId()
#6 /home/rouqy-jewellery-api-faz/htdocs/api-faz.rouqy-jewellery.com/vendor/laravel/framework/src/Illuminate/Database/Eloquent/Builder.php(2237): Illuminate\\Database\\Query\\Builder->insertGetId()
#7 /home/rouqy-jewellery-api-faz/htdocs/api-faz.rouqy-jewellery.com/vendor/laravel/framework/src/Illuminate/Database/Eloquent/Model.php(1436): Illuminate\\Database\\Eloquent\\Builder->__call()
#8 /home/rouqy-jewellery-api-faz/htdocs/api-faz.rouqy-jewellery.com/vendor/laravel/framework/src/Illuminate/Database/Eloquent/Model.php(1401): Illuminate\\Database\\Eloquent\\Model->insertAndSetId()
#9 /home/rouqy-jewellery-api-faz/htdocs/api-faz.rouqy-jewellery.com/vendor/laravel/framework/src/Illuminate/Database/Eloquent/Model.php(1240): Illuminate\\Database\\Eloquent\\Model->performInsert()
#10 /home/rouqy-jewellery-api-faz/htdocs/api-faz.rouqy-jewellery.com/vendor/laravel/framework/src/Illuminate/Database/Eloquent/Builder.php(1219): Illuminate\\Database\\Eloquent\\Model->save()
#11 /home/rouqy-jewellery-api-faz/htdocs/api-faz.rouqy-jewellery.com/vendor/laravel/framework/src/Illuminate/Support/helpers.php(393): Illuminate\\Database\\Eloquent\\Builder->Illuminate\\Database\\Eloquent\\{closure}()
#12 /home/rouqy-jewellery-api-faz/htdocs/api-faz.rouqy-jewellery.com/vendor/laravel/framework/src/Illuminate/Database/Eloquent/Builder.php(1218): tap()
#13 /home/rouqy-jewellery-api-faz/htdocs/api-faz.rouqy-jewellery.com/vendor/laravel/framework/src/Illuminate/Support/Traits/ForwardsCalls.php(23): Illuminate\\Database\\Eloquent\\Builder->create()
#14 /home/rouqy-jewellery-api-faz/htdocs/api-faz.rouqy-jewellery.com/vendor/laravel/framework/src/Illuminate/Database/Eloquent/Model.php(2544): Illuminate\\Database\\Eloquent\\Model->forwardCallTo()
#15 /home/rouqy-jewellery-api-faz/htdocs/api-faz.rouqy-jewellery.com/vendor/laravel/framework/src/Illuminate/Database/Eloquent/Model.php(2560): Illuminate\\Database\\Eloquent\\Model->__call()
#16 /home/rouqy-jewellery-api-faz/htdocs/api-faz.rouqy-jewellery.com/app/Services/Admin/PlatformAdminService.php(50): Illuminate\\Database\\Eloquent\\Model::__callStatic()
#17 /home/rouqy-jewellery-api-faz/htdocs/api-faz.rouqy-jewellery.com/vendor/laravel/framework/src/Illuminate/Database/Concerns/ManagesTransactions.php(35): App\\Services\\Admin\\PlatformAdminService->App\\Services\\Admin\\{closure}()
#18 /home/rouqy-jewellery-api-faz/htdocs/api-faz.rouqy-jewellery.com/vendor/laravel/framework/src/Illuminate/Database/DatabaseManager.php(491): Illuminate\\Database\\Connection->transaction()
#19 /home/rouqy-jewellery-api-faz/htdocs/api-faz.rouqy-jewellery.com/vendor/laravel/framework/src/Illuminate/Support/Facades/Facade.php(363): Illuminate\\Database\\DatabaseManager->__call()
#20 /home/rouqy-jewellery-api-faz/htdocs/api-faz.rouqy-jewellery.com/app/Services/Admin/PlatformAdminService.php(49): Illuminate\\Support\\Facades\\Facade::__callStatic()
#21 /home/rouqy-jewellery-api-faz/htdocs/api-faz.rouqy-jewellery.com/app/Http/Controllers/Api/V1/Admin/CompanyManagementController.php(38): App\\Services\\Admin\\PlatformAdminService->createCompany()
#22 /home/rouqy-jewellery-api-faz/htdocs/api-faz.rouqy-jewellery.com/vendor/laravel/framework/src/Illuminate/Routing/ControllerDispatcher.php(46): App\\Http\\Controllers\\Api\\V1\\Admin\\CompanyManagementController->store()
#23 /home/rouqy-jewellery-api-faz/htdocs/api-faz.rouqy-jewellery.com/vendor/laravel/framework/src/Illuminate/Routing/Route.php(265): Illuminate\\Routing\\ControllerDispatcher->dispatch()
#24 /home/rouqy-jewellery-api-faz/htdocs/api-faz.rouqy-jewellery.com/vendor/laravel/framework/src/Illuminate/Routing/Route.php(211): Illuminate\\Routing\\Route->runController()
#25 /home/rouqy-jewellery-api-faz/htdocs/api-faz.rouqy-jewellery.com/vendor/laravel/framework/src/Illuminate/Routing/Router.php(822): Illuminate\\Routing\\Route->run()
#26 /home/rouqy-jewellery-api-faz/htdocs/api-faz.rouqy-jewellery.com/vendor/laravel/framework/src/Illuminate/Pipeline/Pipeline.php(180): Illuminate\\Routing\\Router->Illuminate\\Routing\\{closure}()
#27 /home/rouqy-jewellery-api-faz/htdocs/api-faz.rouqy-jewellery.com/app/Http/Middleware/RoleCheck.php(25): Illuminate\\Pipeline\\Pipeline->Illuminate\\Pipeline\\{closure}()
#28 /home/rouqy-jewellery-api-faz/htdocs/api-faz.rouqy-jewellery.com/vendor/laravel/framework/src/Illuminate/Pipeline/Pipeline.php(219): App\\Http\\Middleware\\RoleCheck->handle()
#29 /home/rouqy-jewellery-api-faz/htdocs/api-faz.rouqy-jewellery.com/app/Http/Middleware/EnsureCompanyIsActive.php(30): Illuminate\\Pipeline\\Pipeline->Illuminate\\Pipeline\\{closure}()
#30 /home/rouqy-jewellery-api-faz/htdocs/api-faz.rouqy-jewellery.com/vendor/laravel/framework/src/Illuminate/Pipeline/Pipeline.php(219): App\\Http\\Middleware\\EnsureCompanyIsActive->handle()
#31 /home/rouqy-jewellery-api-faz/htdocs/api-faz.rouqy-jewellery.com/app/Http/Middleware/SetLocale.php(19): Illuminate\\Pipeline\\Pipeline->Illuminate\\Pipeline\\{closure}()
#32 /home/rouqy-jewellery-api-faz/htdocs/api-faz.rouqy-jewellery.com/vendor/laravel/framework/src/Illuminate/Pipeline/Pipeline.php(219): App\\Http\\Middleware\\SetLocale->handle()
#33 /home/rouqy-jewellery-api-faz/htdocs/api-faz.rouqy-jewellery.com/vendor/laravel/framework/src/Illuminate/Routing/Middleware/SubstituteBindings.php(50): Illuminate\\Pipeline\\Pipeline->Illuminate\\Pipeline\\{closure}()
#34 /home/rouqy-jewellery-api-faz/htdocs/api-faz.rouqy-jewellery.com/vendor/laravel/framework/src/Illuminate/Pipeline/Pipeline.php(219): Illuminate\\Routing\\Middleware\\SubstituteBindings->handle()
#35 /home/rouqy-jewellery-api-faz/htdocs/api-faz.rouqy-jewellery.com/vendor/laravel/framework/src/Illuminate/Auth/Middleware/Authenticate.php(63): Illuminate\\Pipeline\\Pipeline->Illuminate\\Pipeline\\{closure}()
#36 /home/rouqy-jewellery-api-faz/htdocs/api-faz.rouqy-jewellery.com/vendor/laravel/framework/src/Illuminate/Pipeline/Pipeline.php(219): Illuminate\\Auth\\Middleware\\Authenticate->handle()
#37 /home/rouqy-jewellery-api-faz/htdocs/api-faz.rouqy-jewellery.com/vendor/laravel/framework/src/Illuminate/Pipeline/Pipeline.php(137): Illuminate\\Pipeline\\Pipeline->Illuminate\\Pipeline\\{closure}()
#38 /home/rouqy-jewellery-api-faz/htdocs/api-faz.rouqy-jewellery.com/vendor/laravel/framework/src/Illuminate/Routing/Router.php(821): Illuminate\\Pipeline\\Pipeline->then()
#39 /home/rouqy-jewellery-api-faz/htdocs/api-faz.rouqy-jewellery.com/vendor/laravel/framework/src/Illuminate/Routing/Router.php(800): Illuminate\\Routing\\Router->runRouteWithinStack()
#40 /home/rouqy-jewellery-api-faz/htdocs/api-faz.rouqy-jewellery.com/vendor/laravel/framework/src/Illuminate/Routing/Router.php(764): Illuminate\\Routing\\Router->runRoute()
#41 /home/rouqy-jewellery-api-faz/htdocs/api-faz.rouqy-jewellery.com/vendor/laravel/framework/src/Illuminate/Routing/Router.php(753): Illuminate\\Routing\\Router->dispatchToRoute()
#42 /home/rouqy-jewellery-api-faz/htdocs/api-faz.rouqy-jewellery.com/vendor/laravel/framework/src/Illuminate/Foundation/Http/Kernel.php(200): Illuminate\\Routing\\Router->dispatch()
#43 /home/rouqy-jewellery-api-faz/htdocs/api-faz.rouqy-jewellery.com/vendor/laravel/framework/src/Illuminate/Pipeline/Pipeline.php(180): Illuminate\\Foundation\\Http\\Kernel->Illuminate\\Foundation\\Http\\{closure}()
#44 /home/rouqy-jewellery-api-faz/htdocs/api-faz.rouqy-jewellery.com/vendor/laravel/framework/src/Illuminate/Foundation/Http/Middleware/TransformsRequest.php(21): Illuminate\\Pipeline\\Pipeline->Illuminate\\Pipeline\\{closure}()
#45 /home/rouqy-jewellery-api-faz/htdocs/api-faz.rouqy-jewellery.com/vendor/laravel/framework/src/Illuminate/Foundation/Http/Middleware/ConvertEmptyStringsToNull.php(31): Illuminate\\Foundation\\Http\\Middleware\\TransformsRequest->handle()
#46 /home/rouqy-jewellery-api-faz/htdocs/api-faz.rouqy-jewellery.com/vendor/laravel/framework/src/Illuminate/Pipeline/Pipeline.php(219): Illuminate\\Foundation\\Http\\Middleware\\ConvertEmptyStringsToNull->handle()
#47 /home/rouqy-jewellery-api-faz/htdocs/api-faz.rouqy-jewellery.com/vendor/laravel/framework/src/Illuminate/Foundation/Http/Middleware/TransformsRequest.php(21): Illuminate\\Pipeline\\Pipeline->Illuminate\\Pipeline\\{closure}()
#48 /home/rouqy-jewellery-api-faz/htdocs/api-faz.rouqy-jewellery.com/vendor/laravel/framework/src/Illuminate/Foundation/Http/Middleware/TrimStrings.php(51): Illuminate\\Foundation\\Http\\Middleware\\TransformsRequest->handle()
#49 /home/rouqy-jewellery-api-faz/htdocs/api-faz.rouqy-jewellery.com/vendor/laravel/framework/src/Illuminate/Pipeline/Pipeline.php(219): Illuminate\\Foundation\\Http\\Middleware\\TrimStrings->handle()
#50 /home/rouqy-jewellery-api-faz/htdocs/api-faz.rouqy-jewellery.com/vendor/laravel/framework/src/Illuminate/Http/Middleware/ValidatePostSize.php(27): Illuminate\\Pipeline\\Pipeline->Illuminate\\Pipeline\\{closure}()
#51 /home/rouqy-jewellery-api-faz/htdocs/api-faz.rouqy-jewellery.com/vendor/laravel/framework/src/Illuminate/Pipeline/Pipeline.php(219): Illuminate\\Http\\Middleware\\ValidatePostSize->handle()
#52 /home/rouqy-jewellery-api-faz/htdocs/api-faz.rouqy-jewellery.com/vendor/laravel/framework/src/Illuminate/Foundation/Http/Middleware/PreventRequestsDuringMaintenance.php(109): Illuminate\\Pipeline\\Pipeline->Illuminate\\Pipeline\\{closure}()
#53 /home/rouqy-jewellery-api-faz/htdocs/api-faz.rouqy-jewellery.com/vendor/laravel/framework/src/Illuminate/Pipeline/Pipeline.php(219): Illuminate\\Foundation\\Http\\Middleware\\PreventRequestsDuringMaintenance->handle()
#54 /home/rouqy-jewellery-api-faz/htdocs/api-faz.rouqy-jewellery.com/vendor/laravel/framework/src/Illuminate/Http/Middleware/HandleCors.php(74): Illuminate\\Pipeline\\Pipeline->Illuminate\\Pipeline\\{closure}()
#55 /home/rouqy-jewellery-api-faz/htdocs/api-faz.rouqy-jewellery.com/vendor/laravel/framework/src/Illuminate/Pipeline/Pipeline.php(219): Illuminate\\Http\\Middleware\\HandleCors->handle()
#56 /home/rouqy-jewellery-api-faz/htdocs/api-faz.rouqy-jewellery.com/vendor/laravel/framework/src/Illuminate/Http/Middleware/TrustProxies.php(58): Illuminate\\Pipeline\\Pipeline->Illuminate\\Pipeline\\{closure}()
#57 /home/rouqy-jewellery-api-faz/htdocs/api-faz.rouqy-jewellery.com/vendor/laravel/framework/src/Illuminate/Pipeline/Pipeline.php(219): Illuminate\\Http\\Middleware\\TrustProxies->handle()
#58 /home/rouqy-jewellery-api-faz/htdocs/api-faz.rouqy-jewellery.com/vendor/laravel/framework/src/Illuminate/Foundation/Http/Middleware/InvokeDeferredCallbacks.php(22): Illuminate\\Pipeline\\Pipeline->Illuminate\\Pipeline\\{closure}()
#59 /home/rouqy-jewellery-api-faz/htdocs/api-faz.rouqy-jewellery.com/vendor/laravel/framework/src/Illuminate/Pipeline/Pipeline.php(219): Illuminate\\Foundation\\Http\\Middleware\\InvokeDeferredCallbacks->handle()
#60 /home/rouqy-jewellery-api-faz/htdocs/api-faz.rouqy-jewellery.com/vendor/laravel/framework/src/Illuminate/Http/Middleware/ValidatePathEncoding.php(26): Illuminate\\Pipeline\\Pipeline->Illuminate\\Pipeline\\{closure}()
#61 /home/rouqy-jewellery-api-faz/htdocs/api-faz.rouqy-jewellery.com/vendor/laravel/framework/src/Illuminate/Pipeline/Pipeline.php(219): Illuminate\\Http\\Middleware\\ValidatePathEncoding->handle()
#62 /home/rouqy-jewellery-api-faz/htdocs/api-faz.rouqy-jewellery.com/vendor/laravel/framework/src/Illuminate/Pipeline/Pipeline.php(137): Illuminate\\Pipeline\\Pipeline->Illuminate\\Pipeline\\{closure}()
#63 /home/rouqy-jewellery-api-faz/htdocs/api-faz.rouqy-jewellery.com/vendor/laravel/framework/src/Illuminate/Foundation/Http/Kernel.php(175): Illuminate\\Pipeline\\Pipeline->then()
#64 /home/rouqy-jewellery-api-faz/htdocs/api-faz.rouqy-jewellery.com/vendor/laravel/framework/src/Illuminate/Foundation/Http/Kernel.php(144): Illuminate\\Foundation\\Http\\Kernel->sendRequestThroughRouter()
#65 /home/rouqy-jewellery-api-faz/htdocs/api-faz.rouqy-jewellery.com/vendor/laravel/framework/src/Illuminate/Foundation/Application.php(1220): Illuminate\\Foundation\\Http\\Kernel->handle()
#66 /home/rouqy-jewellery-api-faz/htdocs/api-faz.rouqy-jewellery.com/public/index.php(20): Illuminate\\Foundation\\Application->handleRequest()
#67 {main}
"} 
[2026-07-25 09:42:22] local.ERROR: Route [login] not defined. {"exception":"[object] (Symfony\\Component\\Routing\\Exception\\RouteNotFoundException(code: 0): Route [login] not defined. at /home/rouqy-jewellery-api-faz/htdocs/api-faz.rouqy-jewellery.com/vendor/laravel/framework/src/Illuminate/Routing/UrlGenerator.php:534)
[stacktrace]
#0 /home/rouqy-jewellery-api-faz/htdocs/api-faz.rouqy-jewellery.com/vendor/laravel/framework/src/Illuminate/Foundation/helpers.php(870): Illuminate\\Routing\\UrlGenerator->route()
#1 /home/rouqy-jewellery-api-faz/htdocs/api-faz.rouqy-jewellery.com/vendor/laravel/framework/src/Illuminate/Foundation/Configuration/ApplicationBuilder.php(278): route()
#2 [internal function]: Illuminate\\Foundation\\Configuration\\ApplicationBuilder->Illuminate\\Foundation\\Configuration\\{closure}()
#3 /home/rouqy-jewellery-api-faz/htdocs/api-faz.rouqy-jewellery.com/vendor/laravel/framework/src/Illuminate/Auth/Middleware/Authenticate.php(117): call_user_func()
#4 /home/rouqy-jewellery-api-faz/htdocs/api-faz.rouqy-jewellery.com/vendor/laravel/framework/src/Illuminate/Auth/Middleware/Authenticate.php(104): Illuminate\\Auth\\Middleware\\Authenticate->redirectTo()
#5 /home/rouqy-jewellery-api-faz/htdocs/api-faz.rouqy-jewellery.com/vendor/laravel/framework/src/Illuminate/Auth/Middleware/Authenticate.php(87): Illuminate\\Auth\\Middleware\\Authenticate->unauthenticated()
#6 /home/rouqy-jewellery-api-faz/htdocs/api-faz.rouqy-jewellery.com/vendor/laravel/framework/src/Illuminate/Auth/Middleware/Authenticate.php(61): Illuminate\\Auth\\Middleware\\Authenticate->authenticate()
#7 /home/rouqy-jewellery-api-faz/htdocs/api-faz.rouqy-jewellery.com/vendor/laravel/framework/src/Illuminate/Pipeline/Pipeline.php(219): Illuminate\\Auth\\Middleware\\Authenticate->handle()
#8 /home/rouqy-jewellery-api-faz/htdocs/api-faz.rouqy-jewellery.com/vendor/laravel/framework/src/Illuminate/Pipeline/Pipeline.php(137): Illuminate\\Pipeline\\Pipeline->Illuminate\\Pipeline\\{closure}()
#9 /home/rouqy-jewellery-api-faz/htdocs/api-faz.rouqy-jewellery.com/vendor/laravel/framework/src/Illuminate/Routing/Router.php(821): Illuminate\\Pipeline\\Pipeline->then()
#10 /home/rouqy-jewellery-api-faz/htdocs/api-faz.rouqy-jewellery.com/vendor/laravel/framework/src/Illuminate/Routing/Router.php(800): Illuminate\\Routing\\Router->runRouteWithinStack()
#11 /home/rouqy-jewellery-api-faz/htdocs/api-faz.rouqy-jewellery.com/vendor/laravel/framework/src/Illuminate/Routing/Router.php(764): Illuminate\\Routing\\Router->runRoute()
#12 /home/rouqy-jewellery-api-faz/htdocs/api-faz.rouqy-jewellery.com/vendor/laravel/framework/src/Illuminate/Routing/Router.php(753): Illuminate\\Routing\\Router->dispatchToRoute()
#13 /home/rouqy-jewellery-api-faz/htdocs/api-faz.rouqy-jewellery.com/vendor/laravel/framework/src/Illuminate/Foundation/Http/Kernel.php(200): Illuminate\\Routing\\Router->dispatch()
#14 /home/rouqy-jewellery-api-faz/htdocs/api-faz.rouqy-jewellery.com/vendor/laravel/framework/src/Illuminate/Pipeline/Pipeline.php(180): Illuminate\\Foundation\\Http\\Kernel->Illuminate\\Foundation\\Http\\{closure}()
#15 /home/rouqy-jewellery-api-faz/htdocs/api-faz.rouqy-jewellery.com/vendor/laravel/framework/src/Illuminate/Foundation/Http/Middleware/TransformsRequest.php(21): Illuminate\\Pipeline\\Pipeline->Illuminate\\Pipeline\\{closure}()
#16 /home/rouqy-jewellery-api-faz/htdocs/api-faz.rouqy-jewellery.com/vendor/laravel/framework/src/Illuminate/Foundation/Http/Middleware/ConvertEmptyStringsToNull.php(31): Illuminate\\Foundation\\Http\\Middleware\\TransformsRequest->handle()
#17 /home/rouqy-jewellery-api-faz/htdocs/api-faz.rouqy-jewellery.com/vendor/laravel/framework/src/Illuminate/Pipeline/Pipeline.php(219): Illuminate\\Foundation\\Http\\Middleware\\ConvertEmptyStringsToNull->handle()
#18 /home/rouqy-jewellery-api-faz/htdocs/api-faz.rouqy-jewellery.com/vendor/laravel/framework/src/Illuminate/Foundation/Http/Middleware/TransformsRequest.php(21): Illuminate\\Pipeline\\Pipeline->Illuminate\\Pipeline\\{closure}()
#19 /home/rouqy-jewellery-api-faz/htdocs/api-faz.rouqy-jewellery.com/vendor/laravel/framework/src/Illuminate/Foundation/Http/Middleware/TrimStrings.php(51): Illuminate\\Foundation\\Http\\Middleware\\TransformsRequest->handle()
#20 /home/rouqy-jewellery-api-faz/htdocs/api-faz.rouqy-jewellery.com/vendor/laravel/framework/src/Illuminate/Pipeline/Pipeline.php(219): Illuminate\\Foundation\\Http\\Middleware\\TrimStrings->handle()
#21 /home/rouqy-jewellery-api-faz/htdocs/api-faz.rouqy-jewellery.com/vendor/laravel/framework/src/Illuminate/Http/Middleware/ValidatePostSize.php(27): Illuminate\\Pipeline\\Pipeline->Illuminate\\Pipeline\\{closure}()
#22 /home/rouqy-jewellery-api-faz/htdocs/api-faz.rouqy-jewellery.com/vendor/laravel/framework/src/Illuminate/Pipeline/Pipeline.php(219): Illuminate\\Http\\Middleware\\ValidatePostSize->handle()
#23 /home/rouqy-jewellery-api-faz/htdocs/api-faz.rouqy-jewellery.com/vendor/laravel/framework/src/Illuminate/Foundation/Http/Middleware/PreventRequestsDuringMaintenance.php(109): Illuminate\\Pipeline\\Pipeline->Illuminate\\Pipeline\\{closure}()
#24 /home/rouqy-jewellery-api-faz/htdocs/api-faz.rouqy-jewellery.com/vendor/laravel/framework/src/Illuminate/Pipeline/Pipeline.php(219): Illuminate\\Foundation\\Http\\Middleware\\PreventRequestsDuringMaintenance->handle()
#25 /home/rouqy-jewellery-api-faz/htdocs/api-faz.rouqy-jewellery.com/vendor/laravel/framework/src/Illuminate/Http/Middleware/HandleCors.php(74): Illuminate\\Pipeline\\Pipeline->Illuminate\\Pipeline\\{closure}()
#26 /home/rouqy-jewellery-api-faz/htdocs/api-faz.rouqy-jewellery.com/vendor/laravel/framework/src/Illuminate/Pipeline/Pipeline.php(219): Illuminate\\Http\\Middleware\\HandleCors->handle()
#27 /home/rouqy-jewellery-api-faz/htdocs/api-faz.rouqy-jewellery.com/vendor/laravel/framework/src/Illuminate/Http/Middleware/TrustProxies.php(58): Illuminate\\Pipeline\\Pipeline->Illuminate\\Pipeline\\{closure}()
#28 /home/rouqy-jewellery-api-faz/htdocs/api-faz.rouqy-jewellery.com/vendor/laravel/framework/src/Illuminate/Pipeline/Pipeline.php(219): Illuminate\\Http\\Middleware\\TrustProxies->handle()
#29 /home/rouqy-jewellery-api-faz/htdocs/api-faz.rouqy-jewellery.com/vendor/laravel/framework/src/Illuminate/Foundation/Http/Middleware/InvokeDeferredCallbacks.php(22): Illuminate\\Pipeline\\Pipeline->Illuminate\\Pipeline\\{closure}()
#30 /home/rouqy-jewellery-api-faz/htdocs/api-faz.rouqy-jewellery.com/vendor/laravel/framework/src/Illuminate/Pipeline/Pipeline.php(219): Illuminate\\Foundation\\Http\\Middleware\\InvokeDeferredCallbacks->handle()
#31 /home/rouqy-jewellery-api-faz/htdocs/api-faz.rouqy-jewellery.com/vendor/laravel/framework/src/Illuminate/Http/Middleware/ValidatePathEncoding.php(26): Illuminate\\Pipeline\\Pipeline->Illuminate\\Pipeline\\{closure}()
#32 /home/rouqy-jewellery-api-faz/htdocs/api-faz.rouqy-jewellery.com/vendor/laravel/framework/src/Illuminate/Pipeline/Pipeline.php(219): Illuminate\\Http\\Middleware\\ValidatePathEncoding->handle()
#33 /home/rouqy-jewellery-api-faz/htdocs/api-faz.rouqy-jewellery.com/vendor/laravel/framework/src/Illuminate/Pipeline/Pipeline.php(137): Illuminate\\Pipeline\\Pipeline->Illuminate\\Pipeline\\{closure}()
#34 /home/rouqy-jewellery-api-faz/htdocs/api-faz.rouqy-jewellery.com/vendor/laravel/framework/src/Illuminate/Foundation/Http/Kernel.php(175): Illuminate\\Pipeline\\Pipeline->then()
#35 /home/rouqy-jewellery-api-faz/htdocs/api-faz.rouqy-jewellery.com/vendor/laravel/framework/src/Illuminate/Foundation/Http/Kernel.php(144): Illuminate\\Foundation\\Http\\Kernel->sendRequestThroughRouter()
#36 /home/rouqy-jewellery-api-faz/htdocs/api-faz.rouqy-jewellery.com/vendor/laravel/framework/src/Illuminate/Foundation/Application.php(1220): Illuminate\\Foundation\\Http\\Kernel->handle()
#37 /home/rouqy-jewellery-api-faz/htdocs/api-faz.rouqy-jewellery.com/public/index.php(20): Illuminate\\Foundation\\Application->handleRequest()
#38 {main}
"} 
[2026-07-25 09:42:41] local.ERROR: SQLSTATE[HY000]: General error: 1364 Field 'owner_name' doesn't have a default value (Connection: mysql, Host: 127.0.0.1, Port: 3306, Database: zatca-saas-app, SQL: insert into `companies` (`trade_name_ar`, `trade_name_en`, `vat_number`, `status`, `updated_at`, `created_at`) values (شركة تجريبية, Test Company, 400000000000004, active, 2026-07-25 09:42:41, 2026-07-25 09:42:41)) {"userId":3,"exception":"[object] (Illuminate\\Database\\QueryException(code: HY000): SQLSTATE[HY000]: General error: 1364 Field 'owner_name' doesn't have a default value (Connection: mysql, Host: 127.0.0.1, Port: 3306, Database: zatca-saas-app, SQL: insert into `companies` (`trade_name_ar`, `trade_name_en`, `vat_number`, `status`, `updated_at`, `created_at`) values (شركة تجريبية, Test Company, 400000000000004, active, 2026-07-25 09:42:41, 2026-07-25 09:42:41)) at /home/rouqy-jewellery-api-faz/htdocs/api-faz.rouqy-jewellery.com/vendor/laravel/framework/src/Illuminate/Database/Connection.php:838)
[stacktrace]
#0 /home/rouqy-jewellery-api-faz/htdocs/api-faz.rouqy-jewellery.com/vendor/laravel/framework/src/Illuminate/Database/Connection.php(794): Illuminate\\Database\\Connection->runQueryCallback()
#1 /home/rouqy-jewellery-api-faz/htdocs/api-faz.rouqy-jewellery.com/vendor/laravel/framework/src/Illuminate/Database/MySqlConnection.php(42): Illuminate\\Database\\Connection->run()
#2 /home/rouqy-jewellery-api-faz/htdocs/api-faz.rouqy-jewellery.com/vendor/laravel/framework/src/Illuminate/Database/Query/Processors/MySqlProcessor.php(35): Illuminate\\Database\\MySqlConnection->insert()
#3 /home/rouqy-jewellery-api-faz/htdocs/api-faz.rouqy-jewellery.com/vendor/laravel/framework/src/Illuminate/Database/Query/Builder.php(4170): Illuminate\\Database\\Query\\Processors\\MySqlProcessor->processInsertGetId()
#4 /home/rouqy-jewellery-api-faz/htdocs/api-faz.rouqy-jewellery.com/vendor/laravel/framework/src/Illuminate/Database/Eloquent/Builder.php(2237): Illuminate\\Database\\Query\\Builder->insertGetId()
#5 /home/rouqy-jewellery-api-faz/htdocs/api-faz.rouqy-jewellery.com/vendor/laravel/framework/src/Illuminate/Database/Eloquent/Model.php(1436): Illuminate\\Database\\Eloquent\\Builder->__call()
#6 /home/rouqy-jewellery-api-faz/htdocs/api-faz.rouqy-jewellery.com/vendor/laravel/framework/src/Illuminate/Database/Eloquent/Model.php(1401): Illuminate\\Database\\Eloquent\\Model->insertAndSetId()
#7 /home/rouqy-jewellery-api-faz/htdocs/api-faz.rouqy-jewellery.com/vendor/laravel/framework/src/Illuminate/Database/Eloquent/Model.php(1240): Illuminate\\Database\\Eloquent\\Model->performInsert()
#8 /home/rouqy-jewellery-api-faz/htdocs/api-faz.rouqy-jewellery.com/vendor/laravel/framework/src/Illuminate/Database/Eloquent/Builder.php(1219): Illuminate\\Database\\Eloquent\\Model->save()
#9 /home/rouqy-jewellery-api-faz/htdocs/api-faz.rouqy-jewellery.com/vendor/laravel/framework/src/Illuminate/Support/helpers.php(393): Illuminate\\Database\\Eloquent\\Builder->Illuminate\\Database\\Eloquent\\{closure}()
#10 /home/rouqy-jewellery-api-faz/htdocs/api-faz.rouqy-jewellery.com/vendor/laravel/framework/src/Illuminate/Database/Eloquent/Builder.php(1218): tap()
#11 /home/rouqy-jewellery-api-faz/htdocs/api-faz.rouqy-jewellery.com/vendor/laravel/framework/src/Illuminate/Support/Traits/ForwardsCalls.php(23): Illuminate\\Database\\Eloquent\\Builder->create()
#12 /home/rouqy-jewellery-api-faz/htdocs/api-faz.rouqy-jewellery.com/vendor/laravel/framework/src/Illuminate/Database/Eloquent/Model.php(2544): Illuminate\\Database\\Eloquent\\Model->forwardCallTo()
#13 /home/rouqy-jewellery-api-faz/htdocs/api-faz.rouqy-jewellery.com/vendor/laravel/framework/src/Illuminate/Database/Eloquent/Model.php(2560): Illuminate\\Database\\Eloquent\\Model->__call()
#14 /home/rouqy-jewellery-api-faz/htdocs/api-faz.rouqy-jewellery.com/app/Services/Admin/PlatformAdminService.php(50): Illuminate\\Database\\Eloquent\\Model::__callStatic()
#15 /home/rouqy-jewellery-api-faz/htdocs/api-faz.rouqy-jewellery.com/vendor/laravel/framework/src/Illuminate/Database/Concerns/ManagesTransactions.php(35): App\\Services\\Admin\\PlatformAdminService->App\\Services\\Admin\\{closure}()
#16 /home/rouqy-jewellery-api-faz/htdocs/api-faz.rouqy-jewellery.com/vendor/laravel/framework/src/Illuminate/Database/DatabaseManager.php(491): Illuminate\\Database\\Connection->transaction()
#17 /home/rouqy-jewellery-api-faz/htdocs/api-faz.rouqy-jewellery.com/vendor/laravel/framework/src/Illuminate/Support/Facades/Facade.php(363): Illuminate\\Database\\DatabaseManager->__call()
#18 /home/rouqy-jewellery-api-faz/htdocs/api-faz.rouqy-jewellery.com/app/Services/Admin/PlatformAdminService.php(49): Illuminate\\Support\\Facades\\Facade::__callStatic()
#19 /home/rouqy-jewellery-api-faz/htdocs/api-faz.rouqy-jewellery.com/app/Http/Controllers/Api/V1/Admin/CompanyManagementController.php(38): App\\Services\\Admin\\PlatformAdminService->createCompany()
#20 /home/rouqy-jewellery-api-faz/htdocs/api-faz.rouqy-jewellery.com/vendor/laravel/framework/src/Illuminate/Routing/ControllerDispatcher.php(46): App\\Http\\Controllers\\Api\\V1\\Admin\\CompanyManagementController->store()
#21 /home/rouqy-jewellery-api-faz/htdocs/api-faz.rouqy-jewellery.com/vendor/laravel/framework/src/Illuminate/Routing/Route.php(265): Illuminate\\Routing\\ControllerDispatcher->dispatch()
#22 /home/rouqy-jewellery-api-faz/htdocs/api-faz.rouqy-jewellery.com/vendor/laravel/framework/src/Illuminate/Routing/Route.php(211): Illuminate\\Routing\\Route->runController()
#23 /home/rouqy-jewellery-api-faz/htdocs/api-faz.rouqy-jewellery.com/vendor/laravel/framework/src/Illuminate/Routing/Router.php(822): Illuminate\\Routing\\Route->run()
#24 /home/rouqy-jewellery-api-faz/htdocs/api-faz.rouqy-jewellery.com/vendor/laravel/framework/src/Illuminate/Pipeline/Pipeline.php(180): Illuminate\\Routing\\Router->Illuminate\\Routing\\{closure}()
#25 /home/rouqy-jewellery-api-faz/htdocs/api-faz.rouqy-jewellery.com/app/Http/Middleware/RoleCheck.php(25): Illuminate\\Pipeline\\Pipeline->Illuminate\\Pipeline\\{closure}()
#26 /home/rouqy-jewellery-api-faz/htdocs/api-faz.rouqy-jewellery.com/vendor/laravel/framework/src/Illuminate/Pipeline/Pipeline.php(219): App\\Http\\Middleware\\RoleCheck->handle()
#27 /home/rouqy-jewellery-api-faz/htdocs/api-faz.rouqy-jewellery.com/app/Http/Middleware/EnsureCompanyIsActive.php(30): Illuminate\\Pipeline\\Pipeline->Illuminate\\Pipeline\\{closure}()
#28 /home/rouqy-jewellery-api-faz/htdocs/api-faz.rouqy-jewellery.com/vendor/laravel/framework/src/Illuminate/Pipeline/Pipeline.php(219): App\\Http\\Middleware\\EnsureCompanyIsActive->handle()
#29 /home/rouqy-jewellery-api-faz/htdocs/api-faz.rouqy-jewellery.com/app/Http/Middleware/SetLocale.php(19): Illuminate\\Pipeline\\Pipeline->Illuminate\\Pipeline\\{closure}()
#30 /home/rouqy-jewellery-api-faz/htdocs/api-faz.rouqy-jewellery.com/vendor/laravel/framework/src/Illuminate/Pipeline/Pipeline.php(219): App\\Http\\Middleware\\SetLocale->handle()
#31 /home/rouqy-jewellery-api-faz/htdocs/api-faz.rouqy-jewellery.com/vendor/laravel/framework/src/Illuminate/Routing/Middleware/SubstituteBindings.php(50): Illuminate\\Pipeline\\Pipeline->Illuminate\\Pipeline\\{closure}()
#32 /home/rouqy-jewellery-api-faz/htdocs/api-faz.rouqy-jewellery.com/vendor/laravel/framework/src/Illuminate/Pipeline/Pipeline.php(219): Illuminate\\Routing\\Middleware\\SubstituteBindings->handle()
#33 /home/rouqy-jewellery-api-faz/htdocs/api-faz.rouqy-jewellery.com/vendor/laravel/framework/src/Illuminate/Auth/Middleware/Authenticate.php(63): Illuminate\\Pipeline\\Pipeline->Illuminate\\Pipeline\\{closure}()
#34 /home/rouqy-jewellery-api-faz/htdocs/api-faz.rouqy-jewellery.com/vendor/laravel/framework/src/Illuminate/Pipeline/Pipeline.php(219): Illuminate\\Auth\\Middleware\\Authenticate->handle()
#35 /home/rouqy-jewellery-api-faz/htdocs/api-faz.rouqy-jewellery.com/vendor/laravel/framework/src/Illuminate/Pipeline/Pipeline.php(137): Illuminate\\Pipeline\\Pipeline->Illuminate\\Pipeline\\{closure}()
#36 /home/rouqy-jewellery-api-faz/htdocs/api-faz.rouqy-jewellery.com/vendor/laravel/framework/src/Illuminate/Routing/Router.php(821): Illuminate\\Pipeline\\Pipeline->then()
#37 /home/rouqy-jewellery-api-faz/htdocs/api-faz.rouqy-jewellery.com/vendor/laravel/framework/src/Illuminate/Routing/Router.php(800): Illuminate\\Routing\\Router->runRouteWithinStack()
#38 /home/rouqy-jewellery-api-faz/htdocs/api-faz.rouqy-jewellery.com/vendor/laravel/framework/src/Illuminate/Routing/Router.php(764): Illuminate\\Routing\\Router->runRoute()
#39 /home/rouqy-jewellery-api-faz/htdocs/api-faz.rouqy-jewellery.com/vendor/laravel/framework/src/Illuminate/Routing/Router.php(753): Illuminate\\Routing\\Router->dispatchToRoute()
#40 /home/rouqy-jewellery-api-faz/htdocs/api-faz.rouqy-jewellery.com/vendor/laravel/framework/src/Illuminate/Foundation/Http/Kernel.php(200): Illuminate\\Routing\\Router->dispatch()
#41 /home/rouqy-jewellery-api-faz/htdocs/api-faz.rouqy-jewellery.com/vendor/laravel/framework/src/Illuminate/Pipeline/Pipeline.php(180): Illuminate\\Foundation\\Http\\Kernel->Illuminate\\Foundation\\Http\\{closure}()
#42 /home/rouqy-jewellery-api-faz/htdocs/api-faz.rouqy-jewellery.com/vendor/laravel/framework/src/Illuminate/Foundation/Http/Middleware/TransformsRequest.php(21): Illuminate\\Pipeline\\Pipeline->Illuminate\\Pipeline\\{closure}()
#43 /home/rouqy-jewellery-api-faz/htdocs/api-faz.rouqy-jewellery.com/vendor/laravel/framework/src/Illuminate/Foundation/Http/Middleware/ConvertEmptyStringsToNull.php(31): Illuminate\\Foundation\\Http\\Middleware\\TransformsRequest->handle()
#44 /home/rouqy-jewellery-api-faz/htdocs/api-faz.rouqy-jewellery.com/vendor/laravel/framework/src/Illuminate/Pipeline/Pipeline.php(219): Illuminate\\Foundation\\Http\\Middleware\\ConvertEmptyStringsToNull->handle()
#45 /home/rouqy-jewellery-api-faz/htdocs/api-faz.rouqy-jewellery.com/vendor/laravel/framework/src/Illuminate/Foundation/Http/Middleware/TransformsRequest.php(21): Illuminate\\Pipeline\\Pipeline->Illuminate\\Pipeline\\{closure}()
#46 /home/rouqy-jewellery-api-faz/htdocs/api-faz.rouqy-jewellery.com/vendor/laravel/framework/src/Illuminate/Foundation/Http/Middleware/TrimStrings.php(51): Illuminate\\Foundation\\Http\\Middleware\\TransformsRequest->handle()
#47 /home/rouqy-jewellery-api-faz/htdocs/api-faz.rouqy-jewellery.com/vendor/laravel/framework/src/Illuminate/Pipeline/Pipeline.php(219): Illuminate\\Foundation\\Http\\Middleware\\TrimStrings->handle()
#48 /home/rouqy-jewellery-api-faz/htdocs/api-faz.rouqy-jewellery.com/vendor/laravel/framework/src/Illuminate/Http/Middleware/ValidatePostSize.php(27): Illuminate\\Pipeline\\Pipeline->Illuminate\\Pipeline\\{closure}()
#49 /home/rouqy-jewellery-api-faz/htdocs/api-faz.rouqy-jewellery.com/vendor/laravel/framework/src/Illuminate/Pipeline/Pipeline.php(219): Illuminate\\Http\\Middleware\\ValidatePostSize->handle()
#50 /home/rouqy-jewellery-api-faz/htdocs/api-faz.rouqy-jewellery.com/vendor/laravel/framework/src/Illuminate/Foundation/Http/Middleware/PreventRequestsDuringMaintenance.php(109): Illuminate\\Pipeline\\Pipeline->Illuminate\\Pipeline\\{closure}()
#51 /home/rouqy-jewellery-api-faz/htdocs/api-faz.rouqy-jewellery.com/vendor/laravel/framework/src/Illuminate/Pipeline/Pipeline.php(219): Illuminate\\Foundation\\Http\\Middleware\\PreventRequestsDuringMaintenance->handle()
#52 /home/rouqy-jewellery-api-faz/htdocs/api-faz.rouqy-jewellery.com/vendor/laravel/framework/src/Illuminate/Http/Middleware/HandleCors.php(74): Illuminate\\Pipeline\\Pipeline->Illuminate\\Pipeline\\{closure}()
#53 /home/rouqy-jewellery-api-faz/htdocs/api-faz.rouqy-jewellery.com/vendor/laravel/framework/src/Illuminate/Pipeline/Pipeline.php(219): Illuminate\\Http\\Middleware\\HandleCors->handle()
#54 /home/rouqy-jewellery-api-faz/htdocs/api-faz.rouqy-jewellery.com/vendor/laravel/framework/src/Illuminate/Http/Middleware/TrustProxies.php(58): Illuminate\\Pipeline\\Pipeline->Illuminate\\Pipeline\\{closure}()
#55 /home/rouqy-jewellery-api-faz/htdocs/api-faz.rouqy-jewellery.com/vendor/laravel/framework/src/Illuminate/Pipeline/Pipeline.php(219): Illuminate\\Http\\Middleware\\TrustProxies->handle()
#56 /home/rouqy-jewellery-api-faz/htdocs/api-faz.rouqy-jewellery.com/vendor/laravel/framework/src/Illuminate/Foundation/Http/Middleware/InvokeDeferredCallbacks.php(22): Illuminate\\Pipeline\\Pipeline->Illuminate\\Pipeline\\{closure}()
#57 /home/rouqy-jewellery-api-faz/htdocs/api-faz.rouqy-jewellery.com/vendor/laravel/framework/src/Illuminate/Pipeline/Pipeline.php(219): Illuminate\\Foundation\\Http\\Middleware\\InvokeDeferredCallbacks->handle()
#58 /home/rouqy-jewellery-api-faz/htdocs/api-faz.rouqy-jewellery.com/vendor/laravel/framework/src/Illuminate/Http/Middleware/ValidatePathEncoding.php(26): Illuminate\\Pipeline\\Pipeline->Illuminate\\Pipeline\\{closure}()
#59 /home/rouqy-jewellery-api-faz/htdocs/api-faz.rouqy-jewellery.com/vendor/laravel/framework/src/Illuminate/Pipeline/Pipeline.php(219): Illuminate\\Http\\Middleware\\ValidatePathEncoding->handle()
#60 /home/rouqy-jewellery-api-faz/htdocs/api-faz.rouqy-jewellery.com/vendor/laravel/framework/src/Illuminate/Pipeline/Pipeline.php(137): Illuminate\\Pipeline\\Pipeline->Illuminate\\Pipeline\\{closure}()
#61 /home/rouqy-jewellery-api-faz/htdocs/api-faz.rouqy-jewellery.com/vendor/laravel/framework/src/Illuminate/Foundation/Http/Kernel.php(175): Illuminate\\Pipeline\\Pipeline->then()
#62 /home/rouqy-jewellery-api-faz/htdocs/api-faz.rouqy-jewellery.com/vendor/laravel/framework/src/Illuminate/Foundation/Http/Kernel.php(144): Illuminate\\Foundation\\Http\\Kernel->sendRequestThroughRouter()
#63 /home/rouqy-jewellery-api-faz/htdocs/api-faz.rouqy-jewellery.com/vendor/laravel/framework/src/Illuminate/Foundation/Application.php(1220): Illuminate\\Foundation\\Http\\Kernel->handle()
#64 /home/rouqy-jewellery-api-faz/htdocs/api-faz.rouqy-jewellery.com/public/index.php(20): Illuminate\\Foundation\\Application->handleRequest()
#65 {main}

[previous exception] [object] (PDOException(code: HY000): SQLSTATE[HY000]: General error: 1364 Field 'owner_name' doesn't have a default value at /home/rouqy-jewellery-api-faz/htdocs/api-faz.rouqy-jewellery.com/vendor/laravel/framework/src/Illuminate/Database/MySqlConnection.php:53)
[stacktrace]
#0 /home/rouqy-jewellery-api-faz/htdocs/api-faz.rouqy-jewellery.com/vendor/laravel/framework/src/Illuminate/Database/MySqlConnection.php(53): PDOStatement->execute()
#1 /home/rouqy-jewellery-api-faz/htdocs/api-faz.rouqy-jewellery.com/vendor/laravel/framework/src/Illuminate/Database/Connection.php(827): Illuminate\\Database\\MySqlConnection->Illuminate\\Database\\{closure}()
#2 /home/rouqy-jewellery-api-faz/htdocs/api-faz.rouqy-jewellery.com/vendor/laravel/framework/src/Illuminate/Database/Connection.php(794): Illuminate\\Database\\Connection->runQueryCallback()
#3 /home/rouqy-jewellery-api-faz/htdocs/api-faz.rouqy-jewellery.com/vendor/laravel/framework/src/Illuminate/Database/MySqlConnection.php(42): Illuminate\\Database\\Connection->run()
#4 /home/rouqy-jewellery-api-faz/htdocs/api-faz.rouqy-jewellery.com/vendor/laravel/framework/src/Illuminate/Database/Query/Processors/MySqlProcessor.php(35): Illuminate\\Database\\MySqlConnection->insert()
#5 /home/rouqy-jewellery-api-faz/htdocs/api-faz.rouqy-jewellery.com/vendor/laravel/framework/src/Illuminate/Database/Query/Builder.php(4170): Illuminate\\Database\\Query\\Processors\\MySqlProcessor->processInsertGetId()
#6 /home/rouqy-jewellery-api-faz/htdocs/api-faz.rouqy-jewellery.com/vendor/laravel/framework/src/Illuminate/Database/Eloquent/Builder.php(2237): Illuminate\\Database\\Query\\Builder->insertGetId()
#7 /home/rouqy-jewellery-api-faz/htdocs/api-faz.rouqy-jewellery.com/vendor/laravel/framework/src/Illuminate/Database/Eloquent/Model.php(1436): Illuminate\\Database\\Eloquent\\Builder->__call()
#8 /home/rouqy-jewellery-api-faz/htdocs/api-faz.rouqy-jewellery.com/vendor/laravel/framework/src/Illuminate/Database/Eloquent/Model.php(1401): Illuminate\\Database\\Eloquent\\Model->insertAndSetId()
#9 /home/rouqy-jewellery-api-faz/htdocs/api-faz.rouqy-jewellery.com/vendor/laravel/framework/src/Illuminate/Database/Eloquent/Model.php(1240): Illuminate\\Database\\Eloquent\\Model->performInsert()
#10 /home/rouqy-jewellery-api-faz/htdocs/api-faz.rouqy-jewellery.com/vendor/laravel/framework/src/Illuminate/Database/Eloquent/Builder.php(1219): Illuminate\\Database\\Eloquent\\Model->save()
#11 /home/rouqy-jewellery-api-faz/htdocs/api-faz.rouqy-jewellery.com/vendor/laravel/framework/src/Illuminate/Support/helpers.php(393): Illuminate\\Database\\Eloquent\\Builder->Illuminate\\Database\\Eloquent\\{closure}()
#12 /home/rouqy-jewellery-api-faz/htdocs/api-faz.rouqy-jewellery.com/vendor/laravel/framework/src/Illuminate/Database/Eloquent/Builder.php(1218): tap()
#13 /home/rouqy-jewellery-api-faz/htdocs/api-faz.rouqy-jewellery.com/vendor/laravel/framework/src/Illuminate/Support/Traits/ForwardsCalls.php(23): Illuminate\\Database\\Eloquent\\Builder->create()
#14 /home/rouqy-jewellery-api-faz/htdocs/api-faz.rouqy-jewellery.com/vendor/laravel/framework/src/Illuminate/Database/Eloquent/Model.php(2544): Illuminate\\Database\\Eloquent\\Model->forwardCallTo()
#15 /home/rouqy-jewellery-api-faz/htdocs/api-faz.rouqy-jewellery.com/vendor/laravel/framework/src/Illuminate/Database/Eloquent/Model.php(2560): Illuminate\\Database\\Eloquent\\Model->__call()
#16 /home/rouqy-jewellery-api-faz/htdocs/api-faz.rouqy-jewellery.com/app/Services/Admin/PlatformAdminService.php(50): Illuminate\\Database\\Eloquent\\Model::__callStatic()
#17 /home/rouqy-jewellery-api-faz/htdocs/api-faz.rouqy-jewellery.com/vendor/laravel/framework/src/Illuminate/Database/Concerns/ManagesTransactions.php(35): App\\Services\\Admin\\PlatformAdminService->App\\Services\\Admin\\{closure}()
#18 /home/rouqy-jewellery-api-faz/htdocs/api-faz.rouqy-jewellery.com/vendor/laravel/framework/src/Illuminate/Database/DatabaseManager.php(491): Illuminate\\Database\\Connection->transaction()
#19 /home/rouqy-jewellery-api-faz/htdocs/api-faz.rouqy-jewellery.com/vendor/laravel/framework/src/Illuminate/Support/Facades/Facade.php(363): Illuminate\\Database\\DatabaseManager->__call()
#20 /home/rouqy-jewellery-api-faz/htdocs/api-faz.rouqy-jewellery.com/app/Services/Admin/PlatformAdminService.php(49): Illuminate\\Support\\Facades\\Facade::__callStatic()
#21 /home/rouqy-jewellery-api-faz/htdocs/api-faz.rouqy-jewellery.com/app/Http/Controllers/Api/V1/Admin/CompanyManagementController.php(38): App\\Services\\Admin\\PlatformAdminService->createCompany()
#22 /home/rouqy-jewellery-api-faz/htdocs/api-faz.rouqy-jewellery.com/vendor/laravel/framework/src/Illuminate/Routing/ControllerDispatcher.php(46): App\\Http\\Controllers\\Api\\V1\\Admin\\CompanyManagementController->store()
#23 /home/rouqy-jewellery-api-faz/htdocs/api-faz.rouqy-jewellery.com/vendor/laravel/framework/src/Illuminate/Routing/Route.php(265): Illuminate\\Routing\\ControllerDispatcher->dispatch()
#24 /home/rouqy-jewellery-api-faz/htdocs/api-faz.rouqy-jewellery.com/vendor/laravel/framework/src/Illuminate/Routing/Route.php(211): Illuminate\\Routing\\Route->runController()
#25 /home/rouqy-jewellery-api-faz/htdocs/api-faz.rouqy-jewellery.com/vendor/laravel/framework/src/Illuminate/Routing/Router.php(822): Illuminate\\Routing\\Route->run()
#26 /home/rouqy-jewellery-api-faz/htdocs/api-faz.rouqy-jewellery.com/vendor/laravel/framework/src/Illuminate/Pipeline/Pipeline.php(180): Illuminate\\Routing\\Router->Illuminate\\Routing\\{closure}()
#27 /home/rouqy-jewellery-api-faz/htdocs/api-faz.rouqy-jewellery.com/app/Http/Middleware/RoleCheck.php(25): Illuminate\\Pipeline\\Pipeline->Illuminate\\Pipeline\\{closure}()
#28 /home/rouqy-jewellery-api-faz/htdocs/api-faz.rouqy-jewellery.com/vendor/laravel/framework/src/Illuminate/Pipeline/Pipeline.php(219): App\\Http\\Middleware\\RoleCheck->handle()
#29 /home/rouqy-jewellery-api-faz/htdocs/api-faz.rouqy-jewellery.com/app/Http/Middleware/EnsureCompanyIsActive.php(30): Illuminate\\Pipeline\\Pipeline->Illuminate\\Pipeline\\{closure}()
#30 /home/rouqy-jewellery-api-faz/htdocs/api-faz.rouqy-jewellery.com/vendor/laravel/framework/src/Illuminate/Pipeline/Pipeline.php(219): App\\Http\\Middleware\\EnsureCompanyIsActive->handle()
#31 /home/rouqy-jewellery-api-faz/htdocs/api-faz.rouqy-jewellery.com/app/Http/Middleware/SetLocale.php(19): Illuminate\\Pipeline\\Pipeline->Illuminate\\Pipeline\\{closure}()
#32 /home/rouqy-jewellery-api-faz/htdocs/api-faz.rouqy-jewellery.com/vendor/laravel/framework/src/Illuminate/Pipeline/Pipeline.php(219): App\\Http\\Middleware\\SetLocale->handle()
#33 /home/rouqy-jewellery-api-faz/htdocs/api-faz.rouqy-jewellery.com/vendor/laravel/framework/src/Illuminate/Routing/Middleware/SubstituteBindings.php(50): Illuminate\\Pipeline\\Pipeline->Illuminate\\Pipeline\\{closure}()
#34 /home/rouqy-jewellery-api-faz/htdocs/api-faz.rouqy-jewellery.com/vendor/laravel/framework/src/Illuminate/Pipeline/Pipeline.php(219): Illuminate\\Routing\\Middleware\\SubstituteBindings->handle()
#35 /home/rouqy-jewellery-api-faz/htdocs/api-faz.rouqy-jewellery.com/vendor/laravel/framework/src/Illuminate/Auth/Middleware/Authenticate.php(63): Illuminate\\Pipeline\\Pipeline->Illuminate\\Pipeline\\{closure}()
#36 /home/rouqy-jewellery-api-faz/htdocs/api-faz.rouqy-jewellery.com/vendor/laravel/framework/src/Illuminate/Pipeline/Pipeline.php(219): Illuminate\\Auth\\Middleware\\Authenticate->handle()
#37 /home/rouqy-jewellery-api-faz/htdocs/api-faz.rouqy-jewellery.com/vendor/laravel/framework/src/Illuminate/Pipeline/Pipeline.php(137): Illuminate\\Pipeline\\Pipeline->Illuminate\\Pipeline\\{closure}()
#38 /home/rouqy-jewellery-api-faz/htdocs/api-faz.rouqy-jewellery.com/vendor/laravel/framework/src/Illuminate/Routing/Router.php(821): Illuminate\\Pipeline\\Pipeline->then()
#39 /home/rouqy-jewellery-api-faz/htdocs/api-faz.rouqy-jewellery.com/vendor/laravel/framework/src/Illuminate/Routing/Router.php(800): Illuminate\\Routing\\Router->runRouteWithinStack()
#40 /home/rouqy-jewellery-api-faz/htdocs/api-faz.rouqy-jewellery.com/vendor/laravel/framework/src/Illuminate/Routing/Router.php(764): Illuminate\\Routing\\Router->runRoute()
#41 /home/rouqy-jewellery-api-faz/htdocs/api-faz.rouqy-jewellery.com/vendor/laravel/framework/src/Illuminate/Routing/Router.php(753): Illuminate\\Routing\\Router->dispatchToRoute()
#42 /home/rouqy-jewellery-api-faz/htdocs/api-faz.rouqy-jewellery.com/vendor/laravel/framework/src/Illuminate/Foundation/Http/Kernel.php(200): Illuminate\\Routing\\Router->dispatch()
#43 /home/rouqy-jewellery-api-faz/htdocs/api-faz.rouqy-jewellery.com/vendor/laravel/framework/src/Illuminate/Pipeline/Pipeline.php(180): Illuminate\\Foundation\\Http\\Kernel->Illuminate\\Foundation\\Http\\{closure}()
#44 /home/rouqy-jewellery-api-faz/htdocs/api-faz.rouqy-jewellery.com/vendor/laravel/framework/src/Illuminate/Foundation/Http/Middleware/TransformsRequest.php(21): Illuminate\\Pipeline\\Pipeline->Illuminate\\Pipeline\\{closure}()
#45 /home/rouqy-jewellery-api-faz/htdocs/api-faz.rouqy-jewellery.com/vendor/laravel/framework/src/Illuminate/Foundation/Http/Middleware/ConvertEmptyStringsToNull.php(31): Illuminate\\Foundation\\Http\\Middleware\\TransformsRequest->handle()
#46 /home/rouqy-jewellery-api-faz/htdocs/api-faz.rouqy-jewellery.com/vendor/laravel/framework/src/Illuminate/Pipeline/Pipeline.php(219): Illuminate\\Foundation\\Http\\Middleware\\ConvertEmptyStringsToNull->handle()
#47 /home/rouqy-jewellery-api-faz/htdocs/api-faz.rouqy-jewellery.com/vendor/laravel/framework/src/Illuminate/Foundation/Http/Middleware/TransformsRequest.php(21): Illuminate\\Pipeline\\Pipeline->Illuminate\\Pipeline\\{closure}()
#48 /home/rouqy-jewellery-api-faz/htdocs/api-faz.rouqy-jewellery.com/vendor/laravel/framework/src/Illuminate/Foundation/Http/Middleware/TrimStrings.php(51): Illuminate\\Foundation\\Http\\Middleware\\TransformsRequest->handle()
#49 /home/rouqy-jewellery-api-faz/htdocs/api-faz.rouqy-jewellery.com/vendor/laravel/framework/src/Illuminate/Pipeline/Pipeline.php(219): Illuminate\\Foundation\\Http\\Middleware\\TrimStrings->handle()
#50 /home/rouqy-jewellery-api-faz/htdocs/api-faz.rouqy-jewellery.com/vendor/laravel/framework/src/Illuminate/Http/Middleware/ValidatePostSize.php(27): Illuminate\\Pipeline\\Pipeline->Illuminate\\Pipeline\\{closure}()
#51 /home/rouqy-jewellery-api-faz/htdocs/api-faz.rouqy-jewellery.com/vendor/laravel/framework/src/Illuminate/Pipeline/Pipeline.php(219): Illuminate\\Http\\Middleware\\ValidatePostSize->handle()
#52 /home/rouqy-jewellery-api-faz/htdocs/api-faz.rouqy-jewellery.com/vendor/laravel/framework/src/Illuminate/Foundation/Http/Middleware/PreventRequestsDuringMaintenance.php(109): Illuminate\\Pipeline\\Pipeline->Illuminate\\Pipeline\\{closure}()
#53 /home/rouqy-jewellery-api-faz/htdocs/api-faz.rouqy-jewellery.com/vendor/laravel/framework/src/Illuminate/Pipeline/Pipeline.php(219): Illuminate\\Foundation\\Http\\Middleware\\PreventRequestsDuringMaintenance->handle()
#54 /home/rouqy-jewellery-api-faz/htdocs/api-faz.rouqy-jewellery.com/vendor/laravel/framework/src/Illuminate/Http/Middleware/HandleCors.php(74): Illuminate\\Pipeline\\Pipeline->Illuminate\\Pipeline\\{closure}()
#55 /home/rouqy-jewellery-api-faz/htdocs/api-faz.rouqy-jewellery.com/vendor/laravel/framework/src/Illuminate/Pipeline/Pipeline.php(219): Illuminate\\Http\\Middleware\\HandleCors->handle()
#56 /home/rouqy-jewellery-api-faz/htdocs/api-faz.rouqy-jewellery.com/vendor/laravel/framework/src/Illuminate/Http/Middleware/TrustProxies.php(58): Illuminate\\Pipeline\\Pipeline->Illuminate\\Pipeline\\{closure}()
#57 /home/rouqy-jewellery-api-faz/htdocs/api-faz.rouqy-jewellery.com/vendor/laravel/framework/src/Illuminate/Pipeline/Pipeline.php(219): Illuminate\\Http\\Middleware\\TrustProxies->handle()
#58 /home/rouqy-jewellery-api-faz/htdocs/api-faz.rouqy-jewellery.com/vendor/laravel/framework/src/Illuminate/Foundation/Http/Middleware/InvokeDeferredCallbacks.php(22): Illuminate\\Pipeline\\Pipeline->Illuminate\\Pipeline\\{closure}()
#59 /home/rouqy-jewellery-api-faz/htdocs/api-faz.rouqy-jewellery.com/vendor/laravel/framework/src/Illuminate/Pipeline/Pipeline.php(219): Illuminate\\Foundation\\Http\\Middleware\\InvokeDeferredCallbacks->handle()
#60 /home/rouqy-jewellery-api-faz/htdocs/api-faz.rouqy-jewellery.com/vendor/laravel/framework/src/Illuminate/Http/Middleware/ValidatePathEncoding.php(26): Illuminate\\Pipeline\\Pipeline->Illuminate\\Pipeline\\{closure}()
#61 /home/rouqy-jewellery-api-faz/htdocs/api-faz.rouqy-jewellery.com/vendor/laravel/framework/src/Illuminate/Pipeline/Pipeline.php(219): Illuminate\\Http\\Middleware\\ValidatePathEncoding->handle()
#62 /home/rouqy-jewellery-api-faz/htdocs/api-faz.rouqy-jewellery.com/vendor/laravel/framework/src/Illuminate/Pipeline/Pipeline.php(137): Illuminate\\Pipeline\\Pipeline->Illuminate\\Pipeline\\{closure}()
#63 /home/rouqy-jewellery-api-faz/htdocs/api-faz.rouqy-jewellery.com/vendor/laravel/framework/src/Illuminate/Foundation/Http/Kernel.php(175): Illuminate\\Pipeline\\Pipeline->then()
#64 /home/rouqy-jewellery-api-faz/htdocs/api-faz.rouqy-jewellery.com/vendor/laravel/framework/src/Illuminate/Foundation/Http/Kernel.php(144): Illuminate\\Foundation\\Http\\Kernel->sendRequestThroughRouter()
#65 /home/rouqy-jewellery-api-faz/htdocs/api-faz.rouqy-jewellery.com/vendor/laravel/framework/src/Illuminate/Foundation/Application.php(1220): Illuminate\\Foundation\\Http\\Kernel->handle()
#66 /home/rouqy-jewellery-api-faz/htdocs/api-faz.rouqy-jewellery.com/public/index.php(20): Illuminate\\Foundation\\Application->handleRequest()
#67 {main}
"} 
[2026-07-25 09:43:00] local.ERROR: SQLSTATE[HY000]: General error: 1364 Field 'owner_name' doesn't have a default value (Connection: mysql, Host: 127.0.0.1, Port: 3306, Database: zatca-saas-app, SQL: insert into `companies` (`trade_name_ar`, `trade_name_en`, `vat_number`, `status`, `updated_at`, `created_at`) values (شركة تجريبية, Test Company, 400000000000004, active, 2026-07-25 09:43:00, 2026-07-25 09:43:00)) {"userId":3,"exception":"[object] (Illuminate\\Database\\QueryException(code: HY000): SQLSTATE[HY000]: General error: 1364 Field 'owner_name' doesn't have a default value (Connection: mysql, Host: 127.0.0.1, Port: 3306, Database: zatca-saas-app, SQL: insert into `companies` (`trade_name_ar`, `trade_name_en`, `vat_number`, `status`, `updated_at`, `created_at`) values (شركة تجريبية, Test Company, 400000000000004, active, 2026-07-25 09:43:00, 2026-07-25 09:43:00)) at /home/rouqy-jewellery-api-faz/htdocs/api-faz.rouqy-jewellery.com/vendor/laravel/framework/src/Illuminate/Database/Connection.php:838)
[stacktrace]
#0 /home/rouqy-jewellery-api-faz/htdocs/api-faz.rouqy-jewellery.com/vendor/laravel/framework/src/Illuminate/Database/Connection.php(794): Illuminate\\Database\\Connection->runQueryCallback()
#1 /home/rouqy-jewellery-api-faz/htdocs/api-faz.rouqy-jewellery.com/vendor/laravel/framework/src/Illuminate/Database/MySqlConnection.php(42): Illuminate\\Database\\Connection->run()
#2 /home/rouqy-jewellery-api-faz/htdocs/api-faz.rouqy-jewellery.com/vendor/laravel/framework/src/Illuminate/Database/Query/Processors/MySqlProcessor.php(35): Illuminate\\Database\\MySqlConnection->insert()
#3 /home/rouqy-jewellery-api-faz/htdocs/api-faz.rouqy-jewellery.com/vendor/laravel/framework/src/Illuminate/Database/Query/Builder.php(4170): Illuminate\\Database\\Query\\Processors\\MySqlProcessor->processInsertGetId()
#4 /home/rouqy-jewellery-api-faz/htdocs/api-faz.rouqy-jewellery.com/vendor/laravel/framework/src/Illuminate/Database/Eloquent/Builder.php(2237): Illuminate\\Database\\Query\\Builder->insertGetId()
#5 /home/rouqy-jewellery-api-faz/htdocs/api-faz.rouqy-jewellery.com/vendor/laravel/framework/src/Illuminate/Database/Eloquent/Model.php(1436): Illuminate\\Database\\Eloquent\\Builder->__call()
#6 /home/rouqy-jewellery-api-faz/htdocs/api-faz.rouqy-jewellery.com/vendor/laravel/framework/src/Illuminate/Database/Eloquent/Model.php(1401): Illuminate\\Database\\Eloquent\\Model->insertAndSetId()
#7 /home/rouqy-jewellery-api-faz/htdocs/api-faz.rouqy-jewellery.com/vendor/laravel/framework/src/Illuminate/Database/Eloquent/Model.php(1240): Illuminate\\Database\\Eloquent\\Model->performInsert()
#8 /home/rouqy-jewellery-api-faz/htdocs/api-faz.rouqy-jewellery.com/vendor/laravel/framework/src/Illuminate/Database/Eloquent/Builder.php(1219): Illuminate\\Database\\Eloquent\\Model->save()
#9 /home/rouqy-jewellery-api-faz/htdocs/api-faz.rouqy-jewellery.com/vendor/laravel/framework/src/Illuminate/Support/helpers.php(393): Illuminate\\Database\\Eloquent\\Builder->Illuminate\\Database\\Eloquent\\{closure}()
#10 /home/rouqy-jewellery-api-faz/htdocs/api-faz.rouqy-jewellery.com/vendor/laravel/framework/src/Illuminate/Database/Eloquent/Builder.php(1218): tap()
#11 /home/rouqy-jewellery-api-faz/htdocs/api-faz.rouqy-jewellery.com/vendor/laravel/framework/src/Illuminate/Support/Traits/ForwardsCalls.php(23): Illuminate\\Database\\Eloquent\\Builder->create()
#12 /home/rouqy-jewellery-api-faz/htdocs/api-faz.rouqy-jewellery.com/vendor/laravel/framework/src/Illuminate/Database/Eloquent/Model.php(2544): Illuminate\\Database\\Eloquent\\Model->forwardCallTo()
#13 /home/rouqy-jewellery-api-faz/htdocs/api-faz.rouqy-jewellery.com/vendor/laravel/framework/src/Illuminate/Database/Eloquent/Model.php(2560): Illuminate\\Database\\Eloquent\\Model->__call()
#14 /home/rouqy-jewellery-api-faz/htdocs/api-faz.rouqy-jewellery.com/app/Services/Admin/PlatformAdminService.php(50): Illuminate\\Database\\Eloquent\\Model::__callStatic()
#15 /home/rouqy-jewellery-api-faz/htdocs/api-faz.rouqy-jewellery.com/vendor/laravel/framework/src/Illuminate/Database/Concerns/ManagesTransactions.php(35): App\\Services\\Admin\\PlatformAdminService->App\\Services\\Admin\\{closure}()
#16 /home/rouqy-jewellery-api-faz/htdocs/api-faz.rouqy-jewellery.com/vendor/laravel/framework/src/Illuminate/Database/DatabaseManager.php(491): Illuminate\\Database\\Connection->transaction()
#17 /home/rouqy-jewellery-api-faz/htdocs/api-faz.rouqy-jewellery.com/vendor/laravel/framework/src/Illuminate/Support/Facades/Facade.php(363): Illuminate\\Database\\DatabaseManager->__call()
#18 /home/rouqy-jewellery-api-faz/htdocs/api-faz.rouqy-jewellery.com/app/Services/Admin/PlatformAdminService.php(49): Illuminate\\Support\\Facades\\Facade::__callStatic()
#19 /home/rouqy-jewellery-api-faz/htdocs/api-faz.rouqy-jewellery.com/app/Http/Controllers/Api/V1/Admin/CompanyManagementController.php(38): App\\Services\\Admin\\PlatformAdminService->createCompany()
#20 /home/rouqy-jewellery-api-faz/htdocs/api-faz.rouqy-jewellery.com/vendor/laravel/framework/src/Illuminate/Routing/ControllerDispatcher.php(46): App\\Http\\Controllers\\Api\\V1\\Admin\\CompanyManagementController->store()
#21 /home/rouqy-jewellery-api-faz/htdocs/api-faz.rouqy-jewellery.com/vendor/laravel/framework/src/Illuminate/Routing/Route.php(265): Illuminate\\Routing\\ControllerDispatcher->dispatch()
#22 /home/rouqy-jewellery-api-faz/htdocs/api-faz.rouqy-jewellery.com/vendor/laravel/framework/src/Illuminate/Routing/Route.php(211): Illuminate\\Routing\\Route->runController()
#23 /home/rouqy-jewellery-api-faz/htdocs/api-faz.rouqy-jewellery.com/vendor/laravel/framework/src/Illuminate/Routing/Router.php(822): Illuminate\\Routing\\Route->run()
#24 /home/rouqy-jewellery-api-faz/htdocs/api-faz.rouqy-jewellery.com/vendor/laravel/framework/src/Illuminate/Pipeline/Pipeline.php(180): Illuminate\\Routing\\Router->Illuminate\\Routing\\{closure}()
#25 /home/rouqy-jewellery-api-faz/htdocs/api-faz.rouqy-jewellery.com/app/Http/Middleware/RoleCheck.php(25): Illuminate\\Pipeline\\Pipeline->Illuminate\\Pipeline\\{closure}()
#26 /home/rouqy-jewellery-api-faz/htdocs/api-faz.rouqy-jewellery.com/vendor/laravel/framework/src/Illuminate/Pipeline/Pipeline.php(219): App\\Http\\Middleware\\RoleCheck->handle()
#27 /home/rouqy-jewellery-api-faz/htdocs/api-faz.rouqy-jewellery.com/app/Http/Middleware/EnsureCompanyIsActive.php(30): Illuminate\\Pipeline\\Pipeline->Illuminate\\Pipeline\\{closure}()
#28 /home/rouqy-jewellery-api-faz/htdocs/api-faz.rouqy-jewellery.com/vendor/laravel/framework/src/Illuminate/Pipeline/Pipeline.php(219): App\\Http\\Middleware\\EnsureCompanyIsActive->handle()
#29 /home/rouqy-jewellery-api-faz/htdocs/api-faz.rouqy-jewellery.com/app/Http/Middleware/SetLocale.php(19): Illuminate\\Pipeline\\Pipeline->Illuminate\\Pipeline\\{closure}()
#30 /home/rouqy-jewellery-api-faz/htdocs/api-faz.rouqy-jewellery.com/vendor/laravel/framework/src/Illuminate/Pipeline/Pipeline.php(219): App\\Http\\Middleware\\SetLocale->handle()
#31 /home/rouqy-jewellery-api-faz/htdocs/api-faz.rouqy-jewellery.com/vendor/laravel/framework/src/Illuminate/Routing/Middleware/SubstituteBindings.php(50): Illuminate\\Pipeline\\Pipeline->Illuminate\\Pipeline\\{closure}()
#32 /home/rouqy-jewellery-api-faz/htdocs/api-faz.rouqy-jewellery.com/vendor/laravel/framework/src/Illuminate/Pipeline/Pipeline.php(219): Illuminate\\Routing\\Middleware\\SubstituteBindings->handle()
#33 /home/rouqy-jewellery-api-faz/htdocs/api-faz.rouqy-jewellery.com/vendor/laravel/framework/src/Illuminate/Auth/Middleware/Authenticate.php(63): Illuminate\\Pipeline\\Pipeline->Illuminate\\Pipeline\\{closure}()
#34 /home/rouqy-jewellery-api-faz/htdocs/api-faz.rouqy-jewellery.com/vendor/laravel/framework/src/Illuminate/Pipeline/Pipeline.php(219): Illuminate\\Auth\\Middleware\\Authenticate->handle()
#35 /home/rouqy-jewellery-api-faz/htdocs/api-faz.rouqy-jewellery.com/vendor/laravel/framework/src/Illuminate/Pipeline/Pipeline.php(137): Illuminate\\Pipeline\\Pipeline->Illuminate\\Pipeline\\{closure}()
#36 /home/rouqy-jewellery-api-faz/htdocs/api-faz.rouqy-jewellery.com/vendor/laravel/framework/src/Illuminate/Routing/Router.php(821): Illuminate\\Pipeline\\Pipeline->then()
#37 /home/rouqy-jewellery-api-faz/htdocs/api-faz.rouqy-jewellery.com/vendor/laravel/framework/src/Illuminate/Routing/Router.php(800): Illuminate\\Routing\\Router->runRouteWithinStack()
#38 /home/rouqy-jewellery-api-faz/htdocs/api-faz.rouqy-jewellery.com/vendor/laravel/framework/src/Illuminate/Routing/Router.php(764): Illuminate\\Routing\\Router->runRoute()
#39 /home/rouqy-jewellery-api-faz/htdocs/api-faz.rouqy-jewellery.com/vendor/laravel/framework/src/Illuminate/Routing/Router.php(753): Illuminate\\Routing\\Router->dispatchToRoute()
#40 /home/rouqy-jewellery-api-faz/htdocs/api-faz.rouqy-jewellery.com/vendor/laravel/framework/src/Illuminate/Foundation/Http/Kernel.php(200): Illuminate\\Routing\\Router->dispatch()
#41 /home/rouqy-jewellery-api-faz/htdocs/api-faz.rouqy-jewellery.com/vendor/laravel/framework/src/Illuminate/Pipeline/Pipeline.php(180): Illuminate\\Foundation\\Http\\Kernel->Illuminate\\Foundation\\Http\\{closure}()
#42 /home/rouqy-jewellery-api-faz/htdocs/api-faz.rouqy-jewellery.com/vendor/laravel/framework/src/Illuminate/Foundation/Http/Middleware/TransformsRequest.php(21): Illuminate\\Pipeline\\Pipeline->Illuminate\\Pipeline\\{closure}()
#43 /home/rouqy-jewellery-api-faz/htdocs/api-faz.rouqy-jewellery.com/vendor/laravel/framework/src/Illuminate/Foundation/Http/Middleware/ConvertEmptyStringsToNull.php(31): Illuminate\\Foundation\\Http\\Middleware\\TransformsRequest->handle()
#44 /home/rouqy-jewellery-api-faz/htdocs/api-faz.rouqy-jewellery.com/vendor/laravel/framework/src/Illuminate/Pipeline/Pipeline.php(219): Illuminate\\Foundation\\Http\\Middleware\\ConvertEmptyStringsToNull->handle()
#45 /home/rouqy-jewellery-api-faz/htdocs/api-faz.rouqy-jewellery.com/vendor/laravel/framework/src/Illuminate/Foundation/Http/Middleware/TransformsRequest.php(21): Illuminate\\Pipeline\\Pipeline->Illuminate\\Pipeline\\{closure}()
#46 /home/rouqy-jewellery-api-faz/htdocs/api-faz.rouqy-jewellery.com/vendor/laravel/framework/src/Illuminate/Foundation/Http/Middleware/TrimStrings.php(51): Illuminate\\Foundation\\Http\\Middleware\\TransformsRequest->handle()
#47 /home/rouqy-jewellery-api-faz/htdocs/api-faz.rouqy-jewellery.com/vendor/laravel/framework/src/Illuminate/Pipeline/Pipeline.php(219): Illuminate\\Foundation\\Http\\Middleware\\TrimStrings->handle()
#48 /home/rouqy-jewellery-api-faz/htdocs/api-faz.rouqy-jewellery.com/vendor/laravel/framework/src/Illuminate/Http/Middleware/ValidatePostSize.php(27): Illuminate\\Pipeline\\Pipeline->Illuminate\\Pipeline\\{closure}()
#49 /home/rouqy-jewellery-api-faz/htdocs/api-faz.rouqy-jewellery.com/vendor/laravel/framework/src/Illuminate/Pipeline/Pipeline.php(219): Illuminate\\Http\\Middleware\\ValidatePostSize->handle()
#50 /home/rouqy-jewellery-api-faz/htdocs/api-faz.rouqy-jewellery.com/vendor/laravel/framework/src/Illuminate/Foundation/Http/Middleware/PreventRequestsDuringMaintenance.php(109): Illuminate\\Pipeline\\Pipeline->Illuminate\\Pipeline\\{closure}()
#51 /home/rouqy-jewellery-api-faz/htdocs/api-faz.rouqy-jewellery.com/vendor/laravel/framework/src/Illuminate/Pipeline/Pipeline.php(219): Illuminate\\Foundation\\Http\\Middleware\\PreventRequestsDuringMaintenance->handle()
#52 /home/rouqy-jewellery-api-faz/htdocs/api-faz.rouqy-jewellery.com/vendor/laravel/framework/src/Illuminate/Http/Middleware/HandleCors.php(74): Illuminate\\Pipeline\\Pipeline->Illuminate\\Pipeline\\{closure}()
#53 /home/rouqy-jewellery-api-faz/htdocs/api-faz.rouqy-jewellery.com/vendor/laravel/framework/src/Illuminate/Pipeline/Pipeline.php(219): Illuminate\\Http\\Middleware\\HandleCors->handle()
#54 /home/rouqy-jewellery-api-faz/htdocs/api-faz.rouqy-jewellery.com/vendor/laravel/framework/src/Illuminate/Http/Middleware/TrustProxies.php(58): Illuminate\\Pipeline\\Pipeline->Illuminate\\Pipeline\\{closure}()
#55 /home/rouqy-jewellery-api-faz/htdocs/api-faz.rouqy-jewellery.com/vendor/laravel/framework/src/Illuminate/Pipeline/Pipeline.php(219): Illuminate\\Http\\Middleware\\TrustProxies->handle()
#56 /home/rouqy-jewellery-api-faz/htdocs/api-faz.rouqy-jewellery.com/vendor/laravel/framework/src/Illuminate/Foundation/Http/Middleware/InvokeDeferredCallbacks.php(22): Illuminate\\Pipeline\\Pipeline->Illuminate\\Pipeline\\{closure}()
#57 /home/rouqy-jewellery-api-faz/htdocs/api-faz.rouqy-jewellery.com/vendor/laravel/framework/src/Illuminate/Pipeline/Pipeline.php(219): Illuminate\\Foundation\\Http\\Middleware\\InvokeDeferredCallbacks->handle()
#58 /home/rouqy-jewellery-api-faz/htdocs/api-faz.rouqy-jewellery.com/vendor/laravel/framework/src/Illuminate/Http/Middleware/ValidatePathEncoding.php(26): Illuminate\\Pipeline\\Pipeline->Illuminate\\Pipeline\\{closure}()
#59 /home/rouqy-jewellery-api-faz/htdocs/api-faz.rouqy-jewellery.com/vendor/laravel/framework/src/Illuminate/Pipeline/Pipeline.php(219): Illuminate\\Http\\Middleware\\ValidatePathEncoding->handle()
#60 /home/rouqy-jewellery-api-faz/htdocs/api-faz.rouqy-jewellery.com/vendor/laravel/framework/src/Illuminate/Pipeline/Pipeline.php(137): Illuminate\\Pipeline\\Pipeline->Illuminate\\Pipeline\\{closure}()
#61 /home/rouqy-jewellery-api-faz/htdocs/api-faz.rouqy-jewellery.com/vendor/laravel/framework/src/Illuminate/Foundation/Http/Kernel.php(175): Illuminate\\Pipeline\\Pipeline->then()
#62 /home/rouqy-jewellery-api-faz/htdocs/api-faz.rouqy-jewellery.com/vendor/laravel/framework/src/Illuminate/Foundation/Http/Kernel.php(144): Illuminate\\Foundation\\Http\\Kernel->sendRequestThroughRouter()
#63 /home/rouqy-jewellery-api-faz/htdocs/api-faz.rouqy-jewellery.com/vendor/laravel/framework/src/Illuminate/Foundation/Application.php(1220): Illuminate\\Foundation\\Http\\Kernel->handle()
#64 /home/rouqy-jewellery-api-faz/htdocs/api-faz.rouqy-jewellery.com/public/index.php(20): Illuminate\\Foundation\\Application->handleRequest()
#65 {main}

[previous exception] [object] (PDOException(code: HY000): SQLSTATE[HY000]: General error: 1364 Field 'owner_name' doesn't have a default value at /home/rouqy-jewellery-api-faz/htdocs/api-faz.rouqy-jewellery.com/vendor/laravel/framework/src/Illuminate/Database/MySqlConnection.php:53)
[stacktrace]
#0 /home/rouqy-jewellery-api-faz/htdocs/api-faz.rouqy-jewellery.com/vendor/laravel/framework/src/Illuminate/Database/MySqlConnection.php(53): PDOStatement->execute()
#1 /home/rouqy-jewellery-api-faz/htdocs/api-faz.rouqy-jewellery.com/vendor/laravel/framework/src/Illuminate/Database/Connection.php(827): Illuminate\\Database\\MySqlConnection->Illuminate\\Database\\{closure}()
#2 /home/rouqy-jewellery-api-faz/htdocs/api-faz.rouqy-jewellery.com/vendor/laravel/framework/src/Illuminate/Database/Connection.php(794): Illuminate\\Database\\Connection->runQueryCallback()
#3 /home/rouqy-jewellery-api-faz/htdocs/api-faz.rouqy-jewellery.com/vendor/laravel/framework/src/Illuminate/Database/MySqlConnection.php(42): Illuminate\\Database\\Connection->run()
#4 /home/rouqy-jewellery-api-faz/htdocs/api-faz.rouqy-jewellery.com/vendor/laravel/framework/src/Illuminate/Database/Query/Processors/MySqlProcessor.php(35): Illuminate\\Database\\MySqlConnection->insert()
#5 /home/rouqy-jewellery-api-faz/htdocs/api-faz.rouqy-jewellery.com/vendor/laravel/framework/src/Illuminate/Database/Query/Builder.php(4170): Illuminate\\Database\\Query\\Processors\\MySqlProcessor->processInsertGetId()
#6 /home/rouqy-jewellery-api-faz/htdocs/api-faz.rouqy-jewellery.com/vendor/laravel/framework/src/Illuminate/Database/Eloquent/Builder.php(2237): Illuminate\\Database\\Query\\Builder->insertGetId()
#7 /home/rouqy-jewellery-api-faz/htdocs/api-faz.rouqy-jewellery.com/vendor/laravel/framework/src/Illuminate/Database/Eloquent/Model.php(1436): Illuminate\\Database\\Eloquent\\Builder->__call()
#8 /home/rouqy-jewellery-api-faz/htdocs/api-faz.rouqy-jewellery.com/vendor/laravel/framework/src/Illuminate/Database/Eloquent/Model.php(1401): Illuminate\\Database\\Eloquent\\Model->insertAndSetId()
#9 /home/rouqy-jewellery-api-faz/htdocs/api-faz.rouqy-jewellery.com/vendor/laravel/framework/src/Illuminate/Database/Eloquent/Model.php(1240): Illuminate\\Database\\Eloquent\\Model->performInsert()
#10 /home/rouqy-jewellery-api-faz/htdocs/api-faz.rouqy-jewellery.com/vendor/laravel/framework/src/Illuminate/Database/Eloquent/Builder.php(1219): Illuminate\\Database\\Eloquent\\Model->save()
#11 /home/rouqy-jewellery-api-faz/htdocs/api-faz.rouqy-jewellery.com/vendor/laravel/framework/src/Illuminate/Support/helpers.php(393): Illuminate\\Database\\Eloquent\\Builder->Illuminate\\Database\\Eloquent\\{closure}()
#12 /home/rouqy-jewellery-api-faz/htdocs/api-faz.rouqy-jewellery.com/vendor/laravel/framework/src/Illuminate/Database/Eloquent/Builder.php(1218): tap()
#13 /home/rouqy-jewellery-api-faz/htdocs/api-faz.rouqy-jewellery.com/vendor/laravel/framework/src/Illuminate/Support/Traits/ForwardsCalls.php(23): Illuminate\\Database\\Eloquent\\Builder->create()
#14 /home/rouqy-jewellery-api-faz/htdocs/api-faz.rouqy-jewellery.com/vendor/laravel/framework/src/Illuminate/Database/Eloquent/Model.php(2544): Illuminate\\Database\\Eloquent\\Model->forwardCallTo()
#15 /home/rouqy-jewellery-api-faz/htdocs/api-faz.rouqy-jewellery.com/vendor/laravel/framework/src/Illuminate/Database/Eloquent/Model.php(2560): Illuminate\\Database\\Eloquent\\Model->__call()
#16 /home/rouqy-jewellery-api-faz/htdocs/api-faz.rouqy-jewellery.com/app/Services/Admin/PlatformAdminService.php(50): Illuminate\\Database\\Eloquent\\Model::__callStatic()
#17 /home/rouqy-jewellery-api-faz/htdocs/api-faz.rouqy-jewellery.com/vendor/laravel/framework/src/Illuminate/Database/Concerns/ManagesTransactions.php(35): App\\Services\\Admin\\PlatformAdminService->App\\Services\\Admin\\{closure}()
#18 /home/rouqy-jewellery-api-faz/htdocs/api-faz.rouqy-jewellery.com/vendor/laravel/framework/src/Illuminate/Database/DatabaseManager.php(491): Illuminate\\Database\\Connection->transaction()
#19 /home/rouqy-jewellery-api-faz/htdocs/api-faz.rouqy-jewellery.com/vendor/laravel/framework/src/Illuminate/Support/Facades/Facade.php(363): Illuminate\\Database\\DatabaseManager->__call()
#20 /home/rouqy-jewellery-api-faz/htdocs/api-faz.rouqy-jewellery.com/app/Services/Admin/PlatformAdminService.php(49): Illuminate\\Support\\Facades\\Facade::__callStatic()
#21 /home/rouqy-jewellery-api-faz/htdocs/api-faz.rouqy-jewellery.com/app/Http/Controllers/Api/V1/Admin/CompanyManagementController.php(38): App\\Services\\Admin\\PlatformAdminService->createCompany()
#22 /home/rouqy-jewellery-api-faz/htdocs/api-faz.rouqy-jewellery.com/vendor/laravel/framework/src/Illuminate/Routing/ControllerDispatcher.php(46): App\\Http\\Controllers\\Api\\V1\\Admin\\CompanyManagementController->store()
#23 /home/rouqy-jewellery-api-faz/htdocs/api-faz.rouqy-jewellery.com/vendor/laravel/framework/src/Illuminate/Routing/Route.php(265): Illuminate\\Routing\\ControllerDispatcher->dispatch()
#24 /home/rouqy-jewellery-api-faz/htdocs/api-faz.rouqy-jewellery.com/vendor/laravel/framework/src/Illuminate/Routing/Route.php(211): Illuminate\\Routing\\Route->runController()
#25 /home/rouqy-jewellery-api-faz/htdocs/api-faz.rouqy-jewellery.com/vendor/laravel/framework/src/Illuminate/Routing/Router.php(822): Illuminate\\Routing\\Route->run()
#26 /home/rouqy-jewellery-api-faz/htdocs/api-faz.rouqy-jewellery.com/vendor/laravel/framework/src/Illuminate/Pipeline/Pipeline.php(180): Illuminate\\Routing\\Router->Illuminate\\Routing\\{closure}()
#27 /home/rouqy-jewellery-api-faz/htdocs/api-faz.rouqy-jewellery.com/app/Http/Middleware/RoleCheck.php(25): Illuminate\\Pipeline\\Pipeline->Illuminate\\Pipeline\\{closure}()
#28 /home/rouqy-jewellery-api-faz/htdocs/api-faz.rouqy-jewellery.com/vendor/laravel/framework/src/Illuminate/Pipeline/Pipeline.php(219): App\\Http\\Middleware\\RoleCheck->handle()
#29 /home/rouqy-jewellery-api-faz/htdocs/api-faz.rouqy-jewellery.com/app/Http/Middleware/EnsureCompanyIsActive.php(30): Illuminate\\Pipeline\\Pipeline->Illuminate\\Pipeline\\{closure}()
#30 /home/rouqy-jewellery-api-faz/htdocs/api-faz.rouqy-jewellery.com/vendor/laravel/framework/src/Illuminate/Pipeline/Pipeline.php(219): App\\Http\\Middleware\\EnsureCompanyIsActive->handle()
#31 /home/rouqy-jewellery-api-faz/htdocs/api-faz.rouqy-jewellery.com/app/Http/Middleware/SetLocale.php(19): Illuminate\\Pipeline\\Pipeline->Illuminate\\Pipeline\\{closure}()
#32 /home/rouqy-jewellery-api-faz/htdocs/api-faz.rouqy-jewellery.com/vendor/laravel/framework/src/Illuminate/Pipeline/Pipeline.php(219): App\\Http\\Middleware\\SetLocale->handle()
#33 /home/rouqy-jewellery-api-faz/htdocs/api-faz.rouqy-jewellery.com/vendor/laravel/framework/src/Illuminate/Routing/Middleware/SubstituteBindings.php(50): Illuminate\\Pipeline\\Pipeline->Illuminate\\Pipeline\\{closure}()
#34 /home/rouqy-jewellery-api-faz/htdocs/api-faz.rouqy-jewellery.com/vendor/laravel/framework/src/Illuminate/Pipeline/Pipeline.php(219): Illuminate\\Routing\\Middleware\\SubstituteBindings->handle()
#35 /home/rouqy-jewellery-api-faz/htdocs/api-faz.rouqy-jewellery.com/vendor/laravel/framework/src/Illuminate/Auth/Middleware/Authenticate.php(63): Illuminate\\Pipeline\\Pipeline->Illuminate\\Pipeline\\{closure}()
#36 /home/rouqy-jewellery-api-faz/htdocs/api-faz.rouqy-jewellery.com/vendor/laravel/framework/src/Illuminate/Pipeline/Pipeline.php(219): Illuminate\\Auth\\Middleware\\Authenticate->handle()
#37 /home/rouqy-jewellery-api-faz/htdocs/api-faz.rouqy-jewellery.com/vendor/laravel/framework/src/Illuminate/Pipeline/Pipeline.php(137): Illuminate\\Pipeline\\Pipeline->Illuminate\\Pipeline\\{closure}()
#38 /home/rouqy-jewellery-api-faz/htdocs/api-faz.rouqy-jewellery.com/vendor/laravel/framework/src/Illuminate/Routing/Router.php(821): Illuminate\\Pipeline\\Pipeline->then()
#39 /home/rouqy-jewellery-api-faz/htdocs/api-faz.rouqy-jewellery.com/vendor/laravel/framework/src/Illuminate/Routing/Router.php(800): Illuminate\\Routing\\Router->runRouteWithinStack()
#40 /home/rouqy-jewellery-api-faz/htdocs/api-faz.rouqy-jewellery.com/vendor/laravel/framework/src/Illuminate/Routing/Router.php(764): Illuminate\\Routing\\Router->runRoute()
#41 /home/rouqy-jewellery-api-faz/htdocs/api-faz.rouqy-jewellery.com/vendor/laravel/framework/src/Illuminate/Routing/Router.php(753): Illuminate\\Routing\\Router->dispatchToRoute()
#42 /home/rouqy-jewellery-api-faz/htdocs/api-faz.rouqy-jewellery.com/vendor/laravel/framework/src/Illuminate/Foundation/Http/Kernel.php(200): Illuminate\\Routing\\Router->dispatch()
#43 /home/rouqy-jewellery-api-faz/htdocs/api-faz.rouqy-jewellery.com/vendor/laravel/framework/src/Illuminate/Pipeline/Pipeline.php(180): Illuminate\\Foundation\\Http\\Kernel->Illuminate\\Foundation\\Http\\{closure}()
#44 /home/rouqy-jewellery-api-faz/htdocs/api-faz.rouqy-jewellery.com/vendor/laravel/framework/src/Illuminate/Foundation/Http/Middleware/TransformsRequest.php(21): Illuminate\\Pipeline\\Pipeline->Illuminate\\Pipeline\\{closure}()
#45 /home/rouqy-jewellery-api-faz/htdocs/api-faz.rouqy-jewellery.com/vendor/laravel/framework/src/Illuminate/Foundation/Http/Middleware/ConvertEmptyStringsToNull.php(31): Illuminate\\Foundation\\Http\\Middleware\\TransformsRequest->handle()
#46 /home/rouqy-jewellery-api-faz/htdocs/api-faz.rouqy-jewellery.com/vendor/laravel/framework/src/Illuminate/Pipeline/Pipeline.php(219): Illuminate\\Foundation\\Http\\Middleware\\ConvertEmptyStringsToNull->handle()
#47 /home/rouqy-jewellery-api-faz/htdocs/api-faz.rouqy-jewellery.com/vendor/laravel/framework/src/Illuminate/Foundation/Http/Middleware/TransformsRequest.php(21): Illuminate\\Pipeline\\Pipeline->Illuminate\\Pipeline\\{closure}()
#48 /home/rouqy-jewellery-api-faz/htdocs/api-faz.rouqy-jewellery.com/vendor/laravel/framework/src/Illuminate/Foundation/Http/Middleware/TrimStrings.php(51): Illuminate\\Foundation\\Http\\Middleware\\TransformsRequest->handle()
#49 /home/rouqy-jewellery-api-faz/htdocs/api-faz.rouqy-jewellery.com/vendor/laravel/framework/src/Illuminate/Pipeline/Pipeline.php(219): Illuminate\\Foundation\\Http\\Middleware\\TrimStrings->handle()
#50 /home/rouqy-jewellery-api-faz/htdocs/api-faz.rouqy-jewellery.com/vendor/laravel/framework/src/Illuminate/Http/Middleware/ValidatePostSize.php(27): Illuminate\\Pipeline\\Pipeline->Illuminate\\Pipeline\\{closure}()
#51 /home/rouqy-jewellery-api-faz/htdocs/api-faz.rouqy-jewellery.com/vendor/laravel/framework/src/Illuminate/Pipeline/Pipeline.php(219): Illuminate\\Http\\Middleware\\ValidatePostSize->handle()
#52 /home/rouqy-jewellery-api-faz/htdocs/api-faz.rouqy-jewellery.com/vendor/laravel/framework/src/Illuminate/Foundation/Http/Middleware/PreventRequestsDuringMaintenance.php(109): Illuminate\\Pipeline\\Pipeline->Illuminate\\Pipeline\\{closure}()
#53 /home/rouqy-jewellery-api-faz/htdocs/api-faz.rouqy-jewellery.com/vendor/laravel/framework/src/Illuminate/Pipeline/Pipeline.php(219): Illuminate\\Foundation\\Http\\Middleware\\PreventRequestsDuringMaintenance->handle()
#54 /home/rouqy-jewellery-api-faz/htdocs/api-faz.rouqy-jewellery.com/vendor/laravel/framework/src/Illuminate/Http/Middleware/HandleCors.php(74): Illuminate\\Pipeline\\Pipeline->Illuminate\\Pipeline\\{closure}()
#55 /home/rouqy-jewellery-api-faz/htdocs/api-faz.rouqy-jewellery.com/vendor/laravel/framework/src/Illuminate/Pipeline/Pipeline.php(219): Illuminate\\Http\\Middleware\\HandleCors->handle()
#56 /home/rouqy-jewellery-api-faz/htdocs/api-faz.rouqy-jewellery.com/vendor/laravel/framework/src/Illuminate/Http/Middleware/TrustProxies.php(58): Illuminate\\Pipeline\\Pipeline->Illuminate\\Pipeline\\{closure}()
#57 /home/rouqy-jewellery-api-faz/htdocs/api-faz.rouqy-jewellery.com/vendor/laravel/framework/src/Illuminate/Pipeline/Pipeline.php(219): Illuminate\\Http\\Middleware\\TrustProxies->handle()
#58 /home/rouqy-jewellery-api-faz/htdocs/api-faz.rouqy-jewellery.com/vendor/laravel/framework/src/Illuminate/Foundation/Http/Middleware/InvokeDeferredCallbacks.php(22): Illuminate\\Pipeline\\Pipeline->Illuminate\\Pipeline\\{closure}()
#59 /home/rouqy-jewellery-api-faz/htdocs/api-faz.rouqy-jewellery.com/vendor/laravel/framework/src/Illuminate/Pipeline/Pipeline.php(219): Illuminate\\Foundation\\Http\\Middleware\\InvokeDeferredCallbacks->handle()
#60 /home/rouqy-jewellery-api-faz/htdocs/api-faz.rouqy-jewellery.com/vendor/laravel/framework/src/Illuminate/Http/Middleware/ValidatePathEncoding.php(26): Illuminate\\Pipeline\\Pipeline->Illuminate\\Pipeline\\{closure}()
#61 /home/rouqy-jewellery-api-faz/htdocs/api-faz.rouqy-jewellery.com/vendor/laravel/framework/src/Illuminate/Pipeline/Pipeline.php(219): Illuminate\\Http\\Middleware\\ValidatePathEncoding->handle()
#62 /home/rouqy-jewellery-api-faz/htdocs/api-faz.rouqy-jewellery.com/vendor/laravel/framework/src/Illuminate/Pipeline/Pipeline.php(137): Illuminate\\Pipeline\\Pipeline->Illuminate\\Pipeline\\{closure}()
#63 /home/rouqy-jewellery-api-faz/htdocs/api-faz.rouqy-jewellery.com/vendor/laravel/framework/src/Illuminate/Foundation/Http/Kernel.php(175): Illuminate\\Pipeline\\Pipeline->then()
#64 /home/rouqy-jewellery-api-faz/htdocs/api-faz.rouqy-jewellery.com/vendor/laravel/framework/src/Illuminate/Foundation/Http/Kernel.php(144): Illuminate\\Foundation\\Http\\Kernel->sendRequestThroughRouter()
#65 /home/rouqy-jewellery-api-faz/htdocs/api-faz.rouqy-jewellery.com/vendor/laravel/framework/src/Illuminate/Foundation/Application.php(1220): Illuminate\\Foundation\\Http\\Kernel->handle()
#66 /home/rouqy-jewellery-api-faz/htdocs/api-faz.rouqy-jewellery.com/public/index.php(20): Illuminate\\Foundation\\Application->handleRequest()
#67 {main}
"} 
[2026-07-25 09:51:53] local.ERROR: SQLSTATE[HY000]: General error: 1364 Field 'owner_name' doesn't have a default value (Connection: mysql, Host: 127.0.0.1, Port: 3306, Database: zatca-saas-app, SQL: insert into `companies` (`trade_name_ar`, `trade_name_en`, `vat_number`, `status`, `updated_at`, `created_at`) values (شركة من الأدمن, Admin Created Co, 300000000099999, active, 2026-07-25 09:51:53, 2026-07-25 09:51:53)) {"userId":3,"exception":"[object] (Illuminate\\Database\\QueryException(code: HY000): SQLSTATE[HY000]: General error: 1364 Field 'owner_name' doesn't have a default value (Connection: mysql, Host: 127.0.0.1, Port: 3306, Database: zatca-saas-app, SQL: insert into `companies` (`trade_name_ar`, `trade_name_en`, `vat_number`, `status`, `updated_at`, `created_at`) values (شركة من الأدمن, Admin Created Co, 300000000099999, active, 2026-07-25 09:51:53, 2026-07-25 09:51:53)) at /home/rouqy-jewellery-api-faz/htdocs/api-faz.rouqy-jewellery.com/vendor/laravel/framework/src/Illuminate/Database/Connection.php:838)
[stacktrace]
#0 /home/rouqy-jewellery-api-faz/htdocs/api-faz.rouqy-jewellery.com/vendor/laravel/framework/src/Illuminate/Database/Connection.php(794): Illuminate\\Database\\Connection->runQueryCallback()
#1 /home/rouqy-jewellery-api-faz/htdocs/api-faz.rouqy-jewellery.com/vendor/laravel/framework/src/Illuminate/Database/MySqlConnection.php(42): Illuminate\\Database\\Connection->run()
#2 /home/rouqy-jewellery-api-faz/htdocs/api-faz.rouqy-jewellery.com/vendor/laravel/framework/src/Illuminate/Database/Query/Processors/MySqlProcessor.php(35): Illuminate\\Database\\MySqlConnection->insert()
#3 /home/rouqy-jewellery-api-faz/htdocs/api-faz.rouqy-jewellery.com/vendor/laravel/framework/src/Illuminate/Database/Query/Builder.php(4170): Illuminate\\Database\\Query\\Processors\\MySqlProcessor->processInsertGetId()
#4 /home/rouqy-jewellery-api-faz/htdocs/api-faz.rouqy-jewellery.com/vendor/laravel/framework/src/Illuminate/Database/Eloquent/Builder.php(2237): Illuminate\\Database\\Query\\Builder->insertGetId()
#5 /home/rouqy-jewellery-api-faz/htdocs/api-faz.rouqy-jewellery.com/vendor/laravel/framework/src/Illuminate/Database/Eloquent/Model.php(1436): Illuminate\\Database\\Eloquent\\Builder->__call()
#6 /home/rouqy-jewellery-api-faz/htdocs/api-faz.rouqy-jewellery.com/vendor/laravel/framework/src/Illuminate/Database/Eloquent/Model.php(1401): Illuminate\\Database\\Eloquent\\Model->insertAndSetId()
#7 /home/rouqy-jewellery-api-faz/htdocs/api-faz.rouqy-jewellery.com/vendor/laravel/framework/src/Illuminate/Database/Eloquent/Model.php(1240): Illuminate\\Database\\Eloquent\\Model->performInsert()
#8 /home/rouqy-jewellery-api-faz/htdocs/api-faz.rouqy-jewellery.com/vendor/laravel/framework/src/Illuminate/Database/Eloquent/Builder.php(1219): Illuminate\\Database\\Eloquent\\Model->save()
#9 /home/rouqy-jewellery-api-faz/htdocs/api-faz.rouqy-jewellery.com/vendor/laravel/framework/src/Illuminate/Support/helpers.php(393): Illuminate\\Database\\Eloquent\\Builder->Illuminate\\Database\\Eloquent\\{closure}()
#10 /home/rouqy-jewellery-api-faz/htdocs/api-faz.rouqy-jewellery.com/vendor/laravel/framework/src/Illuminate/Database/Eloquent/Builder.php(1218): tap()
#11 /home/rouqy-jewellery-api-faz/htdocs/api-faz.rouqy-jewellery.com/vendor/laravel/framework/src/Illuminate/Support/Traits/ForwardsCalls.php(23): Illuminate\\Database\\Eloquent\\Builder->create()
#12 /home/rouqy-jewellery-api-faz/htdocs/api-faz.rouqy-jewellery.com/vendor/laravel/framework/src/Illuminate/Database/Eloquent/Model.php(2544): Illuminate\\Database\\Eloquent\\Model->forwardCallTo()
#13 /home/rouqy-jewellery-api-faz/htdocs/api-faz.rouqy-jewellery.com/vendor/laravel/framework/src/Illuminate/Database/Eloquent/Model.php(2560): Illuminate\\Database\\Eloquent\\Model->__call()
#14 /home/rouqy-jewellery-api-faz/htdocs/api-faz.rouqy-jewellery.com/app/Services/Admin/PlatformAdminService.php(50): Illuminate\\Database\\Eloquent\\Model::__callStatic()
#15 /home/rouqy-jewellery-api-faz/htdocs/api-faz.rouqy-jewellery.com/vendor/laravel/framework/src/Illuminate/Database/Concerns/ManagesTransactions.php(35): App\\Services\\Admin\\PlatformAdminService->App\\Services\\Admin\\{closure}()
#16 /home/rouqy-jewellery-api-faz/htdocs/api-faz.rouqy-jewellery.com/vendor/laravel/framework/src/Illuminate/Database/DatabaseManager.php(491): Illuminate\\Database\\Connection->transaction()
#17 /home/rouqy-jewellery-api-faz/htdocs/api-faz.rouqy-jewellery.com/vendor/laravel/framework/src/Illuminate/Support/Facades/Facade.php(363): Illuminate\\Database\\DatabaseManager->__call()
#18 /home/rouqy-jewellery-api-faz/htdocs/api-faz.rouqy-jewellery.com/app/Services/Admin/PlatformAdminService.php(49): Illuminate\\Support\\Facades\\Facade::__callStatic()
#19 /home/rouqy-jewellery-api-faz/htdocs/api-faz.rouqy-jewellery.com/app/Http/Controllers/Api/V1/Admin/CompanyManagementController.php(38): App\\Services\\Admin\\PlatformAdminService->createCompany()
#20 /home/rouqy-jewellery-api-faz/htdocs/api-faz.rouqy-jewellery.com/vendor/laravel/framework/src/Illuminate/Routing/ControllerDispatcher.php(46): App\\Http\\Controllers\\Api\\V1\\Admin\\CompanyManagementController->store()
#21 /home/rouqy-jewellery-api-faz/htdocs/api-faz.rouqy-jewellery.com/vendor/laravel/framework/src/Illuminate/Routing/Route.php(265): Illuminate\\Routing\\ControllerDispatcher->dispatch()
#22 /home/rouqy-jewellery-api-faz/htdocs/api-faz.rouqy-jewellery.com/vendor/laravel/framework/src/Illuminate/Routing/Route.php(211): Illuminate\\Routing\\Route->runController()
#23 /home/rouqy-jewellery-api-faz/htdocs/api-faz.rouqy-jewellery.com/vendor/laravel/framework/src/Illuminate/Routing/Router.php(822): Illuminate\\Routing\\Route->run()
#24 /home/rouqy-jewellery-api-faz/htdocs/api-faz.rouqy-jewellery.com/vendor/laravel/framework/src/Illuminate/Pipeline/Pipeline.php(180): Illuminate\\Routing\\Router->Illuminate\\Routing\\{closure}()
#25 /home/rouqy-jewellery-api-faz/htdocs/api-faz.rouqy-jewellery.com/app/Http/Middleware/RoleCheck.php(25): Illuminate\\Pipeline\\Pipeline->Illuminate\\Pipeline\\{closure}()
#26 /home/rouqy-jewellery-api-faz/htdocs/api-faz.rouqy-jewellery.com/vendor/laravel/framework/src/Illuminate/Pipeline/Pipeline.php(219): App\\Http\\Middleware\\RoleCheck->handle()
#27 /home/rouqy-jewellery-api-faz/htdocs/api-faz.rouqy-jewellery.com/app/Http/Middleware/EnsureCompanyIsActive.php(30): Illuminate\\Pipeline\\Pipeline->Illuminate\\Pipeline\\{closure}()
#28 /home/rouqy-jewellery-api-faz/htdocs/api-faz.rouqy-jewellery.com/vendor/laravel/framework/src/Illuminate/Pipeline/Pipeline.php(219): App\\Http\\Middleware\\EnsureCompanyIsActive->handle()
#29 /home/rouqy-jewellery-api-faz/htdocs/api-faz.rouqy-jewellery.com/app/Http/Middleware/SetLocale.php(19): Illuminate\\Pipeline\\Pipeline->Illuminate\\Pipeline\\{closure}()
#30 /home/rouqy-jewellery-api-faz/htdocs/api-faz.rouqy-jewellery.com/vendor/laravel/framework/src/Illuminate/Pipeline/Pipeline.php(219): App\\Http\\Middleware\\SetLocale->handle()
#31 /home/rouqy-jewellery-api-faz/htdocs/api-faz.rouqy-jewellery.com/vendor/laravel/framework/src/Illuminate/Routing/Middleware/SubstituteBindings.php(50): Illuminate\\Pipeline\\Pipeline->Illuminate\\Pipeline\\{closure}()
#32 /home/rouqy-jewellery-api-faz/htdocs/api-faz.rouqy-jewellery.com/vendor/laravel/framework/src/Illuminate/Pipeline/Pipeline.php(219): Illuminate\\Routing\\Middleware\\SubstituteBindings->handle()
#33 /home/rouqy-jewellery-api-faz/htdocs/api-faz.rouqy-jewellery.com/vendor/laravel/framework/src/Illuminate/Auth/Middleware/Authenticate.php(63): Illuminate\\Pipeline\\Pipeline->Illuminate\\Pipeline\\{closure}()
#34 /home/rouqy-jewellery-api-faz/htdocs/api-faz.rouqy-jewellery.com/vendor/laravel/framework/src/Illuminate/Pipeline/Pipeline.php(219): Illuminate\\Auth\\Middleware\\Authenticate->handle()
#35 /home/rouqy-jewellery-api-faz/htdocs/api-faz.rouqy-jewellery.com/vendor/laravel/framework/src/Illuminate/Pipeline/Pipeline.php(137): Illuminate\\Pipeline\\Pipeline->Illuminate\\Pipeline\\{closure}()
#36 /home/rouqy-jewellery-api-faz/htdocs/api-faz.rouqy-jewellery.com/vendor/laravel/framework/src/Illuminate/Routing/Router.php(821): Illuminate\\Pipeline\\Pipeline->then()
#37 /home/rouqy-jewellery-api-faz/htdocs/api-faz.rouqy-jewellery.com/vendor/laravel/framework/src/Illuminate/Routing/Router.php(800): Illuminate\\Routing\\Router->runRouteWithinStack()
#38 /home/rouqy-jewellery-api-faz/htdocs/api-faz.rouqy-jewellery.com/vendor/laravel/framework/src/Illuminate/Routing/Router.php(764): Illuminate\\Routing\\Router->runRoute()
#39 /home/rouqy-jewellery-api-faz/htdocs/api-faz.rouqy-jewellery.com/vendor/laravel/framework/src/Illuminate/Routing/Router.php(753): Illuminate\\Routing\\Router->dispatchToRoute()
#40 /home/rouqy-jewellery-api-faz/htdocs/api-faz.rouqy-jewellery.com/vendor/laravel/framework/src/Illuminate/Foundation/Http/Kernel.php(200): Illuminate\\Routing\\Router->dispatch()
#41 /home/rouqy-jewellery-api-faz/htdocs/api-faz.rouqy-jewellery.com/vendor/laravel/framework/src/Illuminate/Pipeline/Pipeline.php(180): Illuminate\\Foundation\\Http\\Kernel->Illuminate\\Foundation\\Http\\{closure}()
#42 /home/rouqy-jewellery-api-faz/htdocs/api-faz.rouqy-jewellery.com/vendor/laravel/framework/src/Illuminate/Foundation/Http/Middleware/TransformsRequest.php(21): Illuminate\\Pipeline\\Pipeline->Illuminate\\Pipeline\\{closure}()
#43 /home/rouqy-jewellery-api-faz/htdocs/api-faz.rouqy-jewellery.com/vendor/laravel/framework/src/Illuminate/Foundation/Http/Middleware/ConvertEmptyStringsToNull.php(31): Illuminate\\Foundation\\Http\\Middleware\\TransformsRequest->handle()
#44 /home/rouqy-jewellery-api-faz/htdocs/api-faz.rouqy-jewellery.com/vendor/laravel/framework/src/Illuminate/Pipeline/Pipeline.php(219): Illuminate\\Foundation\\Http\\Middleware\\ConvertEmptyStringsToNull->handle()
#45 /home/rouqy-jewellery-api-faz/htdocs/api-faz.rouqy-jewellery.com/vendor/laravel/framework/src/Illuminate/Foundation/Http/Middleware/TransformsRequest.php(21): Illuminate\\Pipeline\\Pipeline->Illuminate\\Pipeline\\{closure}()
#46 /home/rouqy-jewellery-api-faz/htdocs/api-faz.rouqy-jewellery.com/vendor/laravel/framework/src/Illuminate/Foundation/Http/Middleware/TrimStrings.php(51): Illuminate\\Foundation\\Http\\Middleware\\TransformsRequest->handle()
#47 /home/rouqy-jewellery-api-faz/htdocs/api-faz.rouqy-jewellery.com/vendor/laravel/framework/src/Illuminate/Pipeline/Pipeline.php(219): Illuminate\\Foundation\\Http\\Middleware\\TrimStrings->handle()
#48 /home/rouqy-jewellery-api-faz/htdocs/api-faz.rouqy-jewellery.com/vendor/laravel/framework/src/Illuminate/Http/Middleware/ValidatePostSize.php(27): Illuminate\\Pipeline\\Pipeline->Illuminate\\Pipeline\\{closure}()
#49 /home/rouqy-jewellery-api-faz/htdocs/api-faz.rouqy-jewellery.com/vendor/laravel/framework/src/Illuminate/Pipeline/Pipeline.php(219): Illuminate\\Http\\Middleware\\ValidatePostSize->handle()
#50 /home/rouqy-jewellery-api-faz/htdocs/api-faz.rouqy-jewellery.com/vendor/laravel/framework/src/Illuminate/Foundation/Http/Middleware/PreventRequestsDuringMaintenance.php(109): Illuminate\\Pipeline\\Pipeline->Illuminate\\Pipeline\\{closure}()
#51 /home/rouqy-jewellery-api-faz/htdocs/api-faz.rouqy-jewellery.com/vendor/laravel/framework/src/Illuminate/Pipeline/Pipeline.php(219): Illuminate\\Foundation\\Http\\Middleware\\PreventRequestsDuringMaintenance->handle()
#52 /home/rouqy-jewellery-api-faz/htdocs/api-faz.rouqy-jewellery.com/vendor/laravel/framework/src/Illuminate/Http/Middleware/HandleCors.php(74): Illuminate\\Pipeline\\Pipeline->Illuminate\\Pipeline\\{closure}()
#53 /home/rouqy-jewellery-api-faz/htdocs/api-faz.rouqy-jewellery.com/vendor/laravel/framework/src/Illuminate/Pipeline/Pipeline.php(219): Illuminate\\Http\\Middleware\\HandleCors->handle()
#54 /home/rouqy-jewellery-api-faz/htdocs/api-faz.rouqy-jewellery.com/vendor/laravel/framework/src/Illuminate/Http/Middleware/TrustProxies.php(58): Illuminate\\Pipeline\\Pipeline->Illuminate\\Pipeline\\{closure}()
#55 /home/rouqy-jewellery-api-faz/htdocs/api-faz.rouqy-jewellery.com/vendor/laravel/framework/src/Illuminate/Pipeline/Pipeline.php(219): Illuminate\\Http\\Middleware\\TrustProxies->handle()
#56 /home/rouqy-jewellery-api-faz/htdocs/api-faz.rouqy-jewellery.com/vendor/laravel/framework/src/Illuminate/Foundation/Http/Middleware/InvokeDeferredCallbacks.php(22): Illuminate\\Pipeline\\Pipeline->Illuminate\\Pipeline\\{closure}()
#57 /home/rouqy-jewellery-api-faz/htdocs/api-faz.rouqy-jewellery.com/vendor/laravel/framework/src/Illuminate/Pipeline/Pipeline.php(219): Illuminate\\Foundation\\Http\\Middleware\\InvokeDeferredCallbacks->handle()
#58 /home/rouqy-jewellery-api-faz/htdocs/api-faz.rouqy-jewellery.com/vendor/laravel/framework/src/Illuminate/Http/Middleware/ValidatePathEncoding.php(26): Illuminate\\Pipeline\\Pipeline->Illuminate\\Pipeline\\{closure}()
#59 /home/rouqy-jewellery-api-faz/htdocs/api-faz.rouqy-jewellery.com/vendor/laravel/framework/src/Illuminate/Pipeline/Pipeline.php(219): Illuminate\\Http\\Middleware\\ValidatePathEncoding->handle()
#60 /home/rouqy-jewellery-api-faz/htdocs/api-faz.rouqy-jewellery.com/vendor/laravel/framework/src/Illuminate/Pipeline/Pipeline.php(137): Illuminate\\Pipeline\\Pipeline->Illuminate\\Pipeline\\{closure}()
#61 /home/rouqy-jewellery-api-faz/htdocs/api-faz.rouqy-jewellery.com/vendor/laravel/framework/src/Illuminate/Foundation/Http/Kernel.php(175): Illuminate\\Pipeline\\Pipeline->then()
#62 /home/rouqy-jewellery-api-faz/htdocs/api-faz.rouqy-jewellery.com/vendor/laravel/framework/src/Illuminate/Foundation/Http/Kernel.php(144): Illuminate\\Foundation\\Http\\Kernel->sendRequestThroughRouter()
#63 /home/rouqy-jewellery-api-faz/htdocs/api-faz.rouqy-jewellery.com/vendor/laravel/framework/src/Illuminate/Foundation/Application.php(1220): Illuminate\\Foundation\\Http\\Kernel->handle()
#64 /home/rouqy-jewellery-api-faz/htdocs/api-faz.rouqy-jewellery.com/public/index.php(20): Illuminate\\Foundation\\Application->handleRequest()
#65 {main}

[previous exception] [object] (PDOException(code: HY000): SQLSTATE[HY000]: General error: 1364 Field 'owner_name' doesn't have a default value at /home/rouqy-jewellery-api-faz/htdocs/api-faz.rouqy-jewellery.com/vendor/laravel/framework/src/Illuminate/Database/MySqlConnection.php:53)
[stacktrace]
#0 /home/rouqy-jewellery-api-faz/htdocs/api-faz.rouqy-jewellery.com/vendor/laravel/framework/src/Illuminate/Database/MySqlConnection.php(53): PDOStatement->execute()
#1 /home/rouqy-jewellery-api-faz/htdocs/api-faz.rouqy-jewellery.com/vendor/laravel/framework/src/Illuminate/Database/Connection.php(827): Illuminate\\Database\\MySqlConnection->Illuminate\\Database\\{closure}()
#2 /home/rouqy-jewellery-api-faz/htdocs/api-faz.rouqy-jewellery.com/vendor/laravel/framework/src/Illuminate/Database/Connection.php(794): Illuminate\\Database\\Connection->runQueryCallback()
#3 /home/rouqy-jewellery-api-faz/htdocs/api-faz.rouqy-jewellery.com/vendor/laravel/framework/src/Illuminate/Database/MySqlConnection.php(42): Illuminate\\Database\\Connection->run()
#4 /home/rouqy-jewellery-api-faz/htdocs/api-faz.rouqy-jewellery.com/vendor/laravel/framework/src/Illuminate/Database/Query/Processors/MySqlProcessor.php(35): Illuminate\\Database\\MySqlConnection->insert()
#5 /home/rouqy-jewellery-api-faz/htdocs/api-faz.rouqy-jewellery.com/vendor/laravel/framework/src/Illuminate/Database/Query/Builder.php(4170): Illuminate\\Database\\Query\\Processors\\MySqlProcessor->processInsertGetId()
#6 /home/rouqy-jewellery-api-faz/htdocs/api-faz.rouqy-jewellery.com/vendor/laravel/framework/src/Illuminate/Database/Eloquent/Builder.php(2237): Illuminate\\Database\\Query\\Builder->insertGetId()
#7 /home/rouqy-jewellery-api-faz/htdocs/api-faz.rouqy-jewellery.com/vendor/laravel/framework/src/Illuminate/Database/Eloquent/Model.php(1436): Illuminate\\Database\\Eloquent\\Builder->__call()
#8 /home/rouqy-jewellery-api-faz/htdocs/api-faz.rouqy-jewellery.com/vendor/laravel/framework/src/Illuminate/Database/Eloquent/Model.php(1401): Illuminate\\Database\\Eloquent\\Model->insertAndSetId()
#9 /home/rouqy-jewellery-api-faz/htdocs/api-faz.rouqy-jewellery.com/vendor/laravel/framework/src/Illuminate/Database/Eloquent/Model.php(1240): Illuminate\\Database\\Eloquent\\Model->performInsert()
#10 /home/rouqy-jewellery-api-faz/htdocs/api-faz.rouqy-jewellery.com/vendor/laravel/framework/src/Illuminate/Database/Eloquent/Builder.php(1219): Illuminate\\Database\\Eloquent\\Model->save()
#11 /home/rouqy-jewellery-api-faz/htdocs/api-faz.rouqy-jewellery.com/vendor/laravel/framework/src/Illuminate/Support/helpers.php(393): Illuminate\\Database\\Eloquent\\Builder->Illuminate\\Database\\Eloquent\\{closure}()
#12 /home/rouqy-jewellery-api-faz/htdocs/api-faz.rouqy-jewellery.com/vendor/laravel/framework/src/Illuminate/Database/Eloquent/Builder.php(1218): tap()
#13 /home/rouqy-jewellery-api-faz/htdocs/api-faz.rouqy-jewellery.com/vendor/laravel/framework/src/Illuminate/Support/Traits/ForwardsCalls.php(23): Illuminate\\Database\\Eloquent\\Builder->create()
#14 /home/rouqy-jewellery-api-faz/htdocs/api-faz.rouqy-jewellery.com/vendor/laravel/framework/src/Illuminate/Database/Eloquent/Model.php(2544): Illuminate\\Database\\Eloquent\\Model->forwardCallTo()
#15 /home/rouqy-jewellery-api-faz/htdocs/api-faz.rouqy-jewellery.com/vendor/laravel/framework/src/Illuminate/Database/Eloquent/Model.php(2560): Illuminate\\Database\\Eloquent\\Model->__call()
#16 /home/rouqy-jewellery-api-faz/htdocs/api-faz.rouqy-jewellery.com/app/Services/Admin/PlatformAdminService.php(50): Illuminate\\Database\\Eloquent\\Model::__callStatic()
#17 /home/rouqy-jewellery-api-faz/htdocs/api-faz.rouqy-jewellery.com/vendor/laravel/framework/src/Illuminate/Database/Concerns/ManagesTransactions.php(35): App\\Services\\Admin\\PlatformAdminService->App\\Services\\Admin\\{closure}()
#18 /home/rouqy-jewellery-api-faz/htdocs/api-faz.rouqy-jewellery.com/vendor/laravel/framework/src/Illuminate/Database/DatabaseManager.php(491): Illuminate\\Database\\Connection->transaction()
#19 /home/rouqy-jewellery-api-faz/htdocs/api-faz.rouqy-jewellery.com/vendor/laravel/framework/src/Illuminate/Support/Facades/Facade.php(363): Illuminate\\Database\\DatabaseManager->__call()
#20 /home/rouqy-jewellery-api-faz/htdocs/api-faz.rouqy-jewellery.com/app/Services/Admin/PlatformAdminService.php(49): Illuminate\\Support\\Facades\\Facade::__callStatic()
#21 /home/rouqy-jewellery-api-faz/htdocs/api-faz.rouqy-jewellery.com/app/Http/Controllers/Api/V1/Admin/CompanyManagementController.php(38): App\\Services\\Admin\\PlatformAdminService->createCompany()
#22 /home/rouqy-jewellery-api-faz/htdocs/api-faz.rouqy-jewellery.com/vendor/laravel/framework/src/Illuminate/Routing/ControllerDispatcher.php(46): App\\Http\\Controllers\\Api\\V1\\Admin\\CompanyManagementController->store()
#23 /home/rouqy-jewellery-api-faz/htdocs/api-faz.rouqy-jewellery.com/vendor/laravel/framework/src/Illuminate/Routing/Route.php(265): Illuminate\\Routing\\ControllerDispatcher->dispatch()
#24 /home/rouqy-jewellery-api-faz/htdocs/api-faz.rouqy-jewellery.com/vendor/laravel/framework/src/Illuminate/Routing/Route.php(211): Illuminate\\Routing\\Route->runController()
#25 /home/rouqy-jewellery-api-faz/htdocs/api-faz.rouqy-jewellery.com/vendor/laravel/framework/src/Illuminate/Routing/Router.php(822): Illuminate\\Routing\\Route->run()
#26 /home/rouqy-jewellery-api-faz/htdocs/api-faz.rouqy-jewellery.com/vendor/laravel/framework/src/Illuminate/Pipeline/Pipeline.php(180): Illuminate\\Routing\\Router->Illuminate\\Routing\\{closure}()
#27 /home/rouqy-jewellery-api-faz/htdocs/api-faz.rouqy-jewellery.com/app/Http/Middleware/RoleCheck.php(25): Illuminate\\Pipeline\\Pipeline->Illuminate\\Pipeline\\{closure}()
#28 /home/rouqy-jewellery-api-faz/htdocs/api-faz.rouqy-jewellery.com/vendor/laravel/framework/src/Illuminate/Pipeline/Pipeline.php(219): App\\Http\\Middleware\\RoleCheck->handle()
#29 /home/rouqy-jewellery-api-faz/htdocs/api-faz.rouqy-jewellery.com/app/Http/Middleware/EnsureCompanyIsActive.php(30): Illuminate\\Pipeline\\Pipeline->Illuminate\\Pipeline\\{closure}()
#30 /home/rouqy-jewellery-api-faz/htdocs/api-faz.rouqy-jewellery.com/vendor/laravel/framework/src/Illuminate/Pipeline/Pipeline.php(219): App\\Http\\Middleware\\EnsureCompanyIsActive->handle()
#31 /home/rouqy-jewellery-api-faz/htdocs/api-faz.rouqy-jewellery.com/app/Http/Middleware/SetLocale.php(19): Illuminate\\Pipeline\\Pipeline->Illuminate\\Pipeline\\{closure}()
#32 /home/rouqy-jewellery-api-faz/htdocs/api-faz.rouqy-jewellery.com/vendor/laravel/framework/src/Illuminate/Pipeline/Pipeline.php(219): App\\Http\\Middleware\\SetLocale->handle()
#33 /home/rouqy-jewellery-api-faz/htdocs/api-faz.rouqy-jewellery.com/vendor/laravel/framework/src/Illuminate/Routing/Middleware/SubstituteBindings.php(50): Illuminate\\Pipeline\\Pipeline->Illuminate\\Pipeline\\{closure}()
#34 /home/rouqy-jewellery-api-faz/htdocs/api-faz.rouqy-jewellery.com/vendor/laravel/framework/src/Illuminate/Pipeline/Pipeline.php(219): Illuminate\\Routing\\Middleware\\SubstituteBindings->handle()
#35 /home/rouqy-jewellery-api-faz/htdocs/api-faz.rouqy-jewellery.com/vendor/laravel/framework/src/Illuminate/Auth/Middleware/Authenticate.php(63): Illuminate\\Pipeline\\Pipeline->Illuminate\\Pipeline\\{closure}()
#36 /home/rouqy-jewellery-api-faz/htdocs/api-faz.rouqy-jewellery.com/vendor/laravel/framework/src/Illuminate/Pipeline/Pipeline.php(219): Illuminate\\Auth\\Middleware\\Authenticate->handle()
#37 /home/rouqy-jewellery-api-faz/htdocs/api-faz.rouqy-jewellery.com/vendor/laravel/framework/src/Illuminate/Pipeline/Pipeline.php(137): Illuminate\\Pipeline\\Pipeline->Illuminate\\Pipeline\\{closure}()
#38 /home/rouqy-jewellery-api-faz/htdocs/api-faz.rouqy-jewellery.com/vendor/laravel/framework/src/Illuminate/Routing/Router.php(821): Illuminate\\Pipeline\\Pipeline->then()
#39 /home/rouqy-jewellery-api-faz/htdocs/api-faz.rouqy-jewellery.com/vendor/laravel/framework/src/Illuminate/Routing/Router.php(800): Illuminate\\Routing\\Router->runRouteWithinStack()
#40 /home/rouqy-jewellery-api-faz/htdocs/api-faz.rouqy-jewellery.com/vendor/laravel/framework/src/Illuminate/Routing/Router.php(764): Illuminate\\Routing\\Router->runRoute()
#41 /home/rouqy-jewellery-api-faz/htdocs/api-faz.rouqy-jewellery.com/vendor/laravel/framework/src/Illuminate/Routing/Router.php(753): Illuminate\\Routing\\Router->dispatchToRoute()
#42 /home/rouqy-jewellery-api-faz/htdocs/api-faz.rouqy-jewellery.com/vendor/laravel/framework/src/Illuminate/Foundation/Http/Kernel.php(200): Illuminate\\Routing\\Router->dispatch()
#43 /home/rouqy-jewellery-api-faz/htdocs/api-faz.rouqy-jewellery.com/vendor/laravel/framework/src/Illuminate/Pipeline/Pipeline.php(180): Illuminate\\Foundation\\Http\\Kernel->Illuminate\\Foundation\\Http\\{closure}()
#44 /home/rouqy-jewellery-api-faz/htdocs/api-faz.rouqy-jewellery.com/vendor/laravel/framework/src/Illuminate/Foundation/Http/Middleware/TransformsRequest.php(21): Illuminate\\Pipeline\\Pipeline->Illuminate\\Pipeline\\{closure}()
#45 /home/rouqy-jewellery-api-faz/htdocs/api-faz.rouqy-jewellery.com/vendor/laravel/framework/src/Illuminate/Foundation/Http/Middleware/ConvertEmptyStringsToNull.php(31): Illuminate\\Foundation\\Http\\Middleware\\TransformsRequest->handle()
#46 /home/rouqy-jewellery-api-faz/htdocs/api-faz.rouqy-jewellery.com/vendor/laravel/framework/src/Illuminate/Pipeline/Pipeline.php(219): Illuminate\\Foundation\\Http\\Middleware\\ConvertEmptyStringsToNull->handle()
#47 /home/rouqy-jewellery-api-faz/htdocs/api-faz.rouqy-jewellery.com/vendor/laravel/framework/src/Illuminate/Foundation/Http/Middleware/TransformsRequest.php(21): Illuminate\\Pipeline\\Pipeline->Illuminate\\Pipeline\\{closure}()
#48 /home/rouqy-jewellery-api-faz/htdocs/api-faz.rouqy-jewellery.com/vendor/laravel/framework/src/Illuminate/Foundation/Http/Middleware/TrimStrings.php(51): Illuminate\\Foundation\\Http\\Middleware\\TransformsRequest->handle()
#49 /home/rouqy-jewellery-api-faz/htdocs/api-faz.rouqy-jewellery.com/vendor/laravel/framework/src/Illuminate/Pipeline/Pipeline.php(219): Illuminate\\Foundation\\Http\\Middleware\\TrimStrings->handle()
#50 /home/rouqy-jewellery-api-faz/htdocs/api-faz.rouqy-jewellery.com/vendor/laravel/framework/src/Illuminate/Http/Middleware/ValidatePostSize.php(27): Illuminate\\Pipeline\\Pipeline->Illuminate\\Pipeline\\{closure}()
#51 /home/rouqy-jewellery-api-faz/htdocs/api-faz.rouqy-jewellery.com/vendor/laravel/framework/src/Illuminate/Pipeline/Pipeline.php(219): Illuminate\\Http\\Middleware\\ValidatePostSize->handle()
#52 /home/rouqy-jewellery-api-faz/htdocs/api-faz.rouqy-jewellery.com/vendor/laravel/framework/src/Illuminate/Foundation/Http/Middleware/PreventRequestsDuringMaintenance.php(109): Illuminate\\Pipeline\\Pipeline->Illuminate\\Pipeline\\{closure}()
#53 /home/rouqy-jewellery-api-faz/htdocs/api-faz.rouqy-jewellery.com/vendor/laravel/framework/src/Illuminate/Pipeline/Pipeline.php(219): Illuminate\\Foundation\\Http\\Middleware\\PreventRequestsDuringMaintenance->handle()
#54 /home/rouqy-jewellery-api-faz/htdocs/api-faz.rouqy-jewellery.com/vendor/laravel/framework/src/Illuminate/Http/Middleware/HandleCors.php(74): Illuminate\\Pipeline\\Pipeline->Illuminate\\Pipeline\\{closure}()
#55 /home/rouqy-jewellery-api-faz/htdocs/api-faz.rouqy-jewellery.com/vendor/laravel/framework/src/Illuminate/Pipeline/Pipeline.php(219): Illuminate\\Http\\Middleware\\HandleCors->handle()
#56 /home/rouqy-jewellery-api-faz/htdocs/api-faz.rouqy-jewellery.com/vendor/laravel/framework/src/Illuminate/Http/Middleware/TrustProxies.php(58): Illuminate\\Pipeline\\Pipeline->Illuminate\\Pipeline\\{closure}()
#57 /home/rouqy-jewellery-api-faz/htdocs/api-faz.rouqy-jewellery.com/vendor/laravel/framework/src/Illuminate/Pipeline/Pipeline.php(219): Illuminate\\Http\\Middleware\\TrustProxies->handle()
#58 /home/rouqy-jewellery-api-faz/htdocs/api-faz.rouqy-jewellery.com/vendor/laravel/framework/src/Illuminate/Foundation/Http/Middleware/InvokeDeferredCallbacks.php(22): Illuminate\\Pipeline\\Pipeline->Illuminate\\Pipeline\\{closure}()
#59 /home/rouqy-jewellery-api-faz/htdocs/api-faz.rouqy-jewellery.com/vendor/laravel/framework/src/Illuminate/Pipeline/Pipeline.php(219): Illuminate\\Foundation\\Http\\Middleware\\InvokeDeferredCallbacks->handle()
#60 /home/rouqy-jewellery-api-faz/htdocs/api-faz.rouqy-jewellery.com/vendor/laravel/framework/src/Illuminate/Http/Middleware/ValidatePathEncoding.php(26): Illuminate\\Pipeline\\Pipeline->Illuminate\\Pipeline\\{closure}()
#61 /home/rouqy-jewellery-api-faz/htdocs/api-faz.rouqy-jewellery.com/vendor/laravel/framework/src/Illuminate/Pipeline/Pipeline.php(219): Illuminate\\Http\\Middleware\\ValidatePathEncoding->handle()
#62 /home/rouqy-jewellery-api-faz/htdocs/api-faz.rouqy-jewellery.com/vendor/laravel/framework/src/Illuminate/Pipeline/Pipeline.php(137): Illuminate\\Pipeline\\Pipeline->Illuminate\\Pipeline\\{closure}()
#63 /home/rouqy-jewellery-api-faz/htdocs/api-faz.rouqy-jewellery.com/vendor/laravel/framework/src/Illuminate/Foundation/Http/Kernel.php(175): Illuminate\\Pipeline\\Pipeline->then()
#64 /home/rouqy-jewellery-api-faz/htdocs/api-faz.rouqy-jewellery.com/vendor/laravel/framework/src/Illuminate/Foundation/Http/Kernel.php(144): Illuminate\\Foundation\\Http\\Kernel->sendRequestThroughRouter()
#65 /home/rouqy-jewellery-api-faz/htdocs/api-faz.rouqy-jewellery.com/vendor/laravel/framework/src/Illuminate/Foundation/Application.php(1220): Illuminate\\Foundation\\Http\\Kernel->handle()
#66 /home/rouqy-jewellery-api-faz/htdocs/api-faz.rouqy-jewellery.com/public/index.php(20): Illuminate\\Foundation\\Application->handleRequest()
#67 {main}
"} 
[2026-07-25 09:55:22] local.ERROR: SQLSTATE[HY000]: General error: 1364 Field 'owner_name' doesn't have a default value (Connection: mysql, Host: 127.0.0.1, Port: 3306, Database: zatca-saas-app, SQL: insert into `companies` (`trade_name_ar`, `trade_name_en`, `vat_number`, `status`, `updated_at`, `created_at`) values (Cheryl Stanley, Tad Vazquez, 993333333333333, active, 2026-07-25 09:55:22, 2026-07-25 09:55:22)) {"userId":3,"exception":"[object] (Illuminate\\Database\\QueryException(code: HY000): SQLSTATE[HY000]: General error: 1364 Field 'owner_name' doesn't have a default value (Connection: mysql, Host: 127.0.0.1, Port: 3306, Database: zatca-saas-app, SQL: insert into `companies` (`trade_name_ar`, `trade_name_en`, `vat_number`, `status`, `updated_at`, `created_at`) values (Cheryl Stanley, Tad Vazquez, 993333333333333, active, 2026-07-25 09:55:22, 2026-07-25 09:55:22)) at /home/rouqy-jewellery-api-faz/htdocs/api-faz.rouqy-jewellery.com/vendor/laravel/framework/src/Illuminate/Database/Connection.php:838)
[stacktrace]
#0 /home/rouqy-jewellery-api-faz/htdocs/api-faz.rouqy-jewellery.com/vendor/laravel/framework/src/Illuminate/Database/Connection.php(794): Illuminate\\Database\\Connection->runQueryCallback()
#1 /home/rouqy-jewellery-api-faz/htdocs/api-faz.rouqy-jewellery.com/vendor/laravel/framework/src/Illuminate/Database/MySqlConnection.php(42): Illuminate\\Database\\Connection->run()
#2 /home/rouqy-jewellery-api-faz/htdocs/api-faz.rouqy-jewellery.com/vendor/laravel/framework/src/Illuminate/Database/Query/Processors/MySqlProcessor.php(35): Illuminate\\Database\\MySqlConnection->insert()
#3 /home/rouqy-jewellery-api-faz/htdocs/api-faz.rouqy-jewellery.com/vendor/laravel/framework/src/Illuminate/Database/Query/Builder.php(4170): Illuminate\\Database\\Query\\Processors\\MySqlProcessor->processInsertGetId()
#4 /home/rouqy-jewellery-api-faz/htdocs/api-faz.rouqy-jewellery.com/vendor/laravel/framework/src/Illuminate/Database/Eloquent/Builder.php(2237): Illuminate\\Database\\Query\\Builder->insertGetId()
#5 /home/rouqy-jewellery-api-faz/htdocs/api-faz.rouqy-jewellery.com/vendor/laravel/framework/src/Illuminate/Database/Eloquent/Model.php(1436): Illuminate\\Database\\Eloquent\\Builder->__call()
#6 /home/rouqy-jewellery-api-faz/htdocs/api-faz.rouqy-jewellery.com/vendor/laravel/framework/src/Illuminate/Database/Eloquent/Model.php(1401): Illuminate\\Database\\Eloquent\\Model->insertAndSetId()
#7 /home/rouqy-jewellery-api-faz/htdocs/api-faz.rouqy-jewellery.com/vendor/laravel/framework/src/Illuminate/Database/Eloquent/Model.php(1240): Illuminate\\Database\\Eloquent\\Model->performInsert()
#8 /home/rouqy-jewellery-api-faz/htdocs/api-faz.rouqy-jewellery.com/vendor/laravel/framework/src/Illuminate/Database/Eloquent/Builder.php(1219): Illuminate\\Database\\Eloquent\\Model->save()
#9 /home/rouqy-jewellery-api-faz/htdocs/api-faz.rouqy-jewellery.com/vendor/laravel/framework/src/Illuminate/Support/helpers.php(393): Illuminate\\Database\\Eloquent\\Builder->Illuminate\\Database\\Eloquent\\{closure}()
#10 /home/rouqy-jewellery-api-faz/htdocs/api-faz.rouqy-jewellery.com/vendor/laravel/framework/src/Illuminate/Database/Eloquent/Builder.php(1218): tap()
#11 /home/rouqy-jewellery-api-faz/htdocs/api-faz.rouqy-jewellery.com/vendor/laravel/framework/src/Illuminate/Support/Traits/ForwardsCalls.php(23): Illuminate\\Database\\Eloquent\\Builder->create()
#12 /home/rouqy-jewellery-api-faz/htdocs/api-faz.rouqy-jewellery.com/vendor/laravel/framework/src/Illuminate/Database/Eloquent/Model.php(2544): Illuminate\\Database\\Eloquent\\Model->forwardCallTo()
#13 /home/rouqy-jewellery-api-faz/htdocs/api-faz.rouqy-jewellery.com/vendor/laravel/framework/src/Illuminate/Database/Eloquent/Model.php(2560): Illuminate\\Database\\Eloquent\\Model->__call()
#14 /home/rouqy-jewellery-api-faz/htdocs/api-faz.rouqy-jewellery.com/app/Services/Admin/PlatformAdminService.php(50): Illuminate\\Database\\Eloquent\\Model::__callStatic()
#15 /home/rouqy-jewellery-api-faz/htdocs/api-faz.rouqy-jewellery.com/vendor/laravel/framework/src/Illuminate/Database/Concerns/ManagesTransactions.php(35): App\\Services\\Admin\\PlatformAdminService->App\\Services\\Admin\\{closure}()
#16 /home/rouqy-jewellery-api-faz/htdocs/api-faz.rouqy-jewellery.com/vendor/laravel/framework/src/Illuminate/Database/DatabaseManager.php(491): Illuminate\\Database\\Connection->transaction()
#17 /home/rouqy-jewellery-api-faz/htdocs/api-faz.rouqy-jewellery.com/vendor/laravel/framework/src/Illuminate/Support/Facades/Facade.php(363): Illuminate\\Database\\DatabaseManager->__call()
#18 /home/rouqy-jewellery-api-faz/htdocs/api-faz.rouqy-jewellery.com/app/Services/Admin/PlatformAdminService.php(49): Illuminate\\Support\\Facades\\Facade::__callStatic()
#19 /home/rouqy-jewellery-api-faz/htdocs/api-faz.rouqy-jewellery.com/app/Http/Controllers/Api/V1/Admin/CompanyManagementController.php(38): App\\Services\\Admin\\PlatformAdminService->createCompany()
#20 /home/rouqy-jewellery-api-faz/htdocs/api-faz.rouqy-jewellery.com/vendor/laravel/framework/src/Illuminate/Routing/ControllerDispatcher.php(46): App\\Http\\Controllers\\Api\\V1\\Admin\\CompanyManagementController->store()
#21 /home/rouqy-jewellery-api-faz/htdocs/api-faz.rouqy-jewellery.com/vendor/laravel/framework/src/Illuminate/Routing/Route.php(265): Illuminate\\Routing\\ControllerDispatcher->dispatch()
#22 /home/rouqy-jewellery-api-faz/htdocs/api-faz.rouqy-jewellery.com/vendor/laravel/framework/src/Illuminate/Routing/Route.php(211): Illuminate\\Routing\\Route->runController()
#23 /home/rouqy-jewellery-api-faz/htdocs/api-faz.rouqy-jewellery.com/vendor/laravel/framework/src/Illuminate/Routing/Router.php(822): Illuminate\\Routing\\Route->run()
#24 /home/rouqy-jewellery-api-faz/htdocs/api-faz.rouqy-jewellery.com/vendor/laravel/framework/src/Illuminate/Pipeline/Pipeline.php(180): Illuminate\\Routing\\Router->Illuminate\\Routing\\{closure}()
#25 /home/rouqy-jewellery-api-faz/htdocs/api-faz.rouqy-jewellery.com/app/Http/Middleware/RoleCheck.php(25): Illuminate\\Pipeline\\Pipeline->Illuminate\\Pipeline\\{closure}()
#26 /home/rouqy-jewellery-api-faz/htdocs/api-faz.rouqy-jewellery.com/vendor/laravel/framework/src/Illuminate/Pipeline/Pipeline.php(219): App\\Http\\Middleware\\RoleCheck->handle()
#27 /home/rouqy-jewellery-api-faz/htdocs/api-faz.rouqy-jewellery.com/app/Http/Middleware/EnsureCompanyIsActive.php(30): Illuminate\\Pipeline\\Pipeline->Illuminate\\Pipeline\\{closure}()
#28 /home/rouqy-jewellery-api-faz/htdocs/api-faz.rouqy-jewellery.com/vendor/laravel/framework/src/Illuminate/Pipeline/Pipeline.php(219): App\\Http\\Middleware\\EnsureCompanyIsActive->handle()
#29 /home/rouqy-jewellery-api-faz/htdocs/api-faz.rouqy-jewellery.com/app/Http/Middleware/SetLocale.php(19): Illuminate\\Pipeline\\Pipeline->Illuminate\\Pipeline\\{closure}()
#30 /home/rouqy-jewellery-api-faz/htdocs/api-faz.rouqy-jewellery.com/vendor/laravel/framework/src/Illuminate/Pipeline/Pipeline.php(219): App\\Http\\Middleware\\SetLocale->handle()
#31 /home/rouqy-jewellery-api-faz/htdocs/api-faz.rouqy-jewellery.com/vendor/laravel/framework/src/Illuminate/Routing/Middleware/SubstituteBindings.php(50): Illuminate\\Pipeline\\Pipeline->Illuminate\\Pipeline\\{closure}()
#32 /home/rouqy-jewellery-api-faz/htdocs/api-faz.rouqy-jewellery.com/vendor/laravel/framework/src/Illuminate/Pipeline/Pipeline.php(219): Illuminate\\Routing\\Middleware\\SubstituteBindings->handle()
#33 /home/rouqy-jewellery-api-faz/htdocs/api-faz.rouqy-jewellery.com/vendor/laravel/framework/src/Illuminate/Auth/Middleware/Authenticate.php(63): Illuminate\\Pipeline\\Pipeline->Illuminate\\Pipeline\\{closure}()
#34 /home/rouqy-jewellery-api-faz/htdocs/api-faz.rouqy-jewellery.com/vendor/laravel/framework/src/Illuminate/Pipeline/Pipeline.php(219): Illuminate\\Auth\\Middleware\\Authenticate->handle()
#35 /home/rouqy-jewellery-api-faz/htdocs/api-faz.rouqy-jewellery.com/vendor/laravel/framework/src/Illuminate/Pipeline/Pipeline.php(137): Illuminate\\Pipeline\\Pipeline->Illuminate\\Pipeline\\{closure}()
#36 /home/rouqy-jewellery-api-faz/htdocs/api-faz.rouqy-jewellery.com/vendor/laravel/framework/src/Illuminate/Routing/Router.php(821): Illuminate\\Pipeline\\Pipeline->then()
#37 /home/rouqy-jewellery-api-faz/htdocs/api-faz.rouqy-jewellery.com/vendor/laravel/framework/src/Illuminate/Routing/Router.php(800): Illuminate\\Routing\\Router->runRouteWithinStack()
#38 /home/rouqy-jewellery-api-faz/htdocs/api-faz.rouqy-jewellery.com/vendor/laravel/framework/src/Illuminate/Routing/Router.php(764): Illuminate\\Routing\\Router->runRoute()
#39 /home/rouqy-jewellery-api-faz/htdocs/api-faz.rouqy-jewellery.com/vendor/laravel/framework/src/Illuminate/Routing/Router.php(753): Illuminate\\Routing\\Router->dispatchToRoute()
#40 /home/rouqy-jewellery-api-faz/htdocs/api-faz.rouqy-jewellery.com/vendor/laravel/framework/src/Illuminate/Foundation/Http/Kernel.php(200): Illuminate\\Routing\\Router->dispatch()
#41 /home/rouqy-jewellery-api-faz/htdocs/api-faz.rouqy-jewellery.com/vendor/laravel/framework/src/Illuminate/Pipeline/Pipeline.php(180): Illuminate\\Foundation\\Http\\Kernel->Illuminate\\Foundation\\Http\\{closure}()
#42 /home/rouqy-jewellery-api-faz/htdocs/api-faz.rouqy-jewellery.com/vendor/laravel/framework/src/Illuminate/Foundation/Http/Middleware/TransformsRequest.php(21): Illuminate\\Pipeline\\Pipeline->Illuminate\\Pipeline\\{closure}()
#43 /home/rouqy-jewellery-api-faz/htdocs/api-faz.rouqy-jewellery.com/vendor/laravel/framework/src/Illuminate/Foundation/Http/Middleware/ConvertEmptyStringsToNull.php(31): Illuminate\\Foundation\\Http\\Middleware\\TransformsRequest->handle()
#44 /home/rouqy-jewellery-api-faz/htdocs/api-faz.rouqy-jewellery.com/vendor/laravel/framework/src/Illuminate/Pipeline/Pipeline.php(219): Illuminate\\Foundation\\Http\\Middleware\\ConvertEmptyStringsToNull->handle()
#45 /home/rouqy-jewellery-api-faz/htdocs/api-faz.rouqy-jewellery.com/vendor/laravel/framework/src/Illuminate/Foundation/Http/Middleware/TransformsRequest.php(21): Illuminate\\Pipeline\\Pipeline->Illuminate\\Pipeline\\{closure}()
#46 /home/rouqy-jewellery-api-faz/htdocs/api-faz.rouqy-jewellery.com/vendor/laravel/framework/src/Illuminate/Foundation/Http/Middleware/TrimStrings.php(51): Illuminate\\Foundation\\Http\\Middleware\\TransformsRequest->handle()
#47 /home/rouqy-jewellery-api-faz/htdocs/api-faz.rouqy-jewellery.com/vendor/laravel/framework/src/Illuminate/Pipeline/Pipeline.php(219): Illuminate\\Foundation\\Http\\Middleware\\TrimStrings->handle()
#48 /home/rouqy-jewellery-api-faz/htdocs/api-faz.rouqy-jewellery.com/vendor/laravel/framework/src/Illuminate/Http/Middleware/ValidatePostSize.php(27): Illuminate\\Pipeline\\Pipeline->Illuminate\\Pipeline\\{closure}()
#49 /home/rouqy-jewellery-api-faz/htdocs/api-faz.rouqy-jewellery.com/vendor/laravel/framework/src/Illuminate/Pipeline/Pipeline.php(219): Illuminate\\Http\\Middleware\\ValidatePostSize->handle()
#50 /home/rouqy-jewellery-api-faz/htdocs/api-faz.rouqy-jewellery.com/vendor/laravel/framework/src/Illuminate/Foundation/Http/Middleware/PreventRequestsDuringMaintenance.php(109): Illuminate\\Pipeline\\Pipeline->Illuminate\\Pipeline\\{closure}()
#51 /home/rouqy-jewellery-api-faz/htdocs/api-faz.rouqy-jewellery.com/vendor/laravel/framework/src/Illuminate/Pipeline/Pipeline.php(219): Illuminate\\Foundation\\Http\\Middleware\\PreventRequestsDuringMaintenance->handle()
#52 /home/rouqy-jewellery-api-faz/htdocs/api-faz.rouqy-jewellery.com/vendor/laravel/framework/src/Illuminate/Http/Middleware/HandleCors.php(74): Illuminate\\Pipeline\\Pipeline->Illuminate\\Pipeline\\{closure}()
#53 /home/rouqy-jewellery-api-faz/htdocs/api-faz.rouqy-jewellery.com/vendor/laravel/framework/src/Illuminate/Pipeline/Pipeline.php(219): Illuminate\\Http\\Middleware\\HandleCors->handle()
#54 /home/rouqy-jewellery-api-faz/htdocs/api-faz.rouqy-jewellery.com/vendor/laravel/framework/src/Illuminate/Http/Middleware/TrustProxies.php(58): Illuminate\\Pipeline\\Pipeline->Illuminate\\Pipeline\\{closure}()
#55 /home/rouqy-jewellery-api-faz/htdocs/api-faz.rouqy-jewellery.com/vendor/laravel/framework/src/Illuminate/Pipeline/Pipeline.php(219): Illuminate\\Http\\Middleware\\TrustProxies->handle()
#56 /home/rouqy-jewellery-api-faz/htdocs/api-faz.rouqy-jewellery.com/vendor/laravel/framework/src/Illuminate/Foundation/Http/Middleware/InvokeDeferredCallbacks.php(22): Illuminate\\Pipeline\\Pipeline->Illuminate\\Pipeline\\{closure}()
#57 /home/rouqy-jewellery-api-faz/htdocs/api-faz.rouqy-jewellery.com/vendor/laravel/framework/src/Illuminate/Pipeline/Pipeline.php(219): Illuminate\\Foundation\\Http\\Middleware\\InvokeDeferredCallbacks->handle()
#58 /home/rouqy-jewellery-api-faz/htdocs/api-faz.rouqy-jewellery.com/vendor/laravel/framework/src/Illuminate/Http/Middleware/ValidatePathEncoding.php(26): Illuminate\\Pipeline\\Pipeline->Illuminate\\Pipeline\\{closure}()
#59 /home/rouqy-jewellery-api-faz/htdocs/api-faz.rouqy-jewellery.com/vendor/laravel/framework/src/Illuminate/Pipeline/Pipeline.php(219): Illuminate\\Http\\Middleware\\ValidatePathEncoding->handle()
#60 /home/rouqy-jewellery-api-faz/htdocs/api-faz.rouqy-jewellery.com/vendor/laravel/framework/src/Illuminate/Pipeline/Pipeline.php(137): Illuminate\\Pipeline\\Pipeline->Illuminate\\Pipeline\\{closure}()
#61 /home/rouqy-jewellery-api-faz/htdocs/api-faz.rouqy-jewellery.com/vendor/laravel/framework/src/Illuminate/Foundation/Http/Kernel.php(175): Illuminate\\Pipeline\\Pipeline->then()
#62 /home/rouqy-jewellery-api-faz/htdocs/api-faz.rouqy-jewellery.com/vendor/laravel/framework/src/Illuminate/Foundation/Http/Kernel.php(144): Illuminate\\Foundation\\Http\\Kernel->sendRequestThroughRouter()
#63 /home/rouqy-jewellery-api-faz/htdocs/api-faz.rouqy-jewellery.com/vendor/laravel/framework/src/Illuminate/Foundation/Application.php(1220): Illuminate\\Foundation\\Http\\Kernel->handle()
#64 /home/rouqy-jewellery-api-faz/htdocs/api-faz.rouqy-jewellery.com/public/index.php(20): Illuminate\\Foundation\\Application->handleRequest()
#65 {main}

[previous exception] [object] (PDOException(code: HY000): SQLSTATE[HY000]: General error: 1364 Field 'owner_name' doesn't have a default value at /home/rouqy-jewellery-api-faz/htdocs/api-faz.rouqy-jewellery.com/vendor/laravel/framework/src/Illuminate/Database/MySqlConnection.php:53)
[stacktrace]
#0 /home/rouqy-jewellery-api-faz/htdocs/api-faz.rouqy-jewellery.com/vendor/laravel/framework/src/Illuminate/Database/MySqlConnection.php(53): PDOStatement->execute()
#1 /home/rouqy-jewellery-api-faz/htdocs/api-faz.rouqy-jewellery.com/vendor/laravel/framework/src/Illuminate/Database/Connection.php(827): Illuminate\\Database\\MySqlConnection->Illuminate\\Database\\{closure}()
#2 /home/rouqy-jewellery-api-faz/htdocs/api-faz.rouqy-jewellery.com/vendor/laravel/framework/src/Illuminate/Database/Connection.php(794): Illuminate\\Database\\Connection->runQueryCallback()
#3 /home/rouqy-jewellery-api-faz/htdocs/api-faz.rouqy-jewellery.com/vendor/laravel/framework/src/Illuminate/Database/MySqlConnection.php(42): Illuminate\\Database\\Connection->run()
#4 /home/rouqy-jewellery-api-faz/htdocs/api-faz.rouqy-jewellery.com/vendor/laravel/framework/src/Illuminate/Database/Query/Processors/MySqlProcessor.php(35): Illuminate\\Database\\MySqlConnection->insert()
#5 /home/rouqy-jewellery-api-faz/htdocs/api-faz.rouqy-jewellery.com/vendor/laravel/framework/src/Illuminate/Database/Query/Builder.php(4170): Illuminate\\Database\\Query\\Processors\\MySqlProcessor->processInsertGetId()
#6 /home/rouqy-jewellery-api-faz/htdocs/api-faz.rouqy-jewellery.com/vendor/laravel/framework/src/Illuminate/Database/Eloquent/Builder.php(2237): Illuminate\\Database\\Query\\Builder->insertGetId()
#7 /home/rouqy-jewellery-api-faz/htdocs/api-faz.rouqy-jewellery.com/vendor/laravel/framework/src/Illuminate/Database/Eloquent/Model.php(1436): Illuminate\\Database\\Eloquent\\Builder->__call()
#8 /home/rouqy-jewellery-api-faz/htdocs/api-faz.rouqy-jewellery.com/vendor/laravel/framework/src/Illuminate/Database/Eloquent/Model.php(1401): Illuminate\\Database\\Eloquent\\Model->insertAndSetId()
#9 /home/rouqy-jewellery-api-faz/htdocs/api-faz.rouqy-jewellery.com/vendor/laravel/framework/src/Illuminate/Database/Eloquent/Model.php(1240): Illuminate\\Database\\Eloquent\\Model->performInsert()
#10 /home/rouqy-jewellery-api-faz/htdocs/api-faz.rouqy-jewellery.com/vendor/laravel/framework/src/Illuminate/Database/Eloquent/Builder.php(1219): Illuminate\\Database\\Eloquent\\Model->save()
#11 /home/rouqy-jewellery-api-faz/htdocs/api-faz.rouqy-jewellery.com/vendor/laravel/framework/src/Illuminate/Support/helpers.php(393): Illuminate\\Database\\Eloquent\\Builder->Illuminate\\Database\\Eloquent\\{closure}()
#12 /home/rouqy-jewellery-api-faz/htdocs/api-faz.rouqy-jewellery.com/vendor/laravel/framework/src/Illuminate/Database/Eloquent/Builder.php(1218): tap()
#13 /home/rouqy-jewellery-api-faz/htdocs/api-faz.rouqy-jewellery.com/vendor/laravel/framework/src/Illuminate/Support/Traits/ForwardsCalls.php(23): Illuminate\\Database\\Eloquent\\Builder->create()
#14 /home/rouqy-jewellery-api-faz/htdocs/api-faz.rouqy-jewellery.com/vendor/laravel/framework/src/Illuminate/Database/Eloquent/Model.php(2544): Illuminate\\Database\\Eloquent\\Model->forwardCallTo()
#15 /home/rouqy-jewellery-api-faz/htdocs/api-faz.rouqy-jewellery.com/vendor/laravel/framework/src/Illuminate/Database/Eloquent/Model.php(2560): Illuminate\\Database\\Eloquent\\Model->__call()
#16 /home/rouqy-jewellery-api-faz/htdocs/api-faz.rouqy-jewellery.com/app/Services/Admin/PlatformAdminService.php(50): Illuminate\\Database\\Eloquent\\Model::__callStatic()
#17 /home/rouqy-jewellery-api-faz/htdocs/api-faz.rouqy-jewellery.com/vendor/laravel/framework/src/Illuminate/Database/Concerns/ManagesTransactions.php(35): App\\Services\\Admin\\PlatformAdminService->App\\Services\\Admin\\{closure}()
#18 /home/rouqy-jewellery-api-faz/htdocs/api-faz.rouqy-jewellery.com/vendor/laravel/framework/src/Illuminate/Database/DatabaseManager.php(491): Illuminate\\Database\\Connection->transaction()
#19 /home/rouqy-jewellery-api-faz/htdocs/api-faz.rouqy-jewellery.com/vendor/laravel/framework/src/Illuminate/Support/Facades/Facade.php(363): Illuminate\\Database\\DatabaseManager->__call()
#20 /home/rouqy-jewellery-api-faz/htdocs/api-faz.rouqy-jewellery.com/app/Services/Admin/PlatformAdminService.php(49): Illuminate\\Support\\Facades\\Facade::__callStatic()
#21 /home/rouqy-jewellery-api-faz/htdocs/api-faz.rouqy-jewellery.com/app/Http/Controllers/Api/V1/Admin/CompanyManagementController.php(38): App\\Services\\Admin\\PlatformAdminService->createCompany()
#22 /home/rouqy-jewellery-api-faz/htdocs/api-faz.rouqy-jewellery.com/vendor/laravel/framework/src/Illuminate/Routing/ControllerDispatcher.php(46): App\\Http\\Controllers\\Api\\V1\\Admin\\CompanyManagementController->store()
#23 /home/rouqy-jewellery-api-faz/htdocs/api-faz.rouqy-jewellery.com/vendor/laravel/framework/src/Illuminate/Routing/Route.php(265): Illuminate\\Routing\\ControllerDispatcher->dispatch()
#24 /home/rouqy-jewellery-api-faz/htdocs/api-faz.rouqy-jewellery.com/vendor/laravel/framework/src/Illuminate/Routing/Route.php(211): Illuminate\\Routing\\Route->runController()
#25 /home/rouqy-jewellery-api-faz/htdocs/api-faz.rouqy-jewellery.com/vendor/laravel/framework/src/Illuminate/Routing/Router.php(822): Illuminate\\Routing\\Route->run()
#26 /home/rouqy-jewellery-api-faz/htdocs/api-faz.rouqy-jewellery.com/vendor/laravel/framework/src/Illuminate/Pipeline/Pipeline.php(180): Illuminate\\Routing\\Router->Illuminate\\Routing\\{closure}()
#27 /home/rouqy-jewellery-api-faz/htdocs/api-faz.rouqy-jewellery.com/app/Http/Middleware/RoleCheck.php(25): Illuminate\\Pipeline\\Pipeline->Illuminate\\Pipeline\\{closure}()
#28 /home/rouqy-jewellery-api-faz/htdocs/api-faz.rouqy-jewellery.com/vendor/laravel/framework/src/Illuminate/Pipeline/Pipeline.php(219): App\\Http\\Middleware\\RoleCheck->handle()
#29 /home/rouqy-jewellery-api-faz/htdocs/api-faz.rouqy-jewellery.com/app/Http/Middleware/EnsureCompanyIsActive.php(30): Illuminate\\Pipeline\\Pipeline->Illuminate\\Pipeline\\{closure}()
#30 /home/rouqy-jewellery-api-faz/htdocs/api-faz.rouqy-jewellery.com/vendor/laravel/framework/src/Illuminate/Pipeline/Pipeline.php(219): App\\Http\\Middleware\\EnsureCompanyIsActive->handle()
#31 /home/rouqy-jewellery-api-faz/htdocs/api-faz.rouqy-jewellery.com/app/Http/Middleware/SetLocale.php(19): Illuminate\\Pipeline\\Pipeline->Illuminate\\Pipeline\\{closure}()
#32 /home/rouqy-jewellery-api-faz/htdocs/api-faz.rouqy-jewellery.com/vendor/laravel/framework/src/Illuminate/Pipeline/Pipeline.php(219): App\\Http\\Middleware\\SetLocale->handle()
#33 /home/rouqy-jewellery-api-faz/htdocs/api-faz.rouqy-jewellery.com/vendor/laravel/framework/src/Illuminate/Routing/Middleware/SubstituteBindings.php(50): Illuminate\\Pipeline\\Pipeline->Illuminate\\Pipeline\\{closure}()
#34 /home/rouqy-jewellery-api-faz/htdocs/api-faz.rouqy-jewellery.com/vendor/laravel/framework/src/Illuminate/Pipeline/Pipeline.php(219): Illuminate\\Routing\\Middleware\\SubstituteBindings->handle()
#35 /home/rouqy-jewellery-api-faz/htdocs/api-faz.rouqy-jewellery.com/vendor/laravel/framework/src/Illuminate/Auth/Middleware/Authenticate.php(63): Illuminate\\Pipeline\\Pipeline->Illuminate\\Pipeline\\{closure}()
#36 /home/rouqy-jewellery-api-faz/htdocs/api-faz.rouqy-jewellery.com/vendor/laravel/framework/src/Illuminate/Pipeline/Pipeline.php(219): Illuminate\\Auth\\Middleware\\Authenticate->handle()
#37 /home/rouqy-jewellery-api-faz/htdocs/api-faz.rouqy-jewellery.com/vendor/laravel/framework/src/Illuminate/Pipeline/Pipeline.php(137): Illuminate\\Pipeline\\Pipeline->Illuminate\\Pipeline\\{closure}()
#38 /home/rouqy-jewellery-api-faz/htdocs/api-faz.rouqy-jewellery.com/vendor/laravel/framework/src/Illuminate/Routing/Router.php(821): Illuminate\\Pipeline\\Pipeline->then()
#39 /home/rouqy-jewellery-api-faz/htdocs/api-faz.rouqy-jewellery.com/vendor/laravel/framework/src/Illuminate/Routing/Router.php(800): Illuminate\\Routing\\Router->runRouteWithinStack()
#40 /home/rouqy-jewellery-api-faz/htdocs/api-faz.rouqy-jewellery.com/vendor/laravel/framework/src/Illuminate/Routing/Router.php(764): Illuminate\\Routing\\Router->runRoute()
#41 /home/rouqy-jewellery-api-faz/htdocs/api-faz.rouqy-jewellery.com/vendor/laravel/framework/src/Illuminate/Routing/Router.php(753): Illuminate\\Routing\\Router->dispatchToRoute()
#42 /home/rouqy-jewellery-api-faz/htdocs/api-faz.rouqy-jewellery.com/vendor/laravel/framework/src/Illuminate/Foundation/Http/Kernel.php(200): Illuminate\\Routing\\Router->dispatch()
#43 /home/rouqy-jewellery-api-faz/htdocs/api-faz.rouqy-jewellery.com/vendor/laravel/framework/src/Illuminate/Pipeline/Pipeline.php(180): Illuminate\\Foundation\\Http\\Kernel->Illuminate\\Foundation\\Http\\{closure}()
#44 /home/rouqy-jewellery-api-faz/htdocs/api-faz.rouqy-jewellery.com/vendor/laravel/framework/src/Illuminate/Foundation/Http/Middleware/TransformsRequest.php(21): Illuminate\\Pipeline\\Pipeline->Illuminate\\Pipeline\\{closure}()
#45 /home/rouqy-jewellery-api-faz/htdocs/api-faz.rouqy-jewellery.com/vendor/laravel/framework/src/Illuminate/Foundation/Http/Middleware/ConvertEmptyStringsToNull.php(31): Illuminate\\Foundation\\Http\\Middleware\\TransformsRequest->handle()
#46 /home/rouqy-jewellery-api-faz/htdocs/api-faz.rouqy-jewellery.com/vendor/laravel/framework/src/Illuminate/Pipeline/Pipeline.php(219): Illuminate\\Foundation\\Http\\Middleware\\ConvertEmptyStringsToNull->handle()
#47 /home/rouqy-jewellery-api-faz/htdocs/api-faz.rouqy-jewellery.com/vendor/laravel/framework/src/Illuminate/Foundation/Http/Middleware/TransformsRequest.php(21): Illuminate\\Pipeline\\Pipeline->Illuminate\\Pipeline\\{closure}()
#48 /home/rouqy-jewellery-api-faz/htdocs/api-faz.rouqy-jewellery.com/vendor/laravel/framework/src/Illuminate/Foundation/Http/Middleware/TrimStrings.php(51): Illuminate\\Foundation\\Http\\Middleware\\TransformsRequest->handle()
#49 /home/rouqy-jewellery-api-faz/htdocs/api-faz.rouqy-jewellery.com/vendor/laravel/framework/src/Illuminate/Pipeline/Pipeline.php(219): Illuminate\\Foundation\\Http\\Middleware\\TrimStrings->handle()
#50 /home/rouqy-jewellery-api-faz/htdocs/api-faz.rouqy-jewellery.com/vendor/laravel/framework/src/Illuminate/Http/Middleware/ValidatePostSize.php(27): Illuminate\\Pipeline\\Pipeline->Illuminate\\Pipeline\\{closure}()
#51 /home/rouqy-jewellery-api-faz/htdocs/api-faz.rouqy-jewellery.com/vendor/laravel/framework/src/Illuminate/Pipeline/Pipeline.php(219): Illuminate\\Http\\Middleware\\ValidatePostSize->handle()
#52 /home/rouqy-jewellery-api-faz/htdocs/api-faz.rouqy-jewellery.com/vendor/laravel/framework/src/Illuminate/Foundation/Http/Middleware/PreventRequestsDuringMaintenance.php(109): Illuminate\\Pipeline\\Pipeline->Illuminate\\Pipeline\\{closure}()
#53 /home/rouqy-jewellery-api-faz/htdocs/api-faz.rouqy-jewellery.com/vendor/laravel/framework/src/Illuminate/Pipeline/Pipeline.php(219): Illuminate\\Foundation\\Http\\Middleware\\PreventRequestsDuringMaintenance->handle()
#54 /home/rouqy-jewellery-api-faz/htdocs/api-faz.rouqy-jewellery.com/vendor/laravel/framework/src/Illuminate/Http/Middleware/HandleCors.php(74): Illuminate\\Pipeline\\Pipeline->Illuminate\\Pipeline\\{closure}()
#55 /home/rouqy-jewellery-api-faz/htdocs/api-faz.rouqy-jewellery.com/vendor/laravel/framework/src/Illuminate/Pipeline/Pipeline.php(219): Illuminate\\Http\\Middleware\\HandleCors->handle()
#56 /home/rouqy-jewellery-api-faz/htdocs/api-faz.rouqy-jewellery.com/vendor/laravel/framework/src/Illuminate/Http/Middleware/TrustProxies.php(58): Illuminate\\Pipeline\\Pipeline->Illuminate\\Pipeline\\{closure}()
#57 /home/rouqy-jewellery-api-faz/htdocs/api-faz.rouqy-jewellery.com/vendor/laravel/framework/src/Illuminate/Pipeline/Pipeline.php(219): Illuminate\\Http\\Middleware\\TrustProxies->handle()
#58 /home/rouqy-jewellery-api-faz/htdocs/api-faz.rouqy-jewellery.com/vendor/laravel/framework/src/Illuminate/Foundation/Http/Middleware/InvokeDeferredCallbacks.php(22): Illuminate\\Pipeline\\Pipeline->Illuminate\\Pipeline\\{closure}()
#59 /home/rouqy-jewellery-api-faz/htdocs/api-faz.rouqy-jewellery.com/vendor/laravel/framework/src/Illuminate/Pipeline/Pipeline.php(219): Illuminate\\Foundation\\Http\\Middleware\\InvokeDeferredCallbacks->handle()
#60 /home/rouqy-jewellery-api-faz/htdocs/api-faz.rouqy-jewellery.com/vendor/laravel/framework/src/Illuminate/Http/Middleware/ValidatePathEncoding.php(26): Illuminate\\Pipeline\\Pipeline->Illuminate\\Pipeline\\{closure}()
#61 /home/rouqy-jewellery-api-faz/htdocs/api-faz.rouqy-jewellery.com/vendor/laravel/framework/src/Illuminate/Pipeline/Pipeline.php(219): Illuminate\\Http\\Middleware\\ValidatePathEncoding->handle()
#62 /home/rouqy-jewellery-api-faz/htdocs/api-faz.rouqy-jewellery.com/vendor/laravel/framework/src/Illuminate/Pipeline/Pipeline.php(137): Illuminate\\Pipeline\\Pipeline->Illuminate\\Pipeline\\{closure}()
#63 /home/rouqy-jewellery-api-faz/htdocs/api-faz.rouqy-jewellery.com/vendor/laravel/framework/src/Illuminate/Foundation/Http/Kernel.php(175): Illuminate\\Pipeline\\Pipeline->then()
#64 /home/rouqy-jewellery-api-faz/htdocs/api-faz.rouqy-jewellery.com/vendor/laravel/framework/src/Illuminate/Foundation/Http/Kernel.php(144): Illuminate\\Foundation\\Http\\Kernel->sendRequestThroughRouter()
#65 /home/rouqy-jewellery-api-faz/htdocs/api-faz.rouqy-jewellery.com/vendor/laravel/framework/src/Illuminate/Foundation/Application.php(1220): Illuminate\\Foundation\\Http\\Kernel->handle()
#66 /home/rouqy-jewellery-api-faz/htdocs/api-faz.rouqy-jewellery.com/public/index.php(20): Illuminate\\Foundation\\Application->handleRequest()
#67 {main}
"} 
